drain_id,width_m,depth_m,length_m,slope_m_m,mannings_n
1,0.51,0.51,370.817,0.0011326341564707118,0.015
2,0.32,0.32,131.78,0.0114281378054333,0.015
3,0.41,0.41,290.892,0.003678341102539775,0.015
4,0.7,0.7,527.353,0.004478973287342635,0.015
5,0.51,0.51,99.209,0.010825630739146648,0.015
6,0.25,0.25,140.518,0.00925148379567031,0.015
7,0.32,0.32,66.845,0.0009125589049293133,0.015
8,0.28,0.28,63.667,0.010177957183470266,0.015
9,0.77,0.77,350.592,0.0025984620299379325,0.015
10,0.87,0.87,195.004,0.010481836270025224,0.015
11,0.66,0.66,273.437,0.00030354341219366866,0.015
12,0.91,0.91,60.905,0.011017157868812074,0.015
13,0.13,0.13,109.965,0.0026735779566225497,0.015
14,0.85,0.85,373.813,0.006829618017564935,0.015
15,0.79,0.79,207.474,0.0008097400156164196,0.015
16,0.65,0.65,279.044,0.011661243388139505,0.015
17,0.91,0.91,281.804,0.01007792650210785,0.015
18,0.84,0.84,186.373,0.0010194609734242594,0.015
19,0.4,0.4,130.981,0.015612951496781977,0.015
20,0.48,0.48,185.868,0.007962640153227023,0.015
21,0.61,0.61,187.913,0.010850766045989365,0.015
22,0.49,0.49,187.203,0.00928938104624391,0.015
23,0.33,0.33,130.687,0.0029306664014018156,0.015
24,0.71,0.71,45.6,0.0007894736842105173,0.03
25,0.4,0.4,111.076,0.0005221650041413072,0.015
26,0.59,0.59,115.149,0.0017195112419560623,0.015
27,0.33,0.33,185.591,0.008249322434816346,0.015
28,0.6,0.6,185.651,0.008989986587737198,0.015
29,0.68,0.68,208.253,0.001853514715274206,0.015
30,0.45,0.45,470.064,0.003869685830014638,0.015
31,0.49,0.49,183.41,0.000507060683714083,0.015
32,0.55,0.55,467.012,0.0005567308762943989,0.015
33,1.01,1.01,116.3,0.006130696474634559,0.015
34,1.16,1.16,1258.741,0.002203789341890032,0.015
35,0.75,0.75,1276.034,0.003308689266900411,0.015
36,0.62,0.62,659.309,0.010077217207712924,0.015
37,1.13,1.13,348.919,0.008196744803235139,0.015
38,1.18,1.18,310.482,0.004976133882157419,0.015
39,0.15,0.15,138.57,0.0012917658944937725,0.015
40,0.39,0.39,128.649,0.0007617626254381998,0.015
41,0.33,0.33,134.266,0.005973217344674003,0.015
42,0.3,0.3,123.665,0.030679658755508838,0.015
43,0.31,0.31,155.489,0.015891799419894666,0.015
44,0.51,0.51,83.674,0.001565599827903533,0.015
45,0.36,0.36,121.459,0.015519640372471352,0.015
46,0.26,0.26,103.018,0.024112291055931954,0.015
47,0.86,0.86,91.9,0.01366702937976061,0.03
48,0.84,0.84,165.147,0.005625291407049479,0.015
49,0.85,0.85,576.987,0.0018163320837384523,0.015
50,0.3,0.3,186.059,0.0054821320118887,0.015
51,0.61,0.61,141.356,0.006444721129630151,0.015
52,0.47,0.47,532.769,0.00576797824197729,0.015
53,0.59,0.59,115.149,0.0035953416877263344,0.015
54,1.09,1.09,132.462,0.02954054747776721,0.015
55,0.83,0.83,328.379,0.01169685028579781,0.015
56,1.12,1.12,29.0,0.0024482758620690175,0.015
57,0.58,0.58,98.573,0.013076603126616838,0.015
58,0.3,0.3,106.168,0.013393866325069706,0.015
59,0.46,0.46,208.789,0.01578627226530133,0.015
60,0.57,0.57,29.3,0.04423208191126277,0.015
61,0.58,0.58,98.573,0.014740344719142153,0.015
62,0.58,0.58,287.01,0.006881293334727012,0.015
63,0.78,0.78,766.346,0.004726324662750246,0.015
64,0.67,0.67,120.238,0.002869309203413221,0.015
65,0.57,0.57,93.427,0.013518576000513788,0.015
66,0.3,0.3,128.934,0.0009850000775590527,0.015
67,0.4,0.4,116.034,0.02088181050381786,0.015
68,0.4,0.4,116.034,0.0026113035834324184,0.015
69,0.41,0.41,253.36,0.0006867698137038186,0.015
70,0.59,0.59,261.518,0.0007647657140235063,0.015
71,0.49,0.49,455.056,0.0026458282057592927,0.015
72,0.38,0.38,402.334,0.005614738003748126,0.015
73,0.44,0.44,81.0,0.005666666666666662,0.015
74,1.5,1.5,24.2,0.02235537190082646,0.015
75,0.46,0.46,110.353,0.007738801844988365,0.015
76,0.86,0.86,569.865,0.004260658226071085,0.015
77,0.48,0.48,174.918,0.0049337403812071915,0.015
78,0.34,0.34,167.512,0.008280003820621799,0.015
79,0.46,0.46,110.353,0.0023198281877248486,0.015
80,0.46,0.46,110.353,0.004331554194267485,0.015
81,0.41,0.41,115.25,0.008806941431670271,0.015
82,0.42,0.42,115.226,0.009320813010952403,0.015
83,0.51,0.51,121.546,0.013278923206028984,0.015
84,0.33,0.33,100.299,0.014297251218855613,0.015
85,0.32,0.32,120.338,0.015822101081952516,0.015
86,0.66,0.66,160.126,0.011834430386070967,0.015
87,0.52,0.52,171.099,0.004009374689507244,0.015
88,0.48,0.48,117.667,0.003441916595137104,0.015
89,0.96,0.96,359.823,0.003957501327041349,0.015
90,1.02,1.02,465.632,0.003573637550683805,0.015
91,0.79,0.79,396.573,0.0015482647583168819,0.015
92,0.85,0.85,251.231,0.0026310447357213137,0.015
93,0.89,0.89,171.109,0.004330572909665767,0.015
94,0.92,0.92,557.373,0.0028329323451261553,0.015
95,0.9,0.9,622.685,0.0018484466463781846,0.015
96,0.66,0.66,226.741,0.00012789923304563317,0.015
97,0.36,0.36,150.859,0.00200849800144504,0.015
98,0.84,0.84,276.843,0.001260642313513436,0.015
99,0.65,0.65,136.415,0.0037752446578455494,0.015
100,0.44,0.44,69.294,0.0035067971252922122,0.015
101,0.61,0.61,182.645,0.004445782802704706,0.015
102,0.54,0.54,84.9,0.004770318021201427,0.015
103,0.34,0.34,139.276,0.0017088371291536452,0.015
104,0.51,0.51,484.992,0.006280515967273685,0.015
105,0.57,0.57,118.679,0.0014998441173248917,0.015
106,0.35,0.35,721.444,0.0005641463509295248,0.015
107,0.45,0.45,654.884,0.0016323501566689659,0.015
108,0.53,0.53,221.145,0.0038617196861787475,0.015
109,0.45,0.45,31.5,0.017111111111111157,0.015
110,0.49,0.49,25.9,0.0070270270270269735,0.015
111,0.27,0.27,72.275,0.0068211691456243305,0.015
112,0.13,0.13,72.403,0.0007458254492217455,0.015
113,0.65,0.65,73.628,0.00722551203346553,0.015
114,0.69,0.69,108.898,0.001772300685044701,0.015
115,0.66,0.66,44.65,0.01921612541993282,0.015
116,0.7,0.7,31.658,0.004422262935119103,0.015
117,0.7,0.7,42.288,0.004043700340522203,0.015
118,0.76,0.76,107.301,0.004259046979990874,0.015
119,0.69,0.69,81.0,0.0028271604938271506,0.015
120,0.46,0.46,171.612,0.020744470083677125,0.015
121,1.41,1.41,304.362,0.005680735440035224,0.015
122,0.65,0.65,130.631,0.003911782042547322,0.015
123,0.71,0.71,310.192,0.0040877907876412,0.015
124,1.11,1.11,194.102,0.021720538685845593,0.015
125,0.71,0.71,49.4,0.008076923076923096,0.015
126,0.77,0.77,358.712,0.016888200004460403,0.015
127,1.18,1.18,349.819,0.013635622993605262,0.015
128,0.7,0.7,322.451,0.010079050770504664,0.015
129,0.58,0.58,112.909,0.024045913080445312,0.015
130,0.98,0.98,390.27,0.005293770979065773,0.015
131,0.23,0.23,68.428,0.05445139416613081,0.015
132,0.19,0.19,81.348,0.012575601121109304,0.015
133,0.72,0.72,83.498,0.04049198783204388,0.015
134,0.65,0.65,412.755,0.0008358469309881136,0.015
135,1.36,1.36,14.6,0.006232876712328598,0.015
136,1.36,1.36,14.4,0.005555555555555437,0.015
137,0.65,0.65,19.5,0.007435897435897414,0.015
138,0.66,0.66,22.5,0.01124444444444445,0.015
139,0.81,0.81,14.9,0.014362416107382458,0.015
140,1.21,1.21,15.1,0.002185430463576242,0.015
141,0.51,0.51,91.309,0.015091611998817206,0.015
142,0.53,0.53,153.2,0.005541775456919062,0.015
143,0.49,0.49,89.331,0.01789972126137623,0.015
144,0.45,0.45,73.755,0.011809368856348753,0.015
145,0.72,0.72,63.625,0.01334381139489192,0.015
146,0.43,0.43,55.055,0.03467441649259829,0.015
147,0.38,0.38,54.447,0.03770639337337228,0.015
148,1.23,1.23,117.8,0.03132427843803054,0.015
149,0.98,0.98,45.9,0.0051851851851851755,0.015
150,0.38,0.38,125.709,0.0004932025551074116,0.015
151,0.9,0.9,171.003,0.0017251159336385804,0.015
152,0.57,0.57,93.427,0.017543108523232032,0.015
153,0.78,0.78,263.934,0.0023414944645252164,0.015
154,1.11,1.11,344.455,0.004621793848253034,0.015
155,0.76,0.76,224.852,0.007364844431003499,0.015
156,0.78,0.78,311.405,0.006322955636550466,0.015
157,0.65,0.65,130.631,0.02638730469796602,0.015
158,0.85,0.85,251.231,0.0037933216840278445,0.015
159,0.59,0.59,122.404,0.013561648312146663,0.015
160,0.98,0.98,390.27,0.00030747943731262317,0.015
161,0.29,0.29,21.5,0.013860465116279154,0.015
162,0.2,0.2,52.0,0.0009999999999999924,0.015
163,0.35,0.35,67.0,0.013686567164179075,0.015
164,0.78,0.78,214.0,0.0066401869158878475,0.015
165,0.3,0.3,129.0,0.027348837209302316,0.015
166,0.6,0.6,136.0,0.001683823529411785,0.015
167,1.0,1.0,348.0,0.0005229885057471326,0.015
168,0.45,0.45,108.0,0.008074074074074074,0.015
169,0.45,0.45,115.0,0.0012521739130434638,0.015
170,0.65,0.65,39.0,0.008641025641025634,0.015
171,0.49,0.49,228.0,0.012631578947368417,0.015
172,0.4,0.4,230.0,0.003452173913043465,0.015
173,0.4,0.4,216.0,0.011615740740740742,0.015
174,0.45,0.45,250.0,0.00042399999999999236,0.015
175,0.45,0.45,85.0,0.0034235294117647102,0.015
176,0.3,0.3,45.0,0.04015555555555553,0.015
177,0.9,0.9,49.0,0.05189795918367345,0.015
178,0.6,0.6,76.0,0.013921052631578945,0.015
179,0.3,0.3,272.0,0.003492647058823527,0.015
180,0.48,0.48,191.24,0.009333821376281113,0.015
181,0.65,0.65,88.0,0.0023409090909090853,0.015
182,0.51,0.51,12.5,0.02015999999999991,0.015
183,0.45,0.45,63.0,0.0092857142857143,0.015
184,0.9,0.9,282.0,0.0021099290780141867,0.015
185,0.9,0.9,100.0,0.005949999999999988,0.015
186,0.9,0.9,100.0,0.012840000000000025,0.015
187,0.93,0.93,135.0,0.002222222222222201,0.015
188,0.9,0.9,356.0,0.0005955056179775274,0.015
189,0.9,0.9,356.0,0.0011460674157303355,0.015
190,0.9,0.9,356.0,0.0002752808988764066,0.015
191,0.3,0.3,220.0,0.01935454545454545,0.015
192,0.3,0.3,200.0,0.0031099999999999995,0.015
193,0.9,0.9,198.0,0.006217171717171725,0.015
194,0.9,0.9,243.0,0.01267489711934157,0.015
195,1.02,1.02,84.9,0.0006007067137808996,0.015
196,0.45,0.45,250.0,0.0074039999999999965,0.015
197,0.9,0.9,115.0,0.027104347826086964,0.015
198,0.65,0.65,440.0,0.008520454545454546,0.015
199,0.4,0.4,200.0,0.006770000000000014,0.015
200,0.37,0.37,370.0,0.008699999999999994,0.015
201,0.3,0.3,245.0,0.012702040816326539,0.015
202,0.9,0.9,293.0,0.001255972696245741,0.015
203,0.93,0.93,537.0,0.0033054003724394794,0.015
204,0.35,0.35,346.0,0.005789017341040463,0.015
205,0.35,0.35,346.0,0.0038526011560693595,0.015
206,0.5,0.5,898.0,0.003522271714922049,0.015
207,0.44,0.44,302.0,0.013741721854304643,0.015
208,0.5,0.5,107.0,0.010841121495327087,0.015
209,0.5,0.5,163.0,0.014306748466257672,0.015
210,1.18,1.18,19.1,0.007434554973821961,0.015
211,0.5,0.5,283.0,0.0014805653710247366,0.015
212,0.93,0.93,216.589,0.03100803826602458,0.015
213,0.93,0.93,537.0,0.0030949720670391044,0.015
214,0.4,0.4,301.0,0.006657807308970104,0.015
215,0.9,0.9,293.0,0.0029283276450511966,0.015
216,0.75,0.75,140.0,0.0010642857142857207,0.015
217,0.45,0.45,303.0,0.00018151815181518058,0.015
218,0.5,0.5,132.0,0.0110530303030303,0.015
219,0.9,0.9,351.25,0.0010619217081850516,0.015
220,0.75,0.6,121.403,0.0021169163859212675,0.015
221,0.78,0.78,875.6,0.0007708999543170395,0.015
222,1.2,1.2,1329.45,0.0008936026176238292,0.015
223,0.9,0.9,722.39,0.005541328091474135,0.015
224,0.9,0.9,710.67,0.00437474495898237,0.015
225,0.9,0.9,303.97,0.005967694180346744,0.015
226,0.82,0.82,130.06,0.01026449331077964,0.015
227,1.4,1.2,3035.01,0.00014167992856695683,0.015
228,1.05,1.05,169.102,0.005298577190098283,0.015
229,1.6,1.2,1712.69,0.0001,0.015
230,0.9,0.9,247.6,0.004014539579967689,0.015
231,0.75,0.75,136.45,0.008274093074386219,0.015
232,0.99,0.99,857.23,0.0036291310383444355,0.015
233,0.37,0.37,69.6,0.007758620689655161,0.015
234,0.43,0.43,177.6,0.013237612612612608,0.015
235,0.43,0.43,542.3,0.009260556887331737,0.015
236,0.43,0.43,169.2,0.00813829787234042,0.015
237,0.47,0.47,62.0,0.014193548387096815,0.015
238,0.23,0.23,189.0,0.001497354497354485,0.015
239,0.35,0.35,127.4,0.0036891679748822515,0.015
240,0.26,0.26,147.8,0.0029296346414073057,0.015
241,0.6105,0.6105,40.878,0.003351435980233867,0.015
242,1.0804,1.0804,188.963,0.00013230103247725697,0.015
243,0.888,0.888,150.794,0.00469514702176479,0.015
244,0.5948,0.5948,138.903,0.003354859146310733,0.015
245,0.6657,0.6657,184.058,0.0005378739310434741,0.015
246,1.101,1.101,148.314,0.0011866715212319788,0.015
247,0.61,0.61,120.18,0.0047512065235480105,0.015
248,1.231,1.231,1468.944,0.0008169133745057673,0.015
249,0.72,0.72,50.451,0.0026362212840181564,0.015
250,0.955,0.955,117.316,0.0022588564219714266,0.015
251,1.1,1.1,184.342,0.0014646689305746938,0.015
252,0.664,0.664,281.363,0.0002558971861971903,0.015
253,0.5,0.5,755.807,0.0008666233575502739,0.015
254,0.91,0.91,153.998,0.0011558591670021686,0.015
255,0.996,0.996,252.251,0.0011615414805094923,0.015
256,1.77,1.77,204.777,0.00036136870839986946,0.015
257,1.623,1.623,112.315,0.0015670213239549495,0.015
258,1.068,1.068,93.796,0.0017697982856411778,0.015
259,0.67,0.67,70.647,0.003298087675343611,0.015
260,0.646,0.646,190.192,0.00013144611760746987,0.015
261,0.646,0.646,59.711,0.023161561521327728,0.015
262,0.69,0.69,237.793,0.0028470139995710555,0.015
263,0.5,0.5,100.0,0.011790000000000002,0.015
264,1.8,1.8,799.187,0.0029617598884866744,0.015
265,1.94,1.94,247.61,0.005355195670611043,0.015
266,1.03,1.03,215.297,0.0008453438738115252,0.015
267,0.91,0.91,403.409,0.0016335778329189489,0.015
268,1.28,1.28,175.115,0.0054421380235845015,0.015
269,1.31,1.31,14.57,0.0007549759780370708,0.015
270,1.25,1.25,157.211,0.006322712787273156,0.015
271,0.985,0.985,221.553,0.000713147644130299,0.015
272,1.19,1.19,282.106,0.0019815246751221163,0.015
273,1.24,1.24,130.556,0.0030025429700664837,0.015
274,0.64,0.64,41.408,0.0012557959814528605,0.015
275,0.44,0.44,244.119,0.0022652886502074815,0.015
276,1.032,1.032,341.351,0.0024461624544823363,0.015
277,1.075,1.075,534.313,0.0015852131615738349,0.015
278,0.957,0.957,174.865,0.008595202012981444,0.015
279,1.379,1.379,20.83,0.011185789726356244,0.015
280,0.59,0.59,17.118,0.016473887136347707,0.015
281,1.423,1.423,127.994,0.012508398831195212,0.015
282,1.251,1.251,63.373,0.006943019898063844,0.015
283,0.63,0.63,119.904,0.006446824125967442,0.015
284,0.841,0.841,17.683,0.03161228298365663,0.015
285,1.225,1.225,146.862,0.019671528373575196,0.015
286,0.493,0.493,157.406,0.0031002630141163615,0.015
287,0.641,0.641,41.408,0.0021251931993817638,0.015
288,1.054,1.054,572.603,0.0017760996711508668,0.015
289,0.373,0.373,195.591,0.0035379951020241204,0.015
290,0.5,0.5,180.211,0.00041062976177924675,0.015
291,0.562,0.562,224.972,0.002071368881460803,0.015
292,0.718,0.718,157.534,0.0023423514923762477,0.015
293,0.683,0.683,49.783,0.0021292409055299975,0.015
294,0.737,0.737,170.801,0.0007377005989426286,0.015
295,0.5383,0.5383,49.228,0.00924270740229138,0.015
296,0.618,0.618,208.286,0.0016131665114313964,0.015
297,0.53,0.53,173.893,0.0007188328454854422,0.015
298,0.55,0.55,170.801,0.0007786839655505531,0.015
299,0.62,0.62,176.3,0.0007146908678389102,0.015
300,1.174,1.174,173.913,0.0041400010350002596,0.015
301,0.633,0.633,176.3,0.0017810550198525243,0.015
302,0.685,0.685,118.491,0.0018398021790684523,0.015
303,0.899,0.899,101.134,0.007880633614808077,0.015
304,0.9,0.9,96.923,0.009141277096251664,0.015
305,1.156,1.156,330.693,0.002642934685644993,0.015
306,0.588,0.588,67.713,0.005109801662900774,0.015
307,0.512,0.512,69.951,0.0021729496361738952,0.015
308,0.699,0.699,347.744,0.0002041731848716302,0.015
309,0.734,0.734,89.229,0.0019724529020834,0.015
310,0.349,0.349,119.793,0.0017446762331688834,0.015
311,0.664,0.664,143.113,0.014037858195971017,0.015
312,1.13,1.13,70.849,0.002244209516012926,0.015
313,0.59,0.59,104.405,0.0027297543221110115,0.015
314,0.736,0.736,192.734,0.002500856102192658,0.015
315,0.797,0.797,108.005,0.006638581547150594,0.015
316,0.684,0.684,116.335,0.0023466712511282088,0.015
317,0.947,0.947,192.195,0.0011967012669424281,0.015
318,0.93,0.93,133.581,0.000778553836249168,0.015
319,1.06,1.06,68.983,0.09296493338938579,0.015
320,1.29,1.29,106.374,0.00814108710775189,0.015
321,1.32,1.32,235.451,0.0236100080271479,0.015
322,0.974,0.974,294.614,0.0016631931951638424,0.015
323,0.99,0.99,444.723,0.0001,0.015
324,1.036,1.036,213.03,0.0023470872647045017,0.015
325,0.573,0.573,355.435,0.0003854431893313827,0.015
326,0.627,0.627,167.318,0.017911999904373706,0.015
327,0.75,0.75,47.552,0.012975269179004038,0.015
328,1.352,1.352,193.406,0.0019389264035241925,0.015
329,0.739,0.739,786.716,0.00022625699744253317,0.015
330,0.78,0.78,260.957,0.0014906670447621632,0.015
331,0.859,0.859,259.178,0.0017246834222040455,0.015
332,0.513,0.513,108.125,0.017378034682080924,0.015
333,0.805,0.805,46.257,0.00023780184620706318,0.015
334,0.734,0.734,83.229,0.0005887370988477566,0.015
335,0.636,0.636,255.63,0.010229628760317648,0.015
336,0.997,0.997,125.196,0.002755679095178761,0.015
337,1.348,1.348,613.434,0.0036254919029594062,0.015
338,2.08,2.08,228.2,0.0035451358457493426,0.015
339,1.48,1.48,178.113,0.006490261800093199,0.015
340,0.729,0.729,87.359,0.009718517840176745,0.015
341,0.594,0.594,131.965,0.0006441101807297386,0.015
342,3.4827,3.4827,1610.8847,0.0001253969325054738,0.015
343,0.677,0.677,168.833,0.00435341432066006,0.015
344,0.441,0.441,68.545,0.00818440440586476,0.015
345,1.065,1.065,361.391,0.0044965148551015365,0.015
346,1.16,1.16,380.37,0.0009806241291374182,0.015
347,0.8,0.8,460.624,0.000757667859251797,0.015
348,1.53,1.53,60.0,0.0214,0.015
349,1.61,1.61,380.0,0.000302631578947369,0.015
350,2.14,2.14,300.0,0.0036733333333333344,0.03
351,1.04,1.04,380.0,0.0006657894736842085,0.015
352,1.37,1.37,100.0,0.012160000000000002,0.015
353,1.31,1.31,750.0,0.0001,0.015
354,1.33,1.33,60.0,0.008516666666666669,0.015
355,1.45,1.45,330.0,0.0019909090909090922,0.015
356,1.9,1.9,470.0,0.0002489361702127659,0.015
357,1.22,1.22,200.0,0.007069999999999998,0.015
358,1.46,1.46,150.0,0.027773333333333337,0.015
359,1.45,1.45,180.0,0.0076166666666666666,0.015
360,1.35,1.35,150.0,0.0005866666666666672,0.03
361,1.04,1.04,240.0,0.009487500000000001,0.015
362,1.33,1.33,300.0,0.00040000000000000034,0.015
363,1.39,1.39,400.0,0.00011499999999999954,0.015
364,1.78,1.78,400.0,0.0014425,0.015
365,1.55,1.55,300.0,0.008846666666666664,0.015
366,0.93,0.93,100.0,0.006889999999999996,0.015
367,1.54,1.54,250.0,0.0017040000000000007,0.015
368,1.34,1.34,365.0,0.0001,0.015
369,2.17,2.17,350.0,0.004948571428571429,0.015
370,1.24,1.24,150.0,0.00440666666666667,0.015
371,1.03,1.03,150.0,0.012986666666666669,0.015
372,1.5,1.5,150.0,0.0018466666666666646,0.015
373,1.45,1.45,120.0,0.008325000000000004,0.015
374,0.85,0.85,100.0,0.02038,0.015
375,1.83,1.83,140.0,0.000199999999999997,0.015
376,1.26,1.26,400.0,0.0005974999999999997,0.015
377,1.96,1.96,800.0,0.0005762499999999998,0.015
378,1.21,1.21,180.0,0.0011111111111111072,0.015
379,2.14,2.14,1480.0,0.00036554054054054047,0.015
380,1.04,1.04,470.0,0.00030851063829787236,0.015
381,1.09,1.09,180.0,0.0031111111111111114,0.015
382,1.08,1.08,180.0,0.0018111111111111114,0.015
383,1.31,1.31,500.0,0.00043999999999999953,0.015
384,1.29,1.29,475.0,0.0009894736842105257,0.015
385,1.31,1.31,275.0,0.0013745454545454516,0.015
386,1.6,1.6,150.0,0.004653333333333336,0.015
387,1.12,1.12,60.0,0.006349999999999996,0.015
388,1.5,1.5,150.0,0.0015333333333333332,0.03
389,1.27,1.27,1000.0,0.0002549999999999999,0.015
390,0.8,0.8,800.0,0.00029749999999999997,0.015
391,1.17,1.17,50.0,0.0009199999999999963,0.015
392,1.5,1.5,150.0,0.0035666666666666676,0.03
393,1.36,1.36,1000.0,0.0006590000000000003,0.015
394,1.12,1.12,180.0,0.0005333333333333338,0.015
395,1.01,1.01,170.0,0.000452941176470588,0.015
396,1.09,1.09,170.0,0.003723529411764706,0.015
397,1.22,1.22,170.0,0.008370588235294118,0.015
398,1.54,1.54,170.0,0.00435294117647059,0.015
399,1.1,1.1,170.0,0.0004235294117647063,0.015
400,1.84,1.84,150.0,0.0008333333333333334,0.015
401,1.2,1.2,100.0,0.0015300000000000003,0.015
402,1.55,1.55,150.0,0.008413333333333333,0.015
403,1.0,1.0,45.0,0.00019999999999998784,0.015
404,1.39,1.39,400.0,0.0014049999999999996,0.015
405,1.78,1.78,400.0,0.0015249999999999986,0.015
406,1.55,1.55,300.0,0.001956666666666666,0.015
407,1.55,1.55,350.0,0.00010000000000000041,0.015
408,2.17,2.17,400.0,0.0009000000000000008,0.015
409,2.16,2.16,470.0,0.00587872340425532,0.015
410,2.7,2.7,365.0,0.01015890410958904,0.015
411,1.73,1.73,250.0,0.0038119999999999994,0.015
412,1.38,1.38,470.0,0.0004021276595744682,0.015
413,1.07,1.07,350.0,0.005728571428571429,0.015
414,1.42,1.42,225.0,0.0004488888888888888,0.015
415,3.16,3.16,1200.0,0.0002650000000000004,0.015
416,1.83,1.83,140.0,0.00217857142857143,0.015
417,1.35,1.35,150.0,0.002733333333333334,0.015
418,1.04,1.04,470.0,0.00010000000000000033,0.015
419,1.75,1.75,475.0,0.005511578947368421,0.03
420,1.4,1.4,350.0,0.00016000000000000015,0.015
421,1.42,1.42,170.0,0.00037058823529411864,0.015
422,1.03,1.03,170.0,0.009394117647058825,0.015
423,1.27,1.27,980.0,0.003091836734693877,0.015
424,2.14,2.14,1480.0,0.0001628378378378379,0.015
425,1.26,1.26,150.0,0.010333333333333335,0.015
426,1.33,1.33,400.0,0.00028000000000000025,0.015
427,1.33,1.33,400.0,0.0001100000000000001,0.015
428,1.37,1.37,400.0,0.0003975000000000006,0.015
429,1.21,1.21,1000.0,0.0005920000000000001,0.015
430,1.12,1.12,60.0,0.026933333333333326,0.015
431,1.11,1.11,540.0,0.0001,0.015
432,1.41,1.41,470.0,0.0005276595744680856,0.015
433,1.49,1.4,225.606,0.002344795794438091,0.015
434,1.1,1.1,172.378,0.0009339938971330425,0.015
435,1.58,1.5,588.155,0.0020045736242997173,0.015
436,1.3,1.3,547.885,0.0001295892386175926,0.015
437,1.6,1.6,752.879,0.0021716637069170474,0.015
438,1.2,1.2,211.789,0.000533549901080799,0.015
439,1.1,1.1,173.442,0.0016086069118206657,0.015
440,1.4,1.4,188.395,0.00998434141033467,0.015
441,1.4,1.4,7188.516,0.0001,0.015
442,2.04,2.04,265.048,0.003938909178714801,0.015
443,0.3,0.3,81.388,0.006831473927360288,0.015
444,1.4,1.4,67.302,0.002005883926183468,0.015
445,1.0,1.0,226.67,0.0035028896633872977,0.015
446,1.36,1.3,186.0,0.0034569892473118222,0.015
447,0.4,0.4,77.235,0.004428044280442811,0.015
448,0.3,0.3,105.854,0.0020216524647155556,0.015
449,1.51,1.5,251.464,0.002759838386409184,0.015
450,1.39,1.3,91.488,0.018013291360615597,0.015
451,0.4,0.4,104.182,0.008974678927261911,0.015
452,1.19,1.19,51.65,0.0023620522749273937,0.015
453,0.6,0.6,111.235,0.003730840113273708,0.015
454,1.4,1.4,153.716,0.0033178068646074563,0.015
455,1.0,1.0,191.379,0.0007628841199922708,0.015
456,1.5,1.5,146.86,0.0014435516818738917,0.015
457,1.4,1.4,186.874,0.0035317914744694293,0.015
458,3.2,3.2,1630.552,0.0013461698860263265,0.015
459,2.3,2.3,923.353,0.00011913103655915041,0.015
460,1.6,1.6,165.484,0.010073481424186022,0.015
461,1.2,1.2,332.842,0.0029924108135391584,0.015
462,1.0,1.0,204.722,0.0030968826017721608,0.015
463,0.3,0.3,133.658,0.012756438073291536,0.015
464,0.4,0.4,260.987,0.0011992934513979645,0.015
465,0.48,0.5,41.502,0.0035901884246542126,0.015
466,1.0,1.0,426.925,0.0006230602564853312,0.015
467,1.19,1.2,133.4,0.002721139430284854,0.015
468,0.6,0.6,14.15,0.029399293286219107,0.015
469,1.3,1.3,177.187,0.013550655522131992,0.015
470,0.4,0.4,41.501,0.018674248813281617,0.015
471,0.82,0.8,49.499,0.022000444453423272,0.015
472,0.5,0.5,44.023,0.0003407309815323937,0.015
473,0.3,0.3,228.718,0.00264080658277879,0.015
474,0.53,0.5,230.016,0.0016520589872008938,0.03
475,0.68,0.7,140.107,0.0008136638426345506,0.03
476,2.1,2.1,268.066,0.0065394343184141225,0.015
477,1.1,1.1,252.727,0.002492808445476736,0.015
478,0.7,0.7,65.611,0.006904330066604676,0.015
479,1.56,1.5,232.14,0.004846213491858362,0.015
480,0.8,0.8,463.069,0.000531238325174003,0.015
481,0.5,0.5,370.334,0.0009990981114345408,0.015
482,1.6,1.6,229.889,0.001270178216443587,0.015
483,1.0,1.0,635.088,0.0011966845539515781,0.015
484,1.2,1.2,272.722,0.0012870248824810647,0.015
485,0.4,0.4,174.531,0.0007620422732924288,0.015
486,0.2,0.2,68.381,0.0010090522221084927,0.015
487,0.4,0.4,66.0266,0.0033471358513084133,0.015
488,0.7,0.7,314.885,0.00020642456769931722,0.015
489,0.3,0.3,69.079,0.005558852907540621,0.015
490,0.3,0.3,154.054,0.003946668051462478,0.015
491,0.3,0.3,151.191,0.009815399064759145,0.015
492,1.4,1.4,193.479,0.0037161655786932916,0.015
493,0.5,0.5,229.771,0.0019715281737033804,0.015
494,0.4,0.4,112.347,0.0005785646256686987,0.015
495,0.31,0.31,140.377,0.010884974034207873,0.015
496,0.6,0.6,45.655,0.0007009089913481552,0.015
497,0.42,0.42,157.731,0.0006910499521337072,0.015
498,0.35,0.35,150.399,0.000970751135313405,0.015
499,0.42,0.42,157.731,0.002016090686041434,0.015
500,0.49,0.49,49.557,0.014064612466452754,0.015
501,0.37,0.37,100.173,0.004442314795403954,0.015
502,0.42,0.42,103.056,0.0037164260208042144,0.015
503,0.28,0.28,120.46,0.002199900381869505,0.015
504,0.3,0.3,86.077,0.028486122889970628,0.015
505,0.31,0.31,21.4,0.004813084112149605,0.015
506,0.41,0.41,76.564,0.021263256883130435,0.015
507,0.6,0.6,10.5,0.03847619047619047,0.015
508,0.19,0.19,126.207,0.003747811135673939,0.015
509,0.17,0.017,109.83,0.003232268050623679,0.015
510,0.24,0.24,89.589,0.00015626918483297193,0.015
511,0.3,0.3,109.421,0.008261668235530656,0.015
512,0.35,0.35,106.885,0.008410908920802724,0.015
513,0.28,0.28,102.243,0.009154660954784174,0.015
514,0.26,0.26,101.679,0.010897038719893002,0.015
515,0.42,0.42,81.556,0.015535337682083471,0.015
516,0.35,0.35,72.165,0.0015797131573477552,0.015
517,0.61,0.61,217.93,0.0032808700041297655,0.015
518,0.51,0.51,50.357,0.021883750024822773,0.015
519,0.52,0.52,154.031,0.013120735436373203,0.015
520,0.58,0.58,150.357,0.0056532120220541635,0.015
521,0.39,0.39,104.582,0.011034403625862959,0.015
522,0.55,0.55,178.197,0.009545615246047917,0.015
523,0.4,0.4,144.779,0.005131959745543222,0.015
524,0.41,0.41,305.241,0.0046291291143719234,0.015
525,0.27,0.27,332.278,0.009889309554048108,0.015
526,0.58,0.58,173.635,0.007838281452472144,0.015
527,0.5,0.5,126.996,0.007173454282024642,0.015
528,0.27,0.27,332.278,0.0014897164422561753,0.015
529,0.54,0.54,154.351,0.010748229684290992,0.015
530,0.4,0.4,200.86,0.015129941252613768,0.015
531,0.14,0.14,65.583,0.0016925117789671205,0.015
532,0.37,0.37,69.436,0.016432398179618665,0.015
533,0.24,0.24,97.236,0.0037229009831749385,0.015
534,0.25,0.25,27.383,0.01961070737318784,0.015
535,0.23,0.23,54.342,0.0036803945382944923,0.015
536,0.44,0.44,139.761,0.0002647376592898061,0.015
537,0.5,0.5,151.94,0.00829274713702776,0.015
538,0.14,0.14,136.474,0.00044697158433108097,0.015
539,0.44,0.44,185.696,0.0023317680510080985,0.015
540,0.33,0.33,136.067,0.006731977628668232,0.015
541,0.37,0.37,138.748,0.0014270475970824834,0.015
542,0.46,0.46,86.646,0.007386376751379181,0.015
543,0.46,0.46,380.696,0.0038403345451488843,0.015
544,0.46,0.46,86.646,0.008944440597373223,0.015
545,0.46,0.46,86.646,0.001950465110911069,0.015
546,0.46,0.46,86.646,0.0011772037947510186,0.015
547,0.41,0.41,168.053,0.014233604874652637,0.015
548,0.39,0.39,127.293,0.0028674004069351826,0.015
549,0.9,0.9,84.312,0.004459626150488676,0.015
550,0.51,0.51,249.57,0.007729294386344507,0.015
551,0.51,0.51,51.054,0.0012927488541544041,0.015
552,1.3,1.3,255.986,0.0037853632620533984,0.015
553,0.34,0.34,24.14,0.009652029826014935,0.015
554,0.37,0.37,32.025,0.0029976580796252953,0.015
555,0.25,0.25,32.829,0.006975539918974053,0.015
556,0.42,0.42,203.482,0.00037349741009032116,0.015
557,0.91,0.91,149.721,0.0018233915082052597,0.015
558,1.02,1.02,123.804,0.006082194436367162,0.015
559,0.36,0.36,118.496,0.010616392114501763,0.015
560,0.23,0.23,70.033,0.0019704996216069553,0.015
561,0.45,0.45,81.369,0.0012781280340178594,0.015
562,0.3,0.3,175.29,0.003502766843516453,0.015
563,0.25,0.25,207.411,0.01043339070733954,0.015
564,0.32,0.32,173.559,0.0005934581323930279,0.015
565,0.37,0.37,277.741,0.000864114408747719,0.015
566,0.36,0.36,202.275,0.000617970584600173,0.015
567,0.42,0.42,217.221,0.000575450808163115,0.015
568,0.51,0.51,106.257,0.0011481596506583084,0.015
569,1.34,1.34,808.154,0.0017360552567951164,0.015
570,0.11,0.11,110.238,0.016092454507520084,0.015
571,0.11,0.11,110.238,0.0013697636023875597,0.015
572,0.29,0.29,241.788,0.012353797541648056,0.015
573,0.31,0.31,241.484,0.012485299233075477,0.015
574,0.27,0.27,102.501,0.011151110720871004,0.015
575,0.52,0.52,104.253,0.003424361888866518,0.015
576,0.31,0.31,151.848,0.0019493177387914305,0.015
577,0.74,0.74,199.547,0.0001,0.015
578,0.47,0.47,37.83,0.006476341527887899,0.015
579,0.38,0.38,145.932,0.005016034865553815,0.015
580,0.63,0.63,64.7,0.003183925811437396,0.015
581,0.53,0.53,291.016,0.006319240179234126,0.015
582,0.58,0.58,90.422,0.013381699144013616,0.015
583,0.53,0.53,95.775,0.0001,0.015
584,0.23,0.23,169.189,0.0003428118849334167,0.015
585,0.49,0.49,154.666,0.006568993831869965,0.015
586,0.54,0.54,22.1,0.00705882352941171,0.015
587,0.55,0.55,23.8,0.01731092436974786,0.015
588,0.58,0.58,63.3,0.007993680884676092,0.015
589,0.39,0.39,145.002,0.0163997737962235,0.015
590,0.38,0.38,124.506,0.01680240309703949,0.015
591,0.47,0.47,44.489,0.0005394591921598802,0.015
592,0.32,0.32,95.401,0.0021173782245469306,0.015
593,0.29,0.29,144.736,0.00895423391554279,0.015
594,0.23,0.23,169.189,0.011395539899166026,0.015
595,0.33,0.33,249.099,0.009759172056090153,0.015
596,0.31,0.31,268.552,0.004848223062944971,0.015
597,0.46,0.46,204.685,0.014417275325500153,0.015
598,1.81,1.81,430.764,0.000659293719995173,0.015
599,1.21,1.21,410.239,0.001601505463888124,0.015
600,0.3,0.3,143.735,0.001614081469370712,0.015
601,0.14,0.14,208.661,0.003182195043635369,0.015
602,1.51,1.51,150.929,0.003392323542857903,0.015
603,0.6,0.6,246.928,0.006431024428173391,0.015
604,0.9,0.9,246.9,0.004248683677602266,0.015
605,0.79,0.79,363.652,0.002414396180964219,0.015
606,0.27,0.27,185.891,0.0005002931825639755,0.015
607,2.22,2.22,617.881,0.00036576622359321757,0.015
608,0.34,0.34,24.14,0.004183927091963582,0.015
609,0.36,0.36,61.378,0.035794584378767653,0.015
610,0.23,0.23,203.276,0.0009150121017729586,0.015
611,0.64,0.64,165.362,0.007444273775111562,0.015
612,0.54,0.54,178.382,0.0063571436579924,0.015
613,0.3,0.3,328.583,0.0011625677530486959,0.015
614,0.18,0.18,318.069,0.0024963136929408414,0.015
615,0.13,0.13,119.524,0.01052508282855327,0.015
616,0.43,0.43,93.995,0.009213256024256586,0.015
617,0.47,0.47,180.944,0.013202979927491395,0.015
618,0.45,0.45,297.818,0.0012390117454284153,0.015
619,0.52,0.52,24.5,0.008693877551020447,0.015
620,0.36,0.36,118.496,0.0015781123413448654,0.015
621,0.42,0.42,292.832,0.00032100316905256057,0.015
622,0.36,0.36,61.43,0.006185902653426648,0.015
623,0.7,0.7,79.036,0.0045928437673971294,0.015
624,0.3,0.3,188.81,0.010984587680737238,0.015
625,0.78,0.78,188.0,0.0020159574468085178,0.015
626,0.29,0.29,285.781,0.004136034236005888,0.015
627,0.18,0.18,313.45,0.009679374700909233,0.015
628,0.58,0.58,173.635,0.001952371353701723,0.015
629,0.48,0.48,146.262,0.0017913060124981229,0.015
630,0.49,0.49,49.557,0.006739713864842497,0.015
631,0.49,0.49,49.557,0.0017353754262768542,0.015
632,0.35,0.35,150.399,0.0015758083497895722,0.015
633,0.49,0.49,49.557,0.012571382448493675,0.015
634,0.38,0.38,231.415,0.0013136572823714905,0.015
635,0.79,0.79,363.652,0.003970829254342061,0.015
636,0.14,0.14,208.661,0.000134188947623172,0.015
637,0.31,0.31,268.552,0.007004230093240782,0.015
638,0.42,0.42,292.832,0.0018235711944049856,0.015
639,0.42,0.42,292.832,0.0029163479401158377,0.015
640,0.18,0.18,318.069,0.0024963136929408414,0.015
641,0.36,0.36,61.43,0.023555266156600994,0.015
642,0.89,0.89,461.106,0.002929911994205237,0.015
643,1.24,1.24,599.654,0.00285998258996021,0.015
644,1.1,1.1,68.798,0.0029797377830750905,0.015
645,0.98,0.98,189.182,0.00041758729688870896,0.015
646,0.91,0.91,474.153,0.0011430909432187505,0.015
647,0.84,0.84,263.496,0.0007286638127334008,0.015
648,0.86,0.86,67.858,0.00032420643107666363,0.015
649,0.97,0.97,327.031,0.0022199730300797166,0.015
650,1.18,1.18,129.25,0.0020116054158607352,0.015
651,0.96,0.96,250.808,0.0045413224458549966,0.015
652,1.38,1.38,167.573,0.0009667428523688165,0.03
653,0.78,0.78,163.562,0.002555605825313949,0.015
654,0.68,0.68,193.666,0.004208276104220668,0.015
655,2.15,2.15,466.32,0.0014646594613141192,0.015
656,0.99,0.99,98.214,0.004653104445394753,0.015
657,0.98,0.98,178.941,0.0023918498275968055,0.015
658,1.26,1.26,121.396,0.0003954001779300804,0.015
659,1.3,1.3,429.445,0.0019164270162651794,0.015
660,1.04,1.04,377.086,0.0001,0.015
661,0.69999999,0.60000002,81.28500366,0.007369132964617993,0.03
662,0.44999999,0.60000002,157.08239746,0.0009230824226305998,0.015
663,0.79000002,0.60000002,308.0,0.003334415584415588,0.03
664,0.56,0.60000002,208.96000671,0.0002584226563264943,0.03
665,1.23000002,0.60000002,308.0,0.003438311688311692,0.03
666,0.43000001,0.60000002,208.96000671,0.0008422664354344964,0.03
667,1.40999997,0.60000002,78.51499939,0.0004839839558712408,0.015
668,0.61000001,0.60000002,89.10500336,0.002648560586957377,0.03
669,1.04999995,0.60000002,582.73498535,0.0006229246726656988,0.03
670,1.16999996,1.20000005,812.31402588,0.0016582257071589535,0.03
671,0.52999997,0.60000002,110.42500305,0.009762281822277924,0.03
672,0.50999999,1.20000005,103.48000336,0.0030537300902538428,0.03
673,0.31999999,0.44999999,38.43500137,0.00910628301091172,0.03
674,0.46000001,0.60000002,72.18699646,0.013340352795168795,0.03
675,1.75,0.60000002,76.875,0.007089430894308942,0.03
676,1.02999997,1.20000005,279.45120239,0.0009447087639707655,0.03
677,0.34999999,0.44999999,79.01999664,0.0003923057620621101,0.03
678,0.41999999,0.44999999,49.41899872,0.007709585581826216,0.015
679,0.88,0.60000002,59.40999985,0.020097626712921108,0.03
680,0.58999997,0.60000002,33.41999817,0.018761221853172798,0.03
681,0.72000003,0.60000002,145.83999634,0.001673066416095878,0.03
682,0.82999998,0.60000002,72.97000122,0.006906947945368276,0.015
683,0.51999998,0.60000002,72.97000122,0.02343428767178523,0.015
684,0.82999998,0.60000002,72.97000122,0.01207345464259813,0.015
685,0.16,0.60000002,101.38999939,0.000522734000580615,0.015
686,0.30000001,0.60000002,43.90000153,0.00013667425491769572,0.015
687,0.72000003,0.60000002,43.90000153,0.00013667425491769572,0.015
688,0.72000003,0.60000002,43.90000153,0.00211845095122487,0.015
689,0.72000003,0.60000002,43.90000153,0.00211845095122487,0.015
690,1.10000002,1.20000005,86.86000061,0.0012548929223407243,0.015
691,0.75,1.20000005,232.88000488,0.00013311576498795796,0.015
692,0.62,0.62,80.16,0.006362275449101794,0.015
693,0.17,0.17,132.0,0.0018409090909090934,0.015
694,0.68000001,0.60000002,141.87600708,0.00026079110035240663,0.03
695,0.51999998,0.60000002,124.5,0.0007389558232931769,0.03
696,1.02999997,1.20000005,279.45120239,0.005367663431652054,0.03
697,0.47,0.60000002,39.26100159,0.017345456621602223,0.03
698,0.67000002,0.60000002,53.09000015,0.0005085703507951345,0.03
699,0.18000001,0.44999999,65.17700195,0.002362796621393229,0.03
700,0.38999999,0.44999999,167.38999939,0.0014337774112826596,0.03
701,0.83999997,0.60000002,158.1000061,0.012574319565443708,0.03
702,0.86000001,0.60000002,165.97000122,0.0008013496356109693,0.03
703,0.40000001,0.44999999,68.51999664,0.004889083719021021,0.03
704,0.44,0.44999999,140.83000183,0.001107718511488147,0.03
705,0.47,0.44999999,140.83000183,0.001107718511488147,0.03
706,0.31999999,0.60000002,169.46299744,0.0024312092092309023,0.03
707,1.25999999,0.60000002,234.91099548,0.0017538557493153952,0.03
708,0.68,0.68,139.19,0.003699978446727486,0.015
709,0.66,0.66,141.05,0.0036511875221552554,0.015
710,1.08000004,0.60000002,181.20300293,0.002455809190821782,0.03
711,0.54000002,0.60000002,219.8500061,0.0035023878946346754,0.03
712,0.50999999,0.60000002,219.8500061,0.006677279778342476,0.03
713,0.18000001,0.44999999,65.17700195,0.0013501694979389763,0.03
714,0.23,0.44999999,57.36999893,0.0012201499268879327,0.03
715,0.36000001,0.44999999,110.8239975,0.0009474482275375459,0.03
716,0.38,0.60000002,96.37999725,0.027899980044873887,0.03
717,0.47999999,0.60000002,91.33699799,0.00845221560801158,0.03
718,0.38,0.60000002,96.37999725,0.0025835236263196774,0.03
719,1.11000001,1.20000005,218.69700623,0.0016003877054993176,0.03
720,0.51999998,0.44999999,49.52899933,0.01215449551057991,0.03
721,0.75,1.20000005,97.91799927,0.010181989087122409,0.03
722,0.75,1.20000005,97.91799927,0.0037378214702976915,0.03
723,0.66000003,0.60000002,117.40699768,0.0009539465467404507,0.015
724,0.61000001,0.60000002,103.59300232,0.0037454267306730174,0.015
725,0.5,0.5,28.14,0.027469793887704323,0.015
726,0.36000001,0.44999999,51.5340004,0.006209492713862755,0.015
727,0.36000001,0.44999999,51.5340004,0.001649396502119775,0.015
728,1.08000004,0.60000002,181.20300293,0.00023178423823487344,0.03
729,0.36,0.36,75.73,0.0035388881552885104,0.015
730,0.62,0.62,78.01,0.0030637097807973434,0.015
731,1.15999997,0.60000002,165.39399719,0.00045950881707450264,0.03
732,0.93000001,0.44999999,27.74200058,0.022276691914047977,0.015
733,0.93000001,0.44999999,27.74200058,0.016220892170423315,0.015
734,0.47999999,0.60000002,101.6190033,0.011533275882858424,0.03
735,0.31999999,0.60000002,108.21600342,0.004574184818846447,0.03
736,0.54000002,0.60000002,138.11199951,0.006458526436259539,0.03
737,0.31999999,0.60000002,108.21600342,0.00025874176753071286,0.03
738,1.04999995,0.60000002,582.73498535,0.0010965533494032551,0.015
739,1.04999995,0.60000002,582.73498535,0.00036894987499483866,0.015
740,0.25999999,0.60000002,46.63899994,0.02502197734731273,0.015
741,0.52999997,0.60000002,281.93798828,0.0030999724632070737,0.03
742,0.46000001,0.60000002,72.18699646,0.017800989970708087,0.03
743,0.37,0.60000002,221.23699951,0.004379918377785638,0.03
744,0.41,0.44999999,140.51400757,0.0006689724506873318,0.015
745,0.51999998,0.60000002,126.00900269,0.0018252664102566783,0.015
746,0.51999998,0.60000002,126.00900269,0.0012300708416947107,0.015
747,0.51999998,0.60000002,126.00900269,0.0029601059609814717,0.015
748,1.03999996,1.20000005,256.73800659,0.004257258263072346,0.015
749,0.91000003,0.44999999,267.34899902,0.0001,0.015
750,0.75,0.75,281.92,0.0011918274687854722,0.015
751,0.62,0.62,101.01,0.00042570042570043594,0.015
752,0.76,0.76,309.23,0.0021828412508488847,0.015
753,0.62,0.62,48.22,0.004002488593944414,0.015
754,0.52,0.52,118.104,0.000778974463184979,0.015
755,0.69,0.69,98.28,0.0020146520146520188,0.015
756,0.55,0.55,83.45,0.0003594967046135334,0.015
757,0.44,0.44,140.55,0.002604055496264672,0.015
758,0.41,0.41,115.18,0.0025351623545754455,0.015
759,0.41,0.41,114.76,0.0001,0.015
760,0.43,0.43,40.28,0.013282025819265146,0.015
761,0.51,0.51,40.36,0.018607532210109006,0.015
762,0.75,0.75,163.48,0.0025446537802789357,0.015
763,1.65,1.65,30.19,0.0024180192116594443,0.015
764,0.71,0.71,125.46,0.0009915510919815051,0.015
765,1.08,1.08,114.7,0.004376634699215335,0.015
766,0.68,0.68,113.59,0.0034422044194031163,0.015
767,0.41,0.60000002,115.86000061,0.005515277029481116,0.03
768,0.55000001,0.60000002,106.94200134,0.0034785210239081155,0.03
769,1.45,1.45,255.48,0.0014678252700798498,0.015
770,1.22,1.22,267.11,0.0013327842461907074,0.015
771,0.39,0.39,130.0,0.003515384615384621,0.015
772,0.64999998,0.60000002,332.87600708,0.003908362189910945,0.03
773,0.2,1.60000002,64.43900299,0.0055711600636606925,0.03
774,0.50999999,0.60000002,219.8500061,0.0010143279227318646,0.03
775,0.50999999,0.60000002,321.48599243,0.0013033227259232236,0.03
776,1.29,1.29,230.0,0.0006347826086956556,0.015
777,0.70999998,0.60000002,35.81999969,0.00382467898340734,0.015
778,0.63,0.60000002,124.17500305,0.009607408662753399,0.03
779,0.63,0.60000002,124.17500305,0.004372860774413333,0.03
780,0.50999999,0.60000002,219.8500061,0.0003456902337561523,0.03
781,1.11,1.11,1037.95528227,0.0003535797796581124,0.015
782,0.21,0.21,83.62044973,0.01018889521344362,0.03
783,0.28,0.28,125.14116714,0.002093635579624178,0.03
784,0.32,0.32,79.6923437,0.0007027023851978901,0.03
785,0.34,0.34,93.01389374,0.0009030908891396774,0.03
786,0.28,0.28,114.67433226,0.00947901748000115,0.03
787,0.06,0.06,23.2076504,0.02391452777141111,0.03
788,0.18,0.18,25.92043326,0.012345472654340958,0.03
789,0.11,0.11,18.27209978,0.022383853247543932,0.03
790,0.26,0.26,25.76515185,0.015641281772612554,0.03
791,0.3,0.3,63.32602694,0.011575019552300373,0.03
792,0.33,0.33,122.59297454,0.0012317182168602252,0.03
793,0.2,0.2,61.83930936,0.013761473224836156,0.03
794,0.34,0.34,80.70972456,0.005389685101410784,0.03
795,0.2,0.2,32.98485868,0.05463112689012738,0.03
796,0.29,0.29,132.65017383,0.0009875599572744277,0.03
797,0.3,0.3,106.17521803,0.014984664307922215,0.03
798,0.45,0.45,64.34173409,0.0001554201194828224,0.03
799,0.45,0.45,244.79432854,0.009215899785976306,0.03
800,0.29,0.29,28.42262369,0.003518324032667798,0.03
801,0.45,0.45,65.63091688,0.002925450521300103,0.03
802,0.34,0.34,78.70730952,0.001486520130258926,0.03
803,0.45,0.45,131.64532589,0.006958089805371364,0.03
804,0.35,0.35,124.57884243,0.0068310154710112285,0.03
805,0.57,0.57,142.8857706,0.0034293127856077766,0.03
806,0.34,0.34,112.89446624,0.004340336743860584,0.03
807,0.53,0.53,183.88104744,0.00541654517344966,0.03
808,0.45,0.45,134.15331119,0.0347811019989778,0.03
809,0.45,0.45,133.83508842,0.03333953787961341,0.03
810,0.27,0.27,75.96321335,0.0030541098746186754,0.03
811,0.52,0.52,150.3174266,0.00477655862158034,0.03
812,0.45,0.45,80.14511995,0.001721876517074199,0.03
813,0.21,0.21,70.47128709,0.01580785658955388,0.03
814,0.31,0.31,99.49977242,0.0023618144472535856,0.03
815,0.52,0.52,95.62185661,0.010374197230304123,0.03
816,0.45,0.45,52.81094294,0.004374093457532949,0.03
817,0.38,0.38,149.16863372,0.019702533479771016,0.03
818,0.6,0.6,214.89468982,0.006928975309940025,0.03
819,0.57,0.57,199.4508691,0.02033082141129662,0.03
820,0.4,0.4,95.4373331,0.037134315103781956,0.03
821,0.22,0.22,115.62717154,0.043562425102282316,0.03
822,0.26,0.26,89.10198018,0.00011223095131890939,0.03
823,0.69,0.69,86.1332537,0.003599074534902889,0.015
824,0.8,0.8,85.34808121,0.010017799906904315,0.015
825,0.25,0.25,101.63332108,0.015988850730567897,0.03
826,0.21,0.21,97.02754766,0.009512762326368789,0.03
827,0.36,0.36,156.06245278,0.010130559733216055,0.03
828,0.69,0.69,24.95968677,0.0030849746116425303,0.015
829,0.9,0.9,33.1952324,0.02611820846899689,0.015
830,0.45,0.45,31.31650743,0.006801524738226534,0.03
831,1.31,1.31,314.33798865,0.00788005296667473,0.015
832,0.45,0.45,76.55840782,0.003983886403660579,0.03
833,0.63,0.63,70.74980024,0.006798605768049308,0.015
834,0.9,0.9,73.42459354,0.007994596520036795,0.015
835,0.52,0.52,163.39511363,0.011487491628729925,0.015
836,0.45,0.45,103.54936207,0.01122170119420418,0.03
837,0.54,0.54,179.08001054,0.0023509044852661758,0.03
838,0.6,0.6,91.75446622,0.023562885699930564,0.03
839,0.45,0.45,52.87812971,0.0006051651254592005,0.03
840,0.45,0.45,86.43646254,0.020118824265803883,0.03
841,0.45,0.45,68.33665893,0.0377835270326114,0.03
842,0.45,0.45,132.15145795,0.011343045496835546,0.03
843,0.4,0.4,222.87813632,0.002965746263469113,0.03
844,0.27,0.27,117.92023606,0.03043582780968867,0.03
845,0.4,0.4,215.22447679,0.006923004400906643,0.03
846,0.2,0.2,122.27262376,0.030685527836259788,0.03
847,0.32,0.32,130.54637736,0.007866936032762542,0.03
848,0.45,0.45,78.78931917,0.020066171616342453,0.03
849,0.26,0.26,22.83045451,0.04248710859326645,0.03
850,0.45,0.45,32.83874497,0.01571314617752274,0.03
851,0.3,0.3,148.54947551,0.009868765910932567,0.03
852,0.45,0.45,65.84451162,0.003310830236817838,0.03
853,0.21,0.21,38.3692857,0.002058938511852468,0.03
854,0.14,0.14,34.68371336,0.011532790501645407,0.03
855,0.29,0.29,17.10816793,0.006897290258244495,0.03
856,0.3,0.3,120.21401828,0.010106974356102525,0.03
857,0.45,0.45,109.11707363,0.004023201735491774,0.03
858,1.1,1.1,293.57071116,0.0018394205534546422,0.015
859,0.45,0.45,190.54322847,0.0026240764576880376,0.03
860,0.7,0.7,123.16576264,0.005456061697634122,0.015
861,0.56,0.56,27.0568835,0.00029567337272971616,0.03
862,0.8,0.8,47.41852112,0.0002530656738457138,0.015
863,0.72,0.72,76.94589713,0.0014035836091108767,0.03
864,0.45,0.45,88.76055537,0.002253253138922988,0.03
865,0.58,0.58,220.84843637,0.0007018387929191397,0.03
866,0.68,0.68,306.27929272,0.003065829203342297,0.015
867,0.48,0.48,160.58698658,0.0011893865378988784,0.03
868,0.57,0.57,159.32046412,0.0030065189845242843,0.03
869,0.64,0.64,69.04444023,0.002375281767129766,0.03
870,0.62,0.62,69.00107435,0.008304218526997474,0.03
871,0.55,0.55,102.71306658,0.004780307086027611,0.03
872,0.62,0.62,37.95983868,0.0002634363144769826,0.03
873,0.67,0.67,87.1038102,0.000895483215038509,0.03
874,0.72,0.72,297.62779349,0.002546805159261674,0.015
875,0.55,0.55,61.7102736,0.002122823192279608,0.03
876,0.67,0.67,188.50340363,0.007124539791525885,0.015
877,0.46,0.46,108.2103416,0.010248558350360112,0.03
878,0.61,0.61,166.52751514,0.009091590652314588,0.015
879,0.66,0.66,35.98535242,0.0007780943666523088,0.03
880,0.62,0.62,266.59817793,0.0007802003810191605,0.015
881,0.66,0.66,28.97356068,0.007109930404315083,0.03
882,0.4,0.4,48.43548387,0.00183749583753255,0.03
883,0.9,0.9,239.77655135,0.002673322292738865,0.015
884,0.88,0.88,237.50222038,0.0001,0.015
885,0.58,0.58,243.61670147,0.0015434081396357069,0.03
886,0.56,0.56,479.19242763,0.0014315752095516892,0.03
887,1.2,1.2,133.86131887,0.00020170128479177123,0.015
888,1.2,1.2,233.13523116,0.0011409686930477058,0.015
889,0.62,0.62,171.6849343,0.007612782130994472,0.015
890,0.68,0.68,142.47397663,0.0039024670550462186,0.015
891,0.69,0.69,100.52737728,0.0026559928969033192,0.015
892,0.7,0.7,60.3562283,0.0006793002338749509,0.03
893,0.6,0.6,274.40885053,0.0008782515561525322,0.03
894,0.94,0.94,483.54766501,0.0005997340510247376,0.015
895,0.9,0.9,114.29264036,0.000848698566193487,0.015
896,0.53,0.53,21.30772127,0.003003606025676159,0.03
897,0.59,0.59,110.86689452,0.004762467662560449,0.03
898,0.45,0.45,348.51638743,0.004344128582200713,0.015
899,0.73,0.73,221.08691394,0.001745919706965358,0.015
900,0.5,0.5,215.2521671,0.0010406399295201324,0.03
901,0.79,0.79,166.88234144,0.005758548158587006,0.015
902,0.68,0.68,163.2704406,0.00029399075438031277,0.03
903,0.9,0.9,46.78055718,0.0014749717438059798,0.015
904,0.9,0.9,278.18771467,0.0017614005729234385,0.015
905,0.64,0.64,79.64520955,0.0036537037399256853,0.03
906,0.47,0.47,93.27609143,0.0001,0.03
907,0.9,0.9,348.05888827,0.00678908104242104,0.015
908,0.9,0.9,411.52760524,0.002026595517240253,0.015
909,0.9,0.9,336.21116852,0.004824348956461014,0.015
910,0.9,0.9,304.93139335,0.006158762400184993,0.015
911,1.2,1.2,293.17713244,0.00031380346493711564,0.015
912,0.9,0.9,200.35861534,0.016650145012925704,0.03
913,0.8,0.8,174.68392554,0.00016601413043788825,0.03
914,0.9,0.9,285.01277533,0.007080384371063623,0.015
915,0.8,0.8,286.17797362,0.004448280850888781,0.015
916,0.6,0.6,241.28852276,0.00031497561148233216,0.03
917,1.2,1.2,421.07457806,0.001042570658201659,0.015
918,1.2,1.2,431.17434666,0.0015562150327303988,0.015
919,0.82,0.82,418.76827127,0.00033670172664320726,0.015
920,1.2,1.2,1604.43320122,0.0005702948550953946,0.015
921,1.2,1.2,229.34379517,0.0015173726402410257,0.015
922,1.2,1.2,15.73014921,0.013668020381098489,0.015
923,1.1,1.1,539.93595655,0.002563266963814137,0.015
924,1.2,1.2,617.11837986,0.0011391655522551172,0.015
925,1.2,1.2,489.0433046,0.0001,0.015
926,1.2,1.2,338.67195222,0.00018897342865412662,0.015
927,1.2,1.2,371.33679151,0.0009048389701265343,0.015
928,0.8,0.8,313.0301965,0.0018688292904036176,0.015
929,0.69,0.69,693.41430561,0.0006749211780225648,0.015
930,1.0,1.0,45.0111678,0.002132804028248298,0.015
931,0.8,0.8,178.89607129,0.002207985883377418,0.015
932,0.9,0.9,959.06541984,0.0001,0.015
933,0.8,0.8,238.09231239,0.002045425134106321,0.015
934,0.9,0.9,185.12953945,0.00119375870893736,0.015
935,0.9,0.9,164.41770129,0.0015326816883026609,0.015
936,0.65,0.65,70.37794912,0.010429403089715952,0.015
937,0.83,0.83,170.38658146,0.00401440063025489,0.015
938,0.71,0.71,180.77918302,0.002124138374701675,0.015
939,0.9,0.9,159.96896365,0.00041258003111405313,0.015
940,0.9,0.9,438.10260785,0.00502165465482289,0.015
941,0.69,0.69,48.46492664,0.013019724649272672,0.015
942,0.9,0.9,235.1284482,0.002368917943634861,0.015
943,0.83,0.83,238.91259099,0.0017998214251420442,0.015
944,0.51,0.51,64.06799113,0.004729350720318113,0.015
945,0.66,0.66,143.66525339,0.0014826131926401224,0.015
946,0.76,0.76,49.1039062,0.01073234373358264,0.015
947,0.63,0.63,35.83276833,0.01462348639028527,0.015
948,0.9,0.9,93.13265631,0.00704371620000237,0.015
949,0.89,0.89,173.29778511,0.0006751384613815737,0.015
950,0.78,0.78,135.26554871,0.009034081565143268,0.015
951,0.8,0.8,97.40238875,0.0014270697236878577,0.015
952,0.62,0.62,78.11354228,0.002970035581901916,0.015
953,0.9,0.9,84.05085517,0.0026412580758516505,0.015
954,0.82,0.82,223.08074072,0.00015241118480359962,0.015
955,0.89,0.89,97.36546415,0.0001,0.015
956,0.9,0.9,146.10263301,0.0021697076463933584,0.015
957,0.38,0.38,75.84868842,0.007185358261993266,0.015
958,0.23,0.23,46.85724153,0.006210352775753761,0.015
959,0.4,0.4,72.28258917,0.0001,0.015
960,0.9,0.9,241.34559335,0.0003314748733944517,0.015
961,0.9,0.9,21.57775272,0.014876433341571817,0.015
962,0.51,0.51,20.5669327,0.00661255628069421,0.015
963,0.95,0.95,62.19797784,0.004003345585294355,0.015
964,0.9,0.9,298.41515376,0.008226794011856482,0.015
965,0.87,0.87,239.32496137,0.006739790077752388,0.015
966,0.78,0.78,389.26827931,0.0028206767886308826,0.015
967,1.2,1.2,488.09800161,0.0030403730298116352,0.015
968,0.8,0.8,466.51469825,0.002029946759560646,0.015
969,0.9,0.9,457.73954932,0.0025057917798537144,0.015
970,0.9,0.9,520.45840589,0.0014852291580883322,0.015
971,0.81,0.81,338.69187283,0.0008857608465573638,0.015
972,0.79,0.79,351.95559963,0.0025400931280531816,0.015
973,0.88,0.88,358.05899535,0.0018209289766974715,0.015
974,0.9,0.9,314.5472138,0.0008647350479249421,0.015
975,0.68,0.68,46.20706835,0.005583561329746209,0.015
976,0.8,0.8,107.47608629,0.0027447966350766543,0.015
977,0.82,0.82,226.36201107,0.0028980127756381307,0.015
978,0.8,0.8,775.62766654,0.0015174806814853357,0.015
979,1.6,1.6,450.81744403,0.003518053751031112,0.015
980,0.7,0.7,77.63717856,0.015250425401342655,0.015
981,1.6,1.6,473.35391634,0.007670793194392693,0.015
982,1.3,1.3,242.25191983,0.006798707730183437,0.015
983,1.2,1.2,1432.3374966,0.0013118416605445724,0.03
984,1.2,1.2,1433.49314918,0.0029717616735293394,0.03
985,0.8,0.8,157.9104905,0.00459754128874674,0.015
986,1.0,1.0,79.68505051,0.0006525690787316991,0.015
987,2.0,2.0,223.06727639,0.004326049143635218,0.015
988,1.8,1.8,52.80551081,0.005321414293501852,0.015
989,0.9,0.9,236.52105652,0.0012895257804423433,0.015
990,1.1,1.1,255.82695759,0.001110125385828776,0.015
991,0.88,0.88,152.19526956,0.003929162855907627,0.015
992,2.0,2.0,1001.99018886,0.0006377307952755629,0.015
993,1.6,1.6,239.24445778,0.0010324168103703017,0.015
994,1.21,1.21,120.93057121,0.017175144210583606,0.015
995,1.49,1.49,111.05516191,0.008176117024941624,0.03
996,0.65,0.65,73.22084342,0.00583167278681424,0.03
997,1.21,1.21,89.88997755,0.012081435879722276,0.015
998,0.77,0.77,116.88665264,0.003405008108374894,0.03
999,0.82,0.82,138.52425863,0.00012272218720482423,0.03
1000,0.86,0.86,114.44815411,0.00042814146179155334,0.03
1001,0.61,0.61,94.92048803,0.003581945342427459,0.03
1002,0.92,0.92,98.87694727,0.0063917830945389035,0.03
1003,0.71,0.71,96.71746477,0.004135757703649736,0.03
1004,0.42,0.42,184.22224988,0.00433715254547406,0.03
1005,0.9,0.9,112.75852498,0.00419480478379702,0.03
1006,1.0,1.0,127.9224879,0.008598957212745076,0.015
1007,0.65,0.65,180.3959633,0.0015355110775918351,0.03
1008,0.63,0.63,175.48082243,0.004028930285427771,0.03
1009,1.11,1.11,114.45808676,0.0017561013440794693,0.015
1010,0.82,0.82,242.88080299,0.0023921198911052706,0.015
1011,1.23,1.23,37.56232692,0.004232964596113467,0.015
1012,0.93,0.93,63.1986619,0.00952551813442747,0.015
1013,1.82,1.82,1684.03183812,0.0019809601721807145,0.015
1014,1.03,1.03,1422.60865282,0.0005750000173122105,0.03
1015,0.66,0.66,132.78235037,0.002319585390240143,0.03
1016,0.8,0.8,203.09036875,0.005539405964567682,0.03
1017,1.14,1.14,110.09230554,0.01246226966789709,0.03
1018,0.91,0.91,80.50963088,0.007179265308786624,0.03
1019,1.5,1.5,113.84605645,0.004743247301123359,0.03
1020,0.9,0.9,92.00448018,0.01079295266988377,0.03
1021,0.71,0.71,14.4322421,0.06097458689388255,0.03
1022,0.97,0.97,87.99059695,0.00011364850730224163,0.03
1023,1.07,1.07,30.62576944,0.031084933290087487,0.03
1024,0.44,0.44,104.8938746,0.02450095403378302,0.03
1025,0.4,0.4,48.89683895,0.017444890473845235,0.03
1026,0.39,0.39,105.4959844,0.0007014484998729472,0.03
1027,1.95,1.95,14.30635309,0.10240205807754182,0.03
1028,1.09,1.09,201.71725205,0.003767649976768557,0.03
1029,1.17,1.17,1004.40294716,0.001043405938785099,0.015
1030,0.41,0.41,212.87366397,0.0006952480510734157,0.03
1031,0.49,0.49,63.74103408,0.019139946780104056,0.03
1032,0.59,0.59,139.54401258,0.015299832364903619,0.03
1033,0.8,0.8,282.14012762,0.012919112324600853,0.03
1034,0.95,0.95,229.80179194,0.006109612932724984,0.03
1035,0.93,0.93,197.8817075,0.005543716060768272,0.015
1036,0.83,0.83,153.67441346,0.00804948574163244,0.03
1037,0.82,0.82,138.16925274,0.005312325176869883,0.03
1038,0.68,0.68,322.16957327,0.008231689830552195,0.03
1039,1.3,1.3,152.15244373,0.003976275274773731,0.03
1040,0.86,0.86,185.31908628,0.004252125433045818,0.03
1041,1.15,1.15,130.64143017,0.005832759171485113,0.03
1042,1.37,1.37,147.63472682,0.000812816893320141,0.03
1043,0.91,0.91,210.60691901,0.0004463291160701943,0.015
1044,0.89,0.89,221.35257487,0.00029364917050625635,0.015
1045,0.92,0.92,108.62266339,0.0015742571086297156,0.015
1046,0.66,0.66,225.04571818,0.007718431677116747,0.03
1047,0.89,0.89,95.73881928,0.03560729101985222,0.015
1048,1.03,1.03,205.90776202,0.01708531997768153,0.015
1049,0.78,0.78,36.59305594,0.010439139071258438,0.015
1050,0.81,0.81,547.10642076,0.000663490659633911,0.015
1051,0.47,0.47,263.73708503,0.0013346625104314034,0.015
1052,0.83,0.83,132.12482186,0.005123942575433346,0.03
1053,0.54,0.54,108.17407006,0.006933269678990573,0.03
1054,0.63,0.63,103.09305589,0.0006692982316250549,0.03
1055,0.42,0.42,44.50394737,0.005123141057678268,0.03
1056,1.2,1.2,560.40211624,0.0005228388535822693,0.015
1057,0.52,0.52,46.07174258,0.008334826913334422,0.03
1058,0.8,0.8,520.06518811,0.000528779865076902,0.015
1059,0.48,0.48,133.56146489,0.0004866673187025449,0.03
1060,0.57,0.57,103.56892043,0.0011972703730537442,0.03
1061,0.55,0.55,167.75200196,0.00467952686601726,0.03
1062,0.87,0.87,116.15425601,0.0011019828665510137,0.03
1063,0.45,0.45,84.23148708,0.006149719279062737,0.03
1064,0.9,0.9,15.80124384,0.0043034586826552045,0.015
1065,0.9,0.9,135.81489377,0.001391599954568076,0.03
1066,0.9,0.9,107.77793512,0.002662882710458815,0.03
1067,0.74,0.74,83.17452964,0.003270231898843116,0.015
1068,0.9,0.9,600.44414409,0.0010725393966095065,0.015
1069,0.75,0.75,29.97244803,0.004670956468416293,0.015
1070,0.67,0.67,230.27755373,0.0005254528634687196,0.015
1071,0.7,0.7,329.21273291,0.0022629744403102046,0.03
1072,0.79,0.79,101.02973516,0.00020785959664986126,0.03
1073,0.86,0.86,93.45857908,0.003884073603229872,0.03
1074,0.74,0.74,624.87602916,0.0006353260190404072,0.03
1075,0.49,0.49,101.41498268,0.0001873490434835632,0.03
1076,0.8,0.8,145.66667898,0.00015789472349512124,0.03
1077,0.64,0.64,89.65457162,0.0008142362255592516,0.03
1078,0.68,0.68,54.94317456,0.0004914168177617042,0.03
1079,0.96,0.96,91.24636101,0.023968079118906655,0.03
1080,0.93,0.93,125.0663771,0.005349159506436206,0.03
1081,0.8,0.8,259.41951503,0.001314473199753554,0.015
1082,0.62,0.62,623.78993273,0.007177095629624108,0.03
1083,0.62,0.62,517.36701972,0.015926797971118265,0.03
1084,0.75,0.75,485.07527907,0.009165587676461261,0.03
1085,0.72,0.72,434.45129531,0.00988373160893914,0.03
1086,0.71,0.71,437.0499379,0.008804485863765183,0.03
1087,0.54,0.54,446.78375257,0.011598452204656008,0.03
1088,0.83,0.83,410.77826441,0.01003947958620277,0.03
1089,0.58,0.58,190.37171089,0.010663349037047682,0.03
1090,0.61,0.61,188.38414302,0.018334876516827116,0.03
1091,0.68,0.68,205.89558215,0.005094815483878508,0.03
1092,0.67,0.67,466.97116718,0.00755292884847529,0.03
1093,1.25,1.25,195.80053575,0.003488243775145032,0.015
1094,1.26,1.26,404.01704995,0.003937952619071147,0.015
1095,0.87,0.87,142.3309394,0.012808177952628608,0.03
1096,0.67,0.67,157.80824383,0.007173262768321877,0.03
1097,0.56,0.56,180.6680302,0.009276682754246358,0.03
1098,0.64,0.64,190.99244335,0.006251556234672364,0.03
1099,0.67,0.67,430.39946382,0.008303913690502887,0.03
1100,0.51,0.51,289.9981552,0.013034565676437107,0.03
1101,0.86,0.86,282.67841677,0.0158377850391128,0.03
1102,0.65,0.65,24.69362441,0.014943128391090636,0.03
1103,0.84,0.84,189.65410938,0.026195055916483617,0.03
1104,0.55,0.55,232.85429817,0.025561048461534615,0.03
1105,0.73,0.73,74.18160096,0.0007279433080598787,0.03
1106,0.59,0.59,57.12540372,0.005636721651513943,0.03
1107,0.51,0.51,56.50181035,0.007999743675469682,0.03
1108,0.42,0.42,115.95588352,0.006390361381466204,0.03
1109,0.72,0.72,75.17513132,0.010162935356213213,0.03
1110,0.81,0.81,111.9182512,0.004905366141032049,0.03
1111,0.58,0.58,37.0920189,0.002237678143747527,0.03
1112,0.63,0.63,184.08763575,0.009098927221134671,0.03
1113,0.78,0.78,186.11861813,0.011879520825023866,0.03
1114,1.03,1.03,747.12024271,0.006399237668434825,0.03
1115,0.67,0.67,240.35845976,0.0006490306193331667,0.015
1116,1.35,1.35,371.32849511,0.0028196058578532843,0.015
1117,1.0,1.0,269.91260463,0.0003779000989591552,0.015
1118,1.3,1.3,368.76748624,0.0019388911080264436,0.015
1119,1.18,1.18,360.12160992,0.0007636309302879378,0.015
1120,0.72,0.72,192.62814012,0.0013237941239589636,0.015
1121,0.8,0.8,192.38751894,0.0001,0.015
1122,0.8,0.8,189.32230025,0.004046010422377593,0.015
1123,1.25,1.25,325.21514963,0.0005504048633762912,0.015
1124,1.08,1.08,251.92943368,0.006323199225793615,0.015
1125,1.07,1.07,204.05392266,0.0007203978148704086,0.015
1126,1.15,1.15,1599.56386906,0.0004226151972270157,0.015
1127,1.25,1.25,1609.36798388,0.0002653215450269819,0.015
1128,1.1,1.1,67.08561727,0.009614579491816601,0.015
1129,0.9,0.9,62.72423654,0.0074134023090653926,0.015
1130,1.15,1.15,63.28471176,0.004835291044075067,0.015
1131,0.9,0.9,518.4744117,0.0062799627648432305,0.015
1132,1.03,1.03,697.38219486,0.00011758258327266502,0.015
1133,0.75,0.75,15.97192017,0.00763840532017885,0.015
1134,1.05,1.05,15.78716129,0.00671431665597431,0.015
1135,0.95,0.95,212.59561457,0.008678448065505646,0.015
1136,1.1,1.1,178.62353813,0.00034709871190031767,0.015
1137,0.8,0.8,213.79041528,0.0030076184620244396,0.015
1138,0.9,0.9,244.48832941,0.0027772286785163296,0.015
1139,0.9,0.9,237.07163035,0.0016366361484382473,0.015
1140,0.8,0.8,216.71187106,0.0003414672192992727,0.015
1141,0.82,0.82,1260.11412452,0.00036822061666576863,0.015
1142,1.0,1.0,239.86446875,0.0015216926537811755,0.015
1143,0.75,0.75,777.78688489,0.0032052481835722606,0.015
1144,0.95,0.95,820.57293523,0.002267927590712429,0.015
1145,0.8,0.8,287.62078045,0.0012238336863187502,0.015
1146,0.99,0.99,413.03073306,0.0019247962351617845,0.015
1147,0.75,0.75,99.47523215,0.00648402608427589,0.015
1148,0.75,0.75,98.09118451,0.0002956432848157061,0.015
1149,0.82,0.82,69.35032829,0.0024369026674725854,0.015
1150,0.9,0.9,264.26347,0.0013509245148411932,0.015
1151,1.35,1.35,552.64828255,0.0023106920627849153,0.015
1152,1.4,1.4,553.04750125,0.0004574652257322702,0.015
1153,1.5,1.5,199.66717301,0.013933186702957267,0.015
1154,0.7,0.7,199.53544035,0.0058586083652582555,0.015
1155,1.0,1.0,129.45450091,0.006349721286025234,0.015
1156,0.85,0.85,554.88809269,0.0013768541982875546,0.015
1157,1.02,1.02,338.90716911,0.0013838597785689678,0.015
1158,1.35,1.35,87.48533262,0.007658426617753196,0.015
1159,1.3,1.3,196.70359424,0.006385241738224377,0.015
1160,0.78,0.78,60.88199231,0.021204956523539226,0.015
1161,1.01,1.01,17.65023252,0.07320016881001407,0.015
1162,1.16,1.16,176.07821503,0.0018912049962754565,0.015
1163,1.2,1.2,546.35189189,0.0013654203656536358,0.015
1164,0.9,0.9,956.29877884,0.002009832117877852,0.015
1165,0.76,0.76,194.03586812,0.008570580357707523,0.015
1166,0.85,0.85,35.10755243,0.022245925618347064,0.015
1167,1.25,1.25,176.03795076,0.0029084637590335895,0.015
1168,1.03,1.03,290.14787223,0.0018990316756940474,0.015
1169,1.15,1.15,363.32428349,0.0020284908922700317,0.015
1170,1.06,1.06,52.1691971,0.012478627929660062,0.015
1171,0.75,0.75,206.06384415,0.0004319049776399094,0.015
1172,1.35,1.35,888.41248083,0.0008408256481292503,0.015
1173,1.25,1.25,829.68583859,0.001365577122450907,0.015
1174,1.2,1.2,399.064,0.0005162079265481214,0.015
1175,1.17,1.17,333.704,0.00020677007168029137,0.015
1176,1.18,1.18,207.171,0.00026548117255793385,0.015
1177,0.92,0.92,118.252,0.0006426952609681064,0.015
1178,1.19,1.19,199.755,0.006332757628094419,0.015
1179,1.14,1.14,74.508,0.006428839856122834,0.015
1180,1.05,1.05,322.845,0.0003345258560609597,0.015
1181,1.33,1.33,373.972,0.00028879167424299053,0.015
1182,1.1,1.1,546.944,0.001817370699742571,0.015
1183,1.2,1.2,411.93,0.0009249144272085068,0.015
1184,0.83,0.83,164.052,0.004242557237948942,0.015
1185,1.1,1.1,517.279,0.0011637820209210105,0.015
1186,1.34,1.34,467.796,0.0013061248920469603,0.015
1187,1.1,1.1,12.472,0.00344772289929436,0.015
1188,0.73,0.73,9.345,0.13440342429106475,0.015
1189,1.1,1.1,341.43,0.0015493659022347184,0.015
1190,1.13,1.13,349.591,0.003770119940158644,0.015
1191,1.2,1.2,486.443,0.0001397902734750004,0.015
1192,1.28,1.28,130.811,0.003852886989626258,0.015
1193,0.86,0.86,278.99,0.002720527617477327,0.015
1194,1.05,1.05,151.734,0.005496460911858914,0.015
1195,0.82,0.82,189.99,0.010079477867256171,0.015
1196,0.97,0.97,209.382,0.003572417877372459,0.015
1197,0.99,0.99,748.773,0.0001829659990410985,0.015
1198,1.09,1.09,287.067,0.006002083137386045,0.015
1199,1.09,1.09,108.709,0.0014810181309735126,0.015
1200,1.17,1.17,205.692,0.0001,0.015
1201,1.06,1.06,162.774,0.00026416995343236726,0.015
1202,0.93,0.93,304.615,0.0020484874349588843,0.015
1203,1.25,1.25,131.476,0.002388268581338039,0.015
1204,0.82,0.82,194.127,0.008370808800424463,0.015
1205,0.86,0.86,146.866,0.004711778083422979,0.015
1206,0.83,0.83,135.918,0.0037007607528068334,0.015
1207,0.76,0.76,193.62,0.0006972420204524315,0.015
1208,0.98,0.98,233.227,0.007824994533222994,0.015
1209,0.89,0.89,91.425,0.0035110746513535656,0.015
1210,1.09,1.09,88.361,0.007673068435169361,0.015
1211,1.06,1.06,30.755,0.0016907819866688503,0.015
1212,0.83,0.83,46.502,0.017074534428626727,0.015
1213,0.95,0.95,156.054,0.0018583310905199485,0.015
1214,1.1,1.1,101.611,0.004664849278129329,0.015
1215,1.12,1.12,155.678,0.0071236783617466826,0.015
1216,1.18,1.18,53.521,0.0014386876179443575,0.015
1217,0.96,0.96,358.878,0.0005043496675750535,0.015
1218,1.0,1.0,196.476,0.0037460046010708674,0.015
1219,0.71,0.71,98.477,0.035246808899539996,0.015
1220,0.7,0.7,99.587,0.04140098607247934,0.015
1221,1.2,1.2,886.72,0.0001770570191266681,0.015
1222,1.06,1.06,199.50085456,0.005152860133192206,0.015
1223,1.16,1.16,330.77231761,0.0012939414129106111,0.015
1224,0.95,0.95,175.88553958,0.0001,0.015
1225,0.95,0.95,208.21735537,0.0018346213230937961,0.015
1226,1.04,1.04,467.79375843,0.0010410570710358764,0.015
1227,0.45,0.45,99.59988822,0.0001,0.015
1228,1.1,1.1,92.92756018,0.0013558948470823765,0.015
1229,1.4,1.4,198.01460382,0.004398665468087189,0.015
1230,1.07,1.07,193.90223928,0.002630191388679875,0.015
1231,0.75,0.75,101.5996082,0.008553182589930496,0.015
1232,0.95,0.95,125.05036854,0.0032227014178778084,0.015
1233,0.85,0.85,114.68392269,0.0032262586709746605,0.015
1234,1.16,1.16,178.46383045,0.00017370466565596785,0.015
1235,1.05,1.05,436.6413039,0.00030001742581366506,0.015
1236,1.11,1.11,113.29379177,0.000935620552052778,0.015
1237,1.15,1.15,604.80511549,0.0009804811249315645,0.015
1238,1.02,1.02,154.49519902,0.0032971898365207874,0.015
1239,1.05,1.05,836.1918002,0.0012640640577283675,0.015
1240,0.95,0.95,740.88858849,0.0004535094820191517,0.015
1241,1.15,1.15,223.4736478,0.0020181350438402807,0.015
1242,0.9,0.9,312.1212486,0.0004901941174664404,0.015
1243,1.03,1.03,172.84935667,0.008001186852204436,0.015
1244,1.12,1.12,337.52597465,0.0001955405063815874,0.015
1245,1.06,1.06,192.1714655,0.005037168226205778,0.015
1246,1.0,1.0,298.36324479,0.0033549708869285953,0.015
1247,1.03,1.03,225.89878333,0.002554241291140999,0.015
1248,1.05,1.05,360.59283218,0.0010455005378803817,0.015
1249,1.1,1.1,199.93464963,0.0009753186871853744,0.015
1250,0.95,0.95,127.67470334,0.003179956478291667,0.015
1251,1.15,1.15,479.65050976,0.001930572325386119,0.015
1252,0.7,0.7,206.35195336,0.0032371876743740487,0.015
1253,1.08,1.08,262.01245396,0.00024044658583144136,0.015
1254,1.07,1.07,580.24441839,0.0005135766765785675,0.015
1255,1.12,1.12,534.90861282,0.0027518719361046013,0.015
1256,1.4,1.4,130.81087185,0.0038528907641402622,0.015
1257,1.15,1.15,125.46671083,0.00042242280561424625,0.015
1258,1.4,1.4,1322.69213512,0.0006018029281831209,0.015
1259,1.12,1.12,380.08264901,0.0004867362413987286,0.015
1260,0.95,0.95,329.66677563,0.001992921484867438,0.015
1261,1.05,1.05,197.29147978,0.0001,0.015
1262,1.03,1.03,106.48429042,0.003005138116973333,0.015
1263,0.65,0.65,72.88645916,0.0012485172286972733,0.015
1264,0.95,0.95,571.10378948,0.000523547567898725,0.015
1265,0.97,0.97,55.30240037,0.012332195265252288,0.015
1266,0.97,0.97,70.10863302,0.009670706313822799,0.015
1267,1.45,1.45,235.89555195,0.0037558995609539713,0.015
1268,1.05,1.05,265.6404669,0.0006474917094041599,0.015
1269,1.05,1.05,19.62902781,0.000509449581344283,0.015
1270,0.68,0.68,154.832,0.003636199235300189,0.015
1271,1.0,1.0,93.806,0.006875892800034118,0.015
1272,0.72,0.72,90.49,0.0034147419604376194,0.015
1273,1.02,1.02,814.685,0.0001,0.015
1274,0.59,0.59,169.604,0.0062321643357468,0.015
1275,0.85,0.85,14.928,0.0008038585209002925,0.015
1276,0.65,0.65,42.609,0.00445915182238493,0.015
1277,0.74,0.74,218.528,0.004534887977741985,0.015
1278,1.16,1.16,226.564,0.003804664465669749,0.015
1279,0.58,0.58,62.639,0.0011654081323137406,0.015
1280,0.78,0.78,684.381,0.002308655558818844,0.015
1281,1.09,1.09,223.645,0.0005410360169017883,0.015
1282,1.12,1.12,196.047,0.001479237121710615,0.015
1283,1.01,1.01,106.12,0.0006784771956275836,0.015
1284,0.87,0.87,110.842,0.008318146550946398,0.015
1285,0.88,0.88,161.514,0.0002971878598759243,0.015
1286,0.94,0.94,92.233,0.00016263159606648032,0.015
1287,0.88,0.88,97.717,0.0005730834962186728,0.015
1288,1.46,1.46,64.09,0.001029801841160865,0.015
1289,1.2,1.2,88.895,0.012464143090162558,0.015
1290,1.18,1.18,37.719,0.013441501630477975,0.015
1291,1.24,1.24,128.836,0.005604023720078248,0.015
1292,1.12,1.12,203.217,0.00037890530811890714,0.015
1293,0.92,0.92,69.573,0.023500495882023197,0.015
1294,1.72,1.72,285.765,0.0001,0.015
1295,0.74,0.74,272.136,0.0012714231119734251,0.015
1296,0.98,0.98,335.392,0.0002474716153038838,0.015
1297,0.76,0.76,201.227,0.00039259145144537687,0.015
1298,1.0,1.0,159.873,0.00541679958467033,0.015
1299,0.88,0.88,202.738,0.0019877871933233963,0.015
1300,0.9,0.9,286.977,0.008328193548611912,0.015
1301,0.84,0.84,109.954,0.015188169598195609,0.015
1302,0.72,0.72,116.057,0.008711236719887635,0.015
1303,0.81,0.81,191.171,0.003044394808836063,0.015
1304,1.13,1.13,58.648,0.0059166552994134565,0.015
1305,0.88,0.88,27.529,0.0025790984053180185,0.015
1306,0.82,0.82,213.642,0.00037445820578350735,0.015
1307,0.63,0.63,137.30005416,0.00296431055683132,0.03
1308,1.09,1.09,131.15858008,0.0056191520184990405,0.03
1309,0.46,0.46,103.70421199,0.022380961732044298,0.03
1310,1.12,1.12,112.57096748,0.030762816359513438,0.03
1311,1.12,1.12,112.15599875,0.018180035153937762,0.03
1312,0.71,0.71,103.50453957,0.0006762988395562928,0.03
1313,0.65,0.65,154.20789981,0.0012580419047210159,0.015
1314,1.2,1.2,84.00663628,0.007523215164734123,0.015
1315,1.04,1.04,246.71032928,0.0035507228357909487,0.015
1316,1.2,1.2,158.07646949,0.0022584006408530284,0.015
1317,1.4,1.4,660.04020542,0.0002590751269328932,0.015
1318,0.65,0.65,190.68076697,0.00795570536088032,0.015
1319,0.82,0.82,233.96998857,0.0029533702344617793,0.015
1320,1.03,1.03,7.95664747,0.09099309762431881,0.015
1321,1.03,1.03,255.42581231,0.0019966658631236306,0.015
1322,0.76,0.76,99.99556133,0.005920262780927984,0.015
1323,0.9,0.9,754.15832293,0.0006232113147992461,0.015
1324,0.9,0.9,457.52670446,0.0029593901007331815,0.015
1325,1.12,1.12,218.97422059,0.004968621406978929,0.015
1326,0.75,0.75,318.78112446,0.0012453685916081112,0.015
1327,1.15,1.15,259.34885148,0.002016588841691213,0.015
1328,1.4,1.4,119.99449152,0.0022334358569729104,0.015
1329,1.2,1.2,179.13466282,0.0022831985365723193,0.015
1330,0.75,0.75,326.31187552,0.0010235606640663904,0.03
1331,1.28,1.28,485.8125389,0.0013729575640642235,0.015
1332,0.95,0.95,104.39917529,0.001139855747609515,0.015
1333,1.45,1.45,23.57279748,0.015102153246853411,0.015
1334,1.24,1.24,306.80836961,0.0003715674384793061,0.015
1335,0.92,0.92,67.48465378,0.004593636962421125,0.015
1336,0.8,0.8,78.47439051,0.0030965516064636895,0.015
1337,1.14,1.14,64.39472105,0.003431958340628594,0.015
1338,1.12,1.12,131.40239585,0.0030212538929137054,0.015
1339,1.62,1.62,584.11559027,0.0005461247830288972,0.015
1340,1.05,1.05,130.91049188,0.0020472003133688004,0.03
1341,1.01,1.01,250.48766615,0.0021038960045418574,0.015
1342,1.1,1.1,296.34544019,0.0003306951506902508,0.015
1343,1.46,1.46,240.15013101,0.000320632762831158,0.015
1344,1.0,1.0,143.80343952,0.0007301633420624626,0.015
1345,1.2,1.2,31.09995073,0.006077180045744724,0.015
1346,1.25,1.25,137.22886773,0.003898596620738876,0.015
1347,1.09,1.09,24.3794276,0.009516220142920837,0.015
1348,1.42,1.42,310.37851812,0.002090995227153835,0.015
1349,1.08,1.08,257.14972194,0.001660511225828316,0.015
1350,1.12,1.12,86.71792492,0.002064163783498433,0.015
1351,1.15,1.15,825.28,0.0008033637068631256,0.015
1352,0.9,0.9,95.937,0.002657994308765126,0.015
1353,1.05,1.05,123.991,0.00822640352928842,0.015
1354,1.15,1.15,175.053,0.006489463191147825,0.015
1355,1.15,1.15,116.768,0.0021666895039736925,0.015
1356,1.05,1.05,504.592,0.0005747217553984209,0.015
1357,0.85,0.85,87.633,0.0033206668720687457,0.015
1358,0.45,0.45,105.024,0.010807053625837901,0.015
1359,0.85,0.85,231.565,0.0005009392611145883,0.015
1360,1.1,1.1,134.129,0.00644901550000373,0.015
1361,0.9,0.9,169.86,0.001042034616743203,0.015
1362,0.75,0.75,205.854,0.0017876747597812012,0.015
1363,0.8,0.8,254.698,0.005064821867466568,0.015
1364,0.9,0.9,270.631,0.0006761974792244785,0.015
1365,0.85,0.85,420.168,0.0025132804021248643,0.015
1366,1.15,1.15,103.562,0.0001,0.015
1367,0.85,0.85,146.784,0.0037470023980815336,0.015
1368,0.8,0.8,282.366,0.003410467265888953,0.015
1369,0.75,0.75,55.217,0.0019015882789720473,0.015
1370,1.15,1.15,209.61,0.0010114021277610788,0.015
1371,1.15,1.15,367.946,0.0010816804639811268,0.015
1372,1.05,1.05,172.899,0.002914996616521787,0.015
1373,0.75,0.75,383.407,0.0009154762432610777,0.015
1374,0.5,0.5,81.472,0.0014851728201099711,0.015
1375,0.65,0.65,253.978,0.0003740481459024,0.015
1376,0.95,0.95,66.891,0.005217443303284437,0.03
1377,0.95,0.95,278.463,0.0007936422433141928,0.015
1378,0.9,0.9,272.97,0.0001,0.015
1379,1.35,1.35,214.596,0.010470838226248391,0.015
1380,1.65,1.65,118.693,0.011904661605991927,0.015
1381,0.85,0.85,438.707,0.003024797871928189,0.015
1382,0.6,0.6,464.239,0.002668883915397026,0.015
1383,1.05,1.05,168.007,0.004166493062789051,0.015
1384,1.05,1.05,198.995,0.0019296967260483949,0.015
1385,0.95,0.95,184.297,0.001394488244518362,0.015
1386,1.4,1.4,195.903,0.0005308749738390943,0.015
1387,0.85,0.85,99.68,0.0002608346709470374,0.015
1388,1.05,1.05,228.71171615,0.003615905708379251,0.015
1389,0.9,0.9,942.11585426,0.0005965296066919839,0.015
1390,1.2,1.2,302.77829199,0.0023713721194507354,0.015
1391,0.75,0.75,362.94595353,0.003019733349663608,0.015
1392,0.7,0.7,354.90029724,0.005576213982885761,0.015
1393,1.1,1.1,608.23409801,0.0007250497817252418,0.015
1394,0.95,0.95,296.939,0.0009328515284283952,0.015
1395,0.95,0.95,483.582,0.00023987658763146614,0.015
1396,1.2,1.2,149.352,0.0023970218008463264,0.015
1397,0.6,0.6,187.305,0.0049705026560956725,0.03
1398,0.8,0.8,280.9,0.0011747953008187971,0.015
1399,0.95,0.95,171.892,0.001762734740418402,0.015
1400,1.05,1.05,113.167,0.002005885107849456,0.015
1401,0.9,0.9,248.839,0.0016516703571385497,0.015
1402,1.15,1.15,78.995,0.0029115766820684793,0.015
1403,0.95,0.95,229.634,0.0028044627537733968,0.015
1404,0.95,0.95,266.324,0.0001,0.015
1405,1.35,1.35,473.083,0.0010611245806761175,0.015
1406,1.05,1.05,196.76,0.00139255946330555,0.015
1407,0.65,0.65,204.646,0.001939935302913325,0.015
1408,0.9,0.9,237.916,0.00148792010625599,0.015
1409,0.95,0.95,152.786,0.005556791852656652,0.015
1410,1.1,1.1,325.138,0.0014855230702040354,0.015
1411,0.7,0.7,7.374,0.004882017900732247,0.015
1412,0.8,0.8,12.1,0.0001,0.015
1413,0.8,0.8,166.877,0.0031160675227862463,0.015
1414,1.95,1.05,83.578,0.0016391873459522895,0.015
1415,1.25,1.25,112.335,0.0038011305470245214,0.015
1416,1.25,1.25,195.01,0.00017435003333162303,0.015
1417,1.6,1.05,115.512,0.0007358542835376408,0.015
1418,1.6,1.05,265.582,0.006973364158715574,0.015
1419,1.52,1.52,643.789,0.0006632607888609474,0.015
1420,0.8,0.8,139.481,0.00539858475347897,0.015
1421,1.2,1.2,34.73,0.02150878203282467,0.015
1422,1.5,1.5,348.921,0.0026252360849590606,0.015
1423,1.15,1.15,182.169,0.0013229473730437152,0.015
1424,0.8,0.8,281.734,0.0003017030248390325,0.015
1425,0.8,0.8,189.365,0.0010139149262007243,0.015
1426,0.9,0.9,696.211,0.0015440721275590292,0.015
1427,1.05,1.05,344.888,0.0028849945489550235,0.015
1428,1.05,1.05,629.588,0.002090255849857367,0.015
1429,0.95,0.95,298.129,0.002002488855495438,0.015
1430,2.45,1.05,137.291,0.011297171700985494,0.015
1431,0.85,0.85,188.018,0.001414758161452627,0.015
1432,0.8,0.8,240.713,0.0010136552658144753,0.015
1433,1.2,1.2,154.37,0.0023061475675325567,0.015
1434,0.9,0.9,145.137,0.0028662573981824034,0.015
1435,0.9,0.9,286.889,0.0004391942528294896,0.015
1436,1.2,1.2,158.715,0.0017011624610150297,0.015
1437,1.05,1.05,47.585,0.01347063150152359,0.015
1438,1.05,1.05,286.889,0.001024786589935482,0.015
1439,1.05,1.05,696.211,0.0006118834663629276,0.015
1440,0.95,0.95,127.724,0.0005323979831511736,0.015
1441,1.3,1.3,1082.542,0.0006235323895054417,0.015
1442,1.15,1.15,197.872,0.00212258429691922,0.015
1443,0.9,0.9,498.557,0.0018393082435910033,0.015
1444,1.05,1.05,442.582,0.0011478098973749498,0.015
1445,1.05,1.05,190.523,0.0008240474903292518,0.015
1446,0.8,0.8,28.627,0.003178817200544947,0.015
1447,1.15,1.15,7.475,0.011103678929765912,0.015
1448,0.65,0.65,7.255,0.007994486560992395,0.015
1449,1.05,1.05,190.86,0.0027507073247406448,0.015
1450,0.95,0.95,450.136,0.0007864289903495824,0.015
1451,1.3,1.3,158.978,0.0014970624866333705,0.015
1452,1.2,1.2,45.589,0.005110882011011421,0.015
1453,0.95,0.95,115.066,0.0007821598039386079,0.015
1454,1.05,1.05,1087.856,0.0010130017208159901,0.015
1455,1.2,1.2,709.626,0.0023589891013012488,0.015
1456,0.95,0.95,208.826,0.0050568415810291825,0.015
1457,1.2,1.2,271.73,0.006797188385529753,0.015
1458,1.05,1.05,833.105,0.0006505782584428131,0.015
1459,1.25,1.25,215.338,0.0013467200401229697,0.015
1460,1.05,1.05,519.131,0.0029953903735280697,0.015
1461,1.65,1.65,503.333,0.003433114856367454,0.015
1462,1.05,1.05,675.888,0.0013700494756527703,0.015
1463,1.2,1.2,388.241,0.002060575776386316,0.015
1464,0.95,0.95,214.24,0.0027352501867064965,0.015
1465,1.25,1.25,161.721,0.002244606451852264,0.015
1466,0.95,0.95,272.09,0.0032636260061009222,0.015
1467,1.2,1.2,546.163,0.0005621032548891088,0.015
1468,1.05,1.05,674.568,0.002085779343224108,0.015
1469,0.75,0.75,136.214,0.0029512384923722976,0.015
1470,0.85,0.85,303.622,0.004014860583225194,0.015
1471,0.95,0.95,130.795,0.00040521426660040477,0.015
1472,0.75,0.75,161.427,0.0015239086398186204,0.015
1473,1.05,1.05,355.599,0.0011361111814150206,0.015
1474,1.05,1.05,443.613,0.004082387125715432,0.015
1475,0.95,0.95,104.287,0.0023588750275681573,0.015
1476,0.75,0.75,90.094,0.006315625901835865,0.015
1477,0.75,0.75,88.627,0.010267751362451625,0.015
1478,1.05,1.05,174.602,0.003837298541826556,0.015
1479,0.95,0.95,119.284,0.003370108312933832,0.015
1480,0.85,0.85,426.86,0.003183713629761514,0.015
1481,0.75,0.75,100.605,0.005586203469012477,0.015
1482,1.35,1.35,144.242,0.012312641255667557,0.015
1483,1.25,1.25,270.974,0.00494143349546451,0.015
1484,1.35,1.35,392.945,0.0018272277290714985,0.015
1485,1.15,1.15,91.418,0.004386444682666431,0.015
1486,0.7,0.7,66.555,0.003711216287281194,0.015
1487,1.25,1.25,121.248,0.005492874109263661,0.015
1488,0.93,0.93,138.49,0.0003971405877680678,0.015
1489,0.96,0.96,53.11,0.02521182451515723,0.015
1490,0.94,0.94,379.37,0.0001687007407016898,0.015
1491,0.9,0.9,189.22,0.0023676144170806444,0.015
1492,0.9,0.9,93.25,0.0054691689008042966,0.015
1493,0.75,0.75,223.56,0.000934872070137769,0.015
1494,0.81,0.81,186.3,0.002544283413848632,0.015
1495,1.17,1.17,174.89,0.00014294699525415673,0.015
1496,1.08,1.08,186.63,0.0010180571183625328,0.015
1497,1.0,1.0,306.22,0.0011135784729932733,0.015
1498,0.49,0.49,236.38,0.0022379219900160756,0.015
1499,0.96,0.96,87.33,0.007088056796060916,0.015
1500,0.86,0.86,149.85,0.0036569903236569907,0.015
1501,0.95,0.95,137.2,0.0018586005830903785,0.015
1502,0.96,0.96,255.42,0.0017892099287448154,0.015
1503,0.69,0.69,196.6,0.002451678535096644,0.015
1504,0.8,0.8,172.83,0.0007174680321703388,0.015
1505,0.95,0.95,207.04,0.0006858578052550249,0.015
1506,0.88,0.88,214.27,0.002207495216315862,0.015
1507,0.78,0.78,305.69,0.0040302267002518925,0.015
1508,0.96,0.96,365.29,0.0014426893700895183,0.015
1509,0.88,0.88,343.79,0.0021524768026993228,0.015
1510,0.75,0.75,101.71,0.005997443712515989,0.015
1511,0.93,0.93,95.88,0.006539424280350427,0.015
1512,0.83,0.83,234.59,0.0028262074257214688,0.015
1513,0.88,0.88,79.72,0.0034997491219267425,0.015
1514,1.32,1.32,130.88,0.0017038508557457271,0.015
1515,1.12,1.12,195.93,0.00620629816771296,0.015
1516,1.03,1.03,223.5,0.004093959731543625,0.015
1517,1.68,1.68,245.54,0.0008267492058320449,0.015
1518,1.0,1.0,150.9,0.006918489065606365,0.015
1519,1.06,1.06,213.82,0.0007015246468992586,0.015
1520,1.12,1.12,158.3,0.002444725205306383,0.015
1521,1.03,1.03,77.17,0.00011662563172217624,0.015
1522,0.96,0.96,430.81,0.009800143914950907,0.015
1523,1.05,1.05,240.85,0.0010753581067054197,0.015
1524,0.82,0.82,313.31,0.0012000893683572164,0.015
1525,0.7,0.7,186.67,0.0009910537311833697,0.015
1526,1.06,1.06,220.82,0.0013042296893397349,0.015
1527,1.01,1.01,826.56,0.00022986837011227195,0.015
1528,1.28,1.28,134.81,0.0027446035160596403,0.015
1529,0.9,0.9,216.72,0.0022748246585455904,0.015
1530,0.92,0.92,206.71,0.0008127328140873695,0.015
1531,1.14,1.14,174.75,0.0041316165951359105,0.015
1532,1.11,1.11,52.79,0.019435499147565823,0.015
1533,1.42,1.42,82.41,0.006734619585001817,0.015
1534,1.1,1.1,170.16,0.0028385049365303224,0.015
1535,1.0,1.0,107.69,0.0020521868325749765,0.015
1536,1.05,1.05,83.331,0.012600352809878673,0.015
1537,0.85,0.85,47.58,0.002164775115594792,0.015
1538,0.9,0.9,182.509,0.0024601526500063003,0.015
1539,1.05,1.05,36.493,0.008056339571972708,0.015
1540,0.95,0.95,333.257,0.0004471023864464963,0.015
1541,0.9,0.9,144.3,0.0023700623700623705,0.015
1542,0.65,0.65,295.083,0.000542220324451087,0.015
1543,1.17,1.17,843.415,0.0007137648725716289,0.015
1544,1.45,1.45,143.817,0.005020268813839813,0.015
1545,1.05,1.05,186.938,0.0024981544683263975,0.015
1546,1.15,1.15,117.142,0.004635399771217836,0.015
1547,0.75,0.75,140.63,0.0003555429140297253,0.015
1548,1.2,1.2,145.447,0.0048677525146616964,0.015
1549,1.5,1.5,846.059,0.0005306958498166202,0.015
1550,0.8,0.8,52.815,0.0071570576540755495,0.015
1551,0.9,0.9,142.804,0.00030111201366908596,0.015
1552,0.85,0.85,272.216,0.0002093925412172684,0.015
1553,0.85,0.85,191.753,0.0014289215814094175,0.015
1554,1.05,1.05,721.261,0.0023791664875821654,0.015
1555,1.5,1.5,318.799,0.002772907066835216,0.015
1556,1.25,1.25,709.423,0.0019973978853237064,0.015
1557,1.15,1.15,54.353,0.01164609129210899,0.015
1558,0.85,0.85,301.294,0.00018918398640530492,0.015
1559,0.75,0.75,106.377,0.01586809178675842,0.015
1560,0.85,0.85,152.054,0.0007628868691385933,0.015
1561,0.85,0.85,30.603,0.019540567918177952,0.015
1562,1.15,1.15,96.397,0.0028112908078052256,0.015
1563,1.35,1.35,263.316,0.005240851296541039,0.015
1564,0.85,0.85,238.62,0.004375157153633394,0.015
1565,0.92,0.92,239.04,0.0008408634538152595,0.015
1566,0.52,0.52,50.04,0.0006594724220623396,0.015
1567,1.15,1.15,460.29,0.003367442264659237,0.015
1568,1.02,1.02,319.52,0.0005821231847771656,0.015
1569,0.92,0.92,763.13,0.0009002398018686198,0.015
1570,0.77,0.77,234.67,0.00240763625516683,0.015
1571,1.58,1.58,283.96,0.001433300464854205,0.015
1572,1.05,1.05,264.71,0.0015186430433304376,0.015
1573,0.72,0.72,77.74,0.0036017494211474177,0.015
1574,0.75,0.75,76.84,0.006910463300364395,0.015
1575,1.12,1.12,248.05,0.0016125781092521665,0.015
1576,1.17,1.17,100.57,0.0001,0.015
1577,0.97,0.97,615.08,0.0017314820836313973,0.015
1578,0.5,0.5,35.71,0.001176141136936452,0.015
1579,0.95,0.95,103.79,0.0041911552172656285,0.015
1580,0.65,0.65,73.64,0.008120586637696901,0.015
1581,1.05,1.05,662.185,0.0008169922302679765,0.015
1582,1.5,1.5,296.433,0.002546949900989431,0.015
1583,0.9,0.9,272.468,0.001020303301672123,0.015
1584,0.85,0.85,28.005,0.005141938939475099,0.015
1585,1.1,1.1,122.288,0.0063538531990056275,0.015
1586,1.15,1.15,194.957,0.0015182835189298143,0.015
1587,0.95,0.95,25.115,0.00864025482779216,0.015
1588,1.05,1.05,197.066,0.0021515634356002555,0.015
1589,1.35,1.35,487.328,0.002589631623875501,0.015
1590,1.45,1.45,134.041,0.00664721988048433,0.015
1591,1.15,1.15,209.827,0.0011437994157091327,0.015
1592,1.5,1.5,165.653,0.004750894943043593,0.015
1593,1.14,1.14,640.35,0.0003513703443429369,0.015
1594,2.05,2.05,288.21,0.0001,0.015
1595,1.23,1.23,287.6,0.002538247566063979,0.015
1596,0.76,0.76,299.23,0.0033820138355111435,0.015
1597,0.93,0.93,292.4,0.0008549931600547197,0.015
1598,1.44,1.44,291.06,0.0024118738404452686,0.015
1599,0.84,0.84,131.16,0.009629460201280882,0.015
1600,1.1,1.1,737.18,0.0011462600721669073,0.015
1601,0.92,0.92,105.33,0.0037786005886262194,0.015
1602,0.89,0.89,446.69,0.0004746020730260354,0.015
1603,0.93,0.93,43.35,0.014486735870818897,0.015
1604,0.97,0.97,66.54,0.003471596032461675,0.015
1605,1.02,1.02,155.39,0.007259154385739109,0.015
1606,0.8,0.8,605.95,0.0005148939681491877,0.015
1607,1.06,1.06,707.68,0.00043663802848745224,0.015
1608,0.84,0.84,139.18,0.004900129328926572,0.015
1609,1.05,1.05,23.46,0.04045183290707589,0.015
1610,0.9,0.9,489.52,0.001237947377022389,0.015
1611,1.26,1.26,187.76,0.002742863229654877,0.015
1612,1.09,1.09,257.75,0.004174587778855482,0.015
1613,0.92,0.92,144.57,0.0008784671785294307,0.015
1614,1.18,1.18,21.46,0.02530288909599255,0.015
1615,1.34,1.34,150.21,0.003089008721123757,0.015
1616,0.91,0.91,432.7,0.0012364224636006475,0.015
1617,1.08,1.08,73.09,0.004337118620878371,0.015
1618,0.86,0.86,190.77,0.002212087854484456,0.015
1619,1.23,1.23,98.53,0.0010047701207754004,0.015
1620,1.43,1.43,99.75,0.0007318295739348411,0.015
1621,1.28,1.28,279.46,0.002486939096829598,0.015
1622,1.12,1.12,418.91,0.0006302069656966895,0.015
1623,0.77,0.77,282.48,0.001380628717077314,0.015
1624,1.18,1.18,271.01,0.0017932917604516463,0.015
1625,0.96,0.96,400.23,0.0014541638557829244,0.015
1626,0.87,0.87,127.72,0.00032884434700908093,0.015
1627,1.08,1.08,102.12,0.0011848805327066153,0.015
1628,0.95,0.95,251.73,0.0010050450879910985,0.015
1629,0.92,0.92,176.28,0.0007998638529611981,0.015
1630,1.04,1.04,395.59,0.002252331959857428,0.015
1631,0.73,0.73,75.95,0.009335088874259387,0.015
1632,0.73,0.73,173.92,0.00452506899724011,0.015
1633,1.23,1.23,367.14,0.0008688783570300157,0.015
1634,1.22,1.22,574.61,0.0001,0.015
1635,1.18,1.18,226.14,0.0009507384805872462,0.015
1636,0.94,0.94,812.45,0.0002621699796910569,0.015
1637,0.68,0.68,285.96,0.0006014827248566254,0.015
1638,1.45,1.45,172.93,0.0012027988203319273,0.015
1639,0.92,0.92,118.08,0.0033113143631436316,0.015
1640,1.0,1.0,269.61,0.004736471199139498,0.015
1641,1.1,1.1,366.83,0.0005888286127088847,0.015
1642,0.99,0.99,475.74,0.0005191911548324713,0.015
1643,1.15,1.15,411.0,0.006345498783454985,0.015
1644,1.44,1.44,210.53,0.00011399800503491198,0.015
1645,0.81,0.81,102.5,0.004156097560975603,0.015
1646,1.08,1.08,289.55,0.0001,0.015
1647,0.74,0.74,469.49,0.0002257769068563758,0.015
1648,0.91,0.91,337.77,0.0035142256565118286,0.015
1649,1.12,1.12,273.44,0.005273551784669398,0.015
1650,1.14,1.14,270.32,0.00032184078129624054,0.015
1651,1.03,1.03,76.54,0.00697674418604652,0.015
1652,0.84,0.84,114.66,0.010675039246467812,0.015
1653,0.95,0.95,80.44,0.008515663848831423,0.015
1654,0.96,0.96,75.39,0.008276959808993243,0.015
1655,0.93,0.93,53.93,0.014796959020953088,0.015
1656,1.51,1.51,713.86,0.00029137365870058457,0.015
1657,0.95,0.95,160.24,0.01117074388417374,0.015
1658,1.35,1.35,101.4,0.009250493096646939,0.015
1659,1.14,1.14,330.39,0.0010956748085595815,0.015
1660,0.77,0.77,42.42,0.006506364922206501,0.015
1661,1.03,1.03,164.55,0.001343056821634762,0.015
1662,0.94,0.94,153.05,0.001790264619405423,0.015
1663,0.87,0.87,143.39,0.0004254132087314314,0.015
1664,0.93,0.93,268.21,0.002028261436933748,0.015
1665,0.67,0.67,206.05,0.0024363018684785236,0.015
1666,0.71,0.71,156.44,0.006622347225773457,0.015
1667,0.8,0.8,191.82,0.00016160984256073242,0.015
1668,1.17,1.17,325.01,0.0028829882157472074,0.015
1669,0.88,0.88,384.0,0.0021927083333333334,0.015
1670,0.76,0.76,411.04,0.00019462826002335554,0.015
1671,1.06,1.06,218.67,0.0028261764302373454,0.015
1672,1.01,1.01,228.19,0.0036329374643937077,0.015
1673,0.81,0.81,137.81,0.006327552427254916,0.015
1674,0.91,0.91,291.55,0.0023598010632824547,0.015
1675,0.82,0.82,145.82,0.004498697023727882,0.015
1676,1.02,1.02,120.45,0.0021917808219178102,0.015
1677,0.79,0.79,198.93,0.0010254863519831106,0.015
1678,1.15,1.15,240.56,0.007557366145660127,0.015
1679,1.06,1.06,325.57,0.0044230119482753325,0.015
1680,1.52,1.52,171.92,0.0023964634713820377,0.015
1681,1.51,1.51,83.25,0.0009489489489489458,0.015
1682,0.92,0.92,106.7,0.005313964386129336,0.015
1683,1.04,1.04,153.05,0.0007317869977131662,0.015
1684,1.34,1.34,569.65,0.000926884929342578,0.015
1685,1.17,1.17,195.33,0.002754313213536066,0.015
1686,0.93,0.93,386.95,0.0018787957100400553,0.015
1687,1.08,1.08,400.9,0.0013769019705662262,0.015
1688,1.05,1.05,199.35,0.00023074993729620957,0.015
1689,1.02,1.02,96.35,0.000674623767514275,0.015
1690,1.18,1.18,238.55,0.0023768601970236853,0.015
1691,1.27,1.27,318.42,0.004355882168205513,0.015
1692,1.12,1.12,732.53,0.0007958718414262899,0.015
1693,1.0,1.0,969.24,0.0009141182782386201,0.015
1694,0.76,0.76,84.86,0.005326419985859067,0.015
1695,1.31,1.31,127.5,0.0008470588235294126,0.015
1696,0.88,0.88,277.6,0.001239193083573488,0.015
1697,1.06,1.06,169.56,0.00014154281670205248,0.015
1698,0.95,0.95,143.04,0.0025167785234899323,0.015
1699,1.02,1.02,448.93,0.0018532956140155487,0.015
1700,1.51,1.51,5.38,0.008736059479553849,0.015
1701,1.06,1.06,115.43,0.007034566403881134,0.015
1702,0.83,0.83,256.43,0.00015208828920173202,0.015
1703,1.16,1.16,190.84,0.00010479983232026838,0.015
1704,0.92,0.92,190.57,0.0005142467334837585,0.015
1705,0.54,0.54,105.06,0.0018465638682657523,0.015
1706,1.29,1.29,180.32,0.0005157497781721383,0.015
1707,0.68,0.68,125.3,0.003631284916201118,0.015
1708,0.99,0.99,33.5,0.002059701492537312,0.015
1709,1.2,1.2,635.34,0.0005792174268895399,0.015
1710,0.85,0.85,39.21,0.002703391991838813,0.015
1711,1.16,1.16,239.61,0.0005425483076666245,0.015
1712,0.85,0.85,138.23,0.005707878174057728,0.015
1713,1.1,1.1,112.49,0.0011023202062405597,0.015
1714,1.22,1.22,19.17,0.004538341158059454,0.015
1715,1.25,1.25,201.4,0.00283018867924528,0.015
1716,0.76,0.76,96.16,0.000717554076539101,0.015
1717,1.33,1.33,106.65,0.004172526957337082,0.015
1718,0.85,0.85,162.1,0.0026156693399136304,0.015
1719,0.94,0.94,28.8,0.004062499999999999,0.015
1720,0.84,0.84,119.47,0.0003682932953879638,0.015
1721,1.4,1.4,508.0183328,0.0021652761898123367,0.015
1722,1.35,1.35,527.95820247,0.00019887938005085996,0.015
1723,0.85,0.85,161.491,0.0017090735706633792,0.015
1724,1.1,1.1,236.777,0.003146420471582965,0.015
1725,0.75,0.75,83.331,0.0015360430092042536,0.015
1726,1.25,1.25,164.379,0.002518569890314457,0.015
1727,1.6,1.6,286.063,0.00018876960669502967,0.015
1728,1.2,1.2,228.646,0.0028034603710539417,0.015
1729,1.5,1.5,173.877,0.0006958942240779401,0.015
1730,1.95,1.95,416.114,0.0020547253877543172,0.015
1731,0.75,0.75,272.4,0.0025183553597650514,0.015
1732,0.8,0.8,37.352,0.027468408652816446,0.015
1733,0.95,0.95,81.763,0.002910852096914252,0.015
1734,1.15,1.15,460.127,0.001812543058764211,0.015
1735,0.95,0.95,432.733,0.0003674321117178497,0.015
1736,0.95,0.95,382.258,0.0005493671813277943,0.015
1737,0.9,0.9,272.353,0.005298270993893954,0.015
1738,1.1,1.1,609.67,0.0010284252136401665,0.015
1739,1.1,1.1,8.847,0.0007912286650841725,0.015
1740,0.58,0.58,9.698,0.0004124561765312439,0.015
1741,1.7,1.05,167.035,0.0005148621546382513,0.015
1742,0.71,0.71,202.949,0.002537583333743948,0.015
1743,0.9,0.9,303.33,0.00048791744964230276,0.015
1744,0.95,0.95,824.112,0.0001,0.015
1745,1.15,1.15,798.548,0.0006186228003826944,0.015
1746,1.05,1.05,285.224,0.0007397694443665333,0.015
1747,0.95,0.95,194.997,0.0055282901788232626,0.015
1748,0.85,0.85,160.97,0.0073740448530782154,0.015
1749,0.75,0.75,340.35,0.000787424709857499,0.015
1750,0.6,0.6,137.803,0.005188566286655587,0.015
1751,3.05,1.05,380.515,0.0035478233446776084,0.015
1752,0.75,0.75,225.522,0.0024875621890547263,0.015
1753,0.9,0.9,560.95,0.0010196987253765924,0.015
1754,0.78,0.78,134.562,0.0025490108648801293,0.015
1755,0.65,0.65,124.24,0.006318415969092077,0.015
1756,0.65,0.65,129.495,0.006996409127765552,0.015
1757,1.18,1.18,67.79,0.011801150612184685,0.015
1758,0.79,0.79,191.1,0.004055468341182627,0.015
1759,1.66,1.66,236.93,0.002612585995863757,0.015
1760,1.11,1.11,225.53,0.0022746419545071604,0.015
1761,1.66,1.66,144.03,0.013281955148233006,0.015
1762,1.3,1.3,226.37,0.0015549763661262528,0.015
1763,0.64,0.64,374.11,0.005121488332308679,0.015
1764,0.92,0.92,28.0,0.018035714285714283,0.015
1765,1.26,1.26,479.94,0.00039796641246822486,0.015
1766,1.1,1.1,361.07,0.003819204032459081,0.015
1767,0.79,0.79,374.66,0.0007927187316500297,0.015
1768,0.86,0.86,182.09,0.011807348014717998,0.015
1769,0.91,0.91,278.19,0.00018692260685143104,0.015
1770,1.22,1.22,175.36,0.0029995437956204366,0.015
1771,0.64,0.64,143.85,0.004011122697254084,0.015
1772,0.88,0.88,72.99,0.011001507055761063,0.015
1773,1.0,1.0,139.36,0.002181400688863374,0.015
1774,0.92,0.92,338.66,0.000304139845272544,0.015
1775,0.94,0.94,251.43,0.0001,0.015
1776,1.23,1.23,397.72,0.0004777230212209604,0.015
1777,0.86,0.86,1002.81,0.0011597411274319167,0.015
1778,0.98,0.98,499.83,0.001892643498789589,0.015
1779,0.9,0.9,375.29,0.002416797676463535,0.015
1780,1.01,1.01,126.45,0.001684460260972717,0.015
1781,1.01,1.01,107.52,0.0036179315476190456,0.015
1782,1.14,1.14,132.4,0.0007854984894259792,0.015
1783,0.88,0.88,88.22,0.00035139424166855744,0.015
1784,0.83,0.83,121.28,0.010314973614775728,0.015
1785,1.13,1.13,348.19,0.0008414945862890954,0.015
1786,1.17,1.17,284.42,0.0013817593699458539,0.015
1787,1.06,1.06,39.79,0.010856999246041717,0.015
1788,0.94,0.94,197.23,0.0038077371596613088,0.015
1789,1.01,1.01,213.42,0.00034673413925592864,0.015
1790,0.97,0.97,339.68,0.0021137541215261436,0.015
1791,1.29,1.29,139.42,0.0001,0.015
1792,1.01,1.01,388.85,0.000429471518580429,0.015
1793,1.03,1.03,93.75,0.003978666666666664,0.015
1794,0.94,0.94,77.67,0.0029226213467233204,0.015
1795,1.03,1.03,251.22,0.0045298941167104525,0.015
1796,1.11,1.11,128.05,0.00895743850058571,0.015
1797,1.32,1.32,284.92,0.004517057419626562,0.015
1798,0.94,0.94,187.31,0.0013026533554001398,0.015
1799,0.9,0.9,532.6,0.002101013894104394,0.015
1800,1.24,1.24,165.29,0.00026619880210538807,0.015
1801,1.17,1.17,254.24,0.00027926368785399514,0.015
1802,0.87,0.87,207.94,0.006006540348177357,0.015
1803,1.04,1.04,262.55,0.0020262807084364884,0.015
1804,0.83,0.83,399.53,0.0007934322829324461,0.015
1805,1.02,1.02,48.22,0.0011613438407299887,0.015
1806,0.45,0.45,161.22,0.004341893065376505,0.03
1807,0.86,0.86,385.62,0.002263886727866811,0.015
1808,0.92,0.92,643.78,0.0008853956320482143,0.015
1809,1.05,1.05,69.42,0.0074762316335350056,0.015
1810,0.85,0.85,183.4,0.0007797164667393712,0.015
1811,0.99,0.99,174.71,0.0008356705397515878,0.015
1812,0.96,0.96,39.51,0.028828144773475076,0.015
1813,1.09,1.09,281.56,0.0018717147322062798,0.015
1814,1.17,1.17,25.44,0.003419811320754724,0.015
1815,1.46,1.46,333.69,0.000515448470136954,0.015
1816,2.38,2.38,1145.94,0.0006143428102692987,0.015
1817,0.96,0.96,113.48,0.0013923158265773737,0.015
1818,0.95,0.95,355.95,0.003885377159713443,0.015
1819,0.86,0.86,257.57,0.0009473152929300764,0.015
1820,0.93,0.93,165.54,0.0017699649631508984,0.015
1821,0.68,0.68,32.22,0.005338299193047787,0.015
1822,1.14,1.14,111.17,0.0005756948817126927,0.015
1823,1.15,1.15,55.4,0.018014440433213,0.015
1824,1.08,1.08,62.51,0.009262517997120464,0.015
1825,1.34,1.34,236.08,0.001520670958996952,0.015
1826,0.87,0.87,258.11,0.0019139126728914037,0.015
1827,1.17,1.17,33.53,0.009215627796003571,0.015
1828,1.21,1.21,17.54,0.0032497149372861995,0.015
1829,0.45,0.45,227.8,0.0045171202809482,0.015
1830,0.98,0.98,15.68,0.004655612244897985,0.015
1831,1.27,1.27,394.36,0.00016228826452987133,0.015
1832,1.52,1.52,393.31,0.0005441000737331875,0.015
1833,0.98,0.98,348.34,0.0004966412126083713,0.015
1834,1.15,1.15,241.68,0.0017254220456802375,0.015
1835,0.92,0.92,227.37,0.0024145665655099613,0.015
1836,1.17,1.17,131.5,0.002532319391634979,0.015
1837,0.91,0.91,111.93,0.00011614401858304605,0.015
1838,1.03,1.03,206.25,0.0002618181818181831,0.015
1839,1.36,1.36,59.37,0.0036382011116725577,0.015
1840,0.81,0.81,138.36,0.0020742989303266833,0.015
1841,0.66,0.66,263.96,0.004254432489771177,0.015
1842,0.65,0.65,54.76,0.004218407596785965,0.015
1843,0.65,0.65,360.76,0.007046235724581439,0.015
1844,0.8,0.8,120.32,0.006291555851063828,0.015
1845,1.05,1.05,287.01,0.0035085885509215696,0.015
1846,0.86,0.86,317.98,0.0006195358198628847,0.015
1847,1.34,1.34,156.1,0.004208840486867393,0.015
1848,0.82,0.82,139.31,0.003431196611872803,0.015
1849,1.45,1.45,15.28,0.022120418848167546,0.015
1850,0.95,0.95,85.64,0.011653432975245214,0.015
1851,0.89,0.89,67.62,0.009346347234545986,0.015
1852,0.42,0.42,63.61,0.0006917151391290684,0.03
1853,0.69,0.69,65.06,0.0007531509375960641,0.03
1854,0.81,0.81,67.47,0.0019416036757077253,0.03
1855,1.15,1.15,50.89,0.003438789546079785,0.03
1856,0.9,0.9,95.18,0.0001,0.015
1857,0.84,0.84,89.24,0.0056588973554459925,0.015
1858,0.87,0.87,27.79,0.039870456998920466,0.015
1859,0.82,0.82,17.61,0.004031800113571844,0.015
1860,0.99,0.99,98.23,0.003043876616105059,0.015
1861,0.95,0.95,198.048,0.009083656487316205,0.015
1862,1.2,1.2,36.644,0.023823818360441007,0.015
1863,0.95,0.95,229.504,0.008113148354712772,0.015
1864,1.05,1.05,283.356,0.002480977992348847,0.015
1865,1.75,1.75,167.147,0.0028956547230880605,0.015
1866,1.15,1.15,506.983,0.0021085519632808203,0.015
1867,0.95,0.95,203.049,0.004540775871833893,0.015
1868,0.8,0.8,104.015,0.00683555256453396,0.015
1869,0.9,0.9,107.128,0.002146964379060563,0.015
1870,0.9,0.9,82.598,0.002772464224315357,0.015
1871,0.9,0.9,84.358,0.00788306977405818,0.015
1872,0.9,0.9,44.411,0.008263718448132219,0.015
1873,0.7,0.7,269.521,0.0011501886680444196,0.015
1874,1.15,1.15,56.544,0.018799518958687037,0.015
1875,1.0,1.0,59.83,0.005231489219455126,0.015
1876,0.75,0.75,190.961,0.005796995197972359,0.015
1877,1.2,1.2,44.618,0.009099466582993413,0.015
1878,1.05,1.05,95.809,0.012201358953751736,0.015
1879,1.05,1.05,105.897,0.0028518277193877073,0.015
1880,0.95,0.95,60.316,0.002553219709529808,0.015
1881,0.75,0.75,217.39,0.0018078108468650824,0.015
1882,0.76,0.76,181.16,0.0004526385515566367,0.015
1883,0.92,0.92,259.75,0.0014128970163618864,0.015
1884,1.09,1.09,30.65,0.0026753670473083297,0.015
1885,0.76,0.76,35.3,0.013087818696883859,0.015
1886,1.48,1.48,302.92,0.004341080153175756,0.015
1887,1.55,1.55,250.29,0.004458827759798634,0.015
1888,0.92,0.92,284.32,0.005040095666854249,0.015
1889,1.43,1.43,561.64,0.0003739049925219005,0.015
1890,0.93,0.93,330.25,0.0022588947766843306,0.015
1891,0.86,0.86,262.28,0.002729906969650755,0.015
1892,0.7,0.7,125.78,0.0010096994752742884,0.015
1893,0.99,0.99,314.15,0.002295081967213115,0.015
1894,0.68,0.68,309.06,0.00302206691257361,0.015
1895,0.67,0.67,111.26,0.003388459464317814,0.015
1896,0.77,0.77,72.14,0.003673412808428058,0.015
1897,0.96,0.96,258.73,0.00045220886638580756,0.015
1898,0.97,0.97,247.39,0.0006750474958567446,0.015
1899,0.93,0.93,163.31,0.007794991121180577,0.015
1900,1.57,1.57,163.14,0.0007723427730783384,0.015
1901,0.7,0.7,46.04,0.0184622067767159,0.015
1902,0.83,0.83,114.71,0.0018742916920931032,0.015
1903,0.76,0.76,21.24,0.03347457627118645,0.015
1904,1.13,1.13,40.01,0.0038490377405648625,0.015
1905,1.05,1.05,150.38713162,0.0030986693806854012,0.015
1906,1.2,1.2,352.84662215,0.0003429252043358422,0.015
1907,1.1,1.1,129.18803449,0.0035684419367467404,0.015
1908,1.2,1.2,228.9450767,0.0025901408693624903,0.015
1909,1.1,1.1,286.6451779,0.002564145698820776,0.015
1910,1.1,1.1,243.64891068,0.0004884076832844545,0.015
1911,1.2,1.2,517.79617655,0.00028968927696497774,0.015
1912,1.1,1.1,82.83703696,0.0008088169550578305,0.015
1913,1.2,1.2,171.96739191,0.0017503318312667672,0.015
1914,1.2,1.2,513.70261565,0.0019700113824016492,0.015
1915,1.1,1.1,146.04446835,0.0018282102911294515,0.015
1916,1.2,1.2,47.01823682,0.005104402381543801,0.015
1917,1.1,1.1,449.30918096,0.001486726798176573,0.015
1918,1.2,1.2,357.88019532,0.0005895827787042919,0.015
1919,0.9,0.9,97.25462491,0.0019741991723034053,0.015
1920,1.2,1.2,122.14160888,0.0004584842177330262,0.015
1921,0.9,0.9,141.77368314,0.0030541634414083534,0.015
1922,1.1,1.1,103.47110532,0.0005992010987826594,0.015
1923,1.2,1.2,88.97570405,0.0003146926489535372,0.015
1924,0.8,0.8,226.01911414,0.0010220374541283913,0.015
1925,0.9,0.9,212.26833316,0.0016582784382382452,0.015
1926,0.4,0.4,124.38779275,0.0014631660870917625,0.015
1927,1.0,1.0,92.26849259,0.008150127729316574,0.015
1928,0.9,0.9,57.32125208,0.010676668387247833,0.015
1929,0.9,0.9,79.01631871,0.01168113137980433,0.015
1930,1.1,1.1,120.67357003,0.00015744955581637837,0.015
1931,0.9,0.9,245.59661655,0.0007776980101886535,0.015
1932,0.9,0.9,19.66495428,0.0050851885326631645,0.015
1933,1.2,1.2,158.32585956,0.008431976960112953,0.015
1934,0.9,0.9,170.8112901,0.00045664428829227257,0.015
1935,0.45,0.45,108.56225929,0.0017501478068216749,0.015
1936,0.8,0.8,42.64194643,0.03264391324830996,0.015
1937,0.8,0.8,296.23083358,0.0033588670969029624,0.015
1938,1.2,1.2,122.10086638,0.01052408584883293,0.015
1939,0.9,0.9,162.54798069,0.030563283400454035,0.015
1940,0.9,0.9,48.48829985,0.04910462951610374,0.015
1941,0.8,0.8,226.89175075,0.005438716903197064,0.015
1942,0.9,0.9,190.15646635,0.000962365380008545,0.015
1943,0.9,0.9,56.02873017,0.018169249899314625,0.015
1944,0.7,0.7,56.09395666,0.0014440058220703395,0.015
1945,0.8,0.8,44.12371218,0.022754205174402433,0.015
1946,1.2,1.2,458.65618887,0.0022304288589681596,0.015
1947,1.2,1.2,112.18285642,0.0006328952771017321,0.015
1948,0.9,0.9,113.91488212,0.003599178547787091,0.015
1949,1.2,1.2,43.19158143,0.05223240097508973,0.015
1950,0.8,0.8,138.02823984,0.0032167330432864845,0.015
1951,1.1,1.1,131.55905021,0.00010641609207160475,0.015
1952,1.0,1.0,67.20830711,0.00843645710450629,0.015
1953,1.2,1.2,765.73288615,0.0005158456782312242,0.015
1954,0.9,0.9,41.87061009,0.0034869327121380624,0.015
1955,0.9,0.9,274.22753312,0.005192768150588542,0.015
1956,0.9,0.9,176.89583389,0.002786950880406629,0.015
1957,0.8,0.8,268.56268198,0.003358620018797592,0.015
1958,0.9,0.9,147.16622117,0.004253693510801453,0.015
1959,1.2,1.2,1230.82031273,0.0014047541969509914,0.015
1960,0.9,0.9,195.27503263,0.001474842923445785,0.015
1961,1.3,1.3,15.10032928,0.0002648948857888455,0.015
1962,1.01,1.01,95.40399696,0.003008259707612978,0.015
1963,1.2,1.2,499.17282925,0.005338832251755618,0.015
1964,1.2,1.2,226.90108407,0.0006170089516046999,0.015
1965,1.1,1.1,48.98917174,0.005797199460878264,0.015
1966,1.2,1.2,170.18792496,0.0018979019814473704,0.015
1967,1.2,1.2,30.49394744,0.005771637153448184,0.015
1968,1.2,1.2,88.88993782,0.00012374853970845224,0.015
1969,0.9,0.9,261.7039648,0.000554061151159142,0.015
1970,1.2,1.2,94.87528924,0.004743068544030097,0.015
1971,0.9,0.9,253.47126596,0.00029194630689096605,0.015
1972,0.9,0.9,74.56867755,0.0023200089593113623,0.015
1973,1.2,1.2,23.54083552,0.0005947112619731316,0.015
1974,0.8,0.8,125.98503114,0.0025479217419352835,0.015
1975,0.8,0.8,246.05865992,0.0023652896434907997,0.015
1976,0.6,0.6,47.68209481,0.0011744450453182792,0.015
1977,0.6,0.6,77.17479988,0.0019565972342628873,0.015
1978,0.9,0.9,342.60473813,0.0005487373030102834,0.015
1979,0.9,0.9,210.66057943,0.0009304066310380969,0.015
1980,0.9,0.9,22.10273703,0.00013572979653733472,0.015
1981,0.9,0.9,54.7971099,0.02135149102087955,0.015
1982,0.9,0.9,105.91187964,0.0196578514806538,0.015
1983,0.9,0.9,27.03124303,0.069179208589284,0.015
1984,0.9,0.9,116.23091387,0.0057127658889670205,0.015
1985,0.45,0.45,30.80399543,0.010290872842140218,0.015
1986,0.9,0.9,147.14071967,0.0031534438668006847,0.015
1987,0.9,0.9,389.20229545,0.0015313373198657435,0.015
1988,0.9,0.9,166.98380039,0.0009102679400336724,0.015
1989,0.7,0.7,188.11140333,0.00020732395436752336,0.015
1990,1.3,1.3,1452.20942228,0.0026518213839666787,0.015
1991,0.9,0.9,95.58831355,0.018747061575290234,0.015
1992,0.7,0.7,114.57520193,0.0029500275304467968,0.015
1993,1.0,1.0,40.07678618,0.04588691298100487,0.015
1994,1.1,1.1,310.74980405,0.001866453308870558,0.015
1995,0.5,0.5,118.27987727,0.0001,0.015
1996,1.7,1.7,103.75346939,0.008259964751430277,0.015
1997,1.1,1.1,104.22126156,0.005814552529198917,0.015
1998,1.2,1.2,657.07295717,0.0001,0.015
1999,1.2,1.2,220.35386533,0.0012071492351706232,0.015
2000,1.23,1.23,453.67061942,0.00018736060119711964,0.015
2001,0.9,0.9,418.6522017,0.0002746910192590066,0.015
2002,1.1,1.1,422.81377166,0.00015136687660085205,0.03
2003,0.9,0.9,398.74995303,0.0007147336265104417,0.015
2004,0.9,0.9,147.83283946,0.006574993780478661,0.03
2005,0.9,0.9,226.42553987,0.0005211426240509224,0.015
2006,0.9,0.9,173.18827189,0.014313902280718688,0.015
2007,1.2,1.2,646.21579441,0.0019730251272550283,0.015
2008,0.9,0.9,233.03450235,0.0011886651856554977,0.015
2009,1.01,1.01,72.96936373,0.002494197437070079,0.03
2010,1.2,1.2,849.72243925,0.00019418105534041896,0.015
2011,1.2,1.2,567.52629516,0.0010096448479774076,0.015
2012,1.1,1.1,885.57620588,0.00018519016083661863,0.015
2013,1.1,1.1,145.57875256,0.002754522847245372,0.015
2014,0.83,0.83,64.32383718,0.0006995851300673281,0.015
2015,1.1,1.1,152.72991691,0.0029267350434257506,0.015
2016,1.1,1.1,91.67468129,0.009751874644341076,0.015
2017,1.14,1.14,225.18161986,0.011692783814402745,0.015
2018,0.8,0.8,101.94848735,0.0011182117848264463,0.015
2019,1.5,1.5,240.80303325,0.004410243449456214,0.015
2020,1.01,1.01,101.43423749,0.0021688929245580286,0.015
2021,0.9,0.9,293.67440576,0.0020703200145295512,0.015
2022,1.2,1.2,451.62870781,0.0001,0.015
2023,1.2,1.2,122.32374791,0.002329882830353511,0.015
2024,1.2,1.2,268.60226714,0.00274383387693397,0.015
2025,0.9,0.9,377.70053417,0.002581410169679982,0.015
2026,1.01,1.01,273.49019434,0.0019452251342460356,0.015
2027,0.9,0.9,313.7837582,0.0001,0.015
2028,1.01,1.01,947.91948955,0.0003249221093093199,0.03
2029,0.63,0.63,12.66750672,0.006552197037239873,0.015
2030,0.99,0.99,11.187328,0.010547648196244843,0.015
2031,0.71,0.71,12.5046237,0.007117367314299943,0.03
2032,0.6,0.6,11.76187261,0.007566822303816691,0.015
2033,1.11,1.11,9.27025864,0.011542288533170873,0.015
2034,0.76,0.76,9.95527549,0.01366109859406815,0.015
2035,0.68,0.68,10.98752816,0.010830461434740002,0.015
2036,1.2,1.2,9.47207484,0.011401936938243252,0.015
2037,1.16,1.16,5.13819733,0.010314901627182143,0.015
2038,1.2,1.2,11.92163241,0.0072137771944605945,0.015
2039,1.2,1.2,97.43172728,0.005408915706538833,0.015
2040,1.0,1.0,318.60114596,0.0006151892498987034,0.015
2041,0.45,0.45,295.0508401,0.003816291455460253,0.03
2042,0.5,0.5,291.80339088,0.0018882577009757611,0.015
2043,0.95,0.95,298.06462006,0.0013788956230943003,0.015
2044,0.8,0.8,231.2060411,0.005129623751859657,0.015
2045,0.7,0.7,302.08145335,0.0020060814501507056,0.015
2046,1.45,1.45,1664.80585798,0.0016332234698519814,0.015
2047,1.45,1.45,1665.32356188,0.001143921844142664,0.015
2048,1.04,1.04,315.52384401,0.001454723656274463,0.015
2049,0.95,0.95,199.62780103,0.000345643240290117,0.015
2050,1.04,1.04,792.19564451,0.006528690274735174,0.015
2051,1.17,1.17,690.94960542,0.0009436288766728161,0.015
2052,1.14,1.14,110.96592006,0.0025052736898831924,0.015
2053,1.15,1.15,415.28905353,0.00145922459272388,0.015
2054,1.05,1.05,1153.37517798,0.000469058126383036,0.015
2055,1.02,1.02,1136.09347964,0.00011618762220326105,0.015
2056,1.5,1.5,241.12883834,0.0004935121025723458,0.015
2057,1.2,1.2,327.51684302,0.0034654706290347674,0.015
2058,1.2,1.2,162.98463516,0.0016443267780236308,0.015
2059,0.9,0.9,349.09320463,0.002168475323953488,0.015
2060,1.1,1.1,264.1220371,0.009067778010106827,0.015
2061,0.75,0.75,102.67093917,0.0034186888990936654,0.015
2062,1.07,1.07,270.3670472,0.004353341178924558,0.015
2063,0.9,0.9,289.84163496,0.0009211927059300781,0.015
2064,0.9,0.9,282.05811655,0.0009962485867701923,0.015
2065,0.9,0.9,269.2163614,0.0012443523055504753,0.015
2066,0.8,0.8,280.32062204,0.002076194022988976,0.015
2067,1.01,1.01,155.26940483,0.00010948712026437062,0.015
2068,0.9,0.9,254.60970876,0.0017909764801224996,0.015
2069,0.9,0.9,270.72995884,0.0005577513498948967,0.015
2070,0.85,0.85,148.60062125,0.0029609566655832507,0.015
2071,0.8,0.8,161.3584882,0.001134120690156545,0.015
2072,0.9,0.9,416.95179576,0.002515878359722454,0.015
2073,0.6,0.6,410.12835102,0.0001,0.015
2074,0.9,0.9,559.31255276,0.00016091181854561304,0.015
2075,0.8,0.8,522.35763209,0.0008576499556587542,0.015
2076,0.8,0.8,129.47025832,0.0007801019424118809,0.015
2077,0.8,0.8,674.04712475,0.0006987642001658136,0.015
2078,1.03,1.03,273.76557835,0.0012967298596836194,0.015
2079,0.55,0.55,158.07682248,0.0148472113949339,0.015
2080,0.9,0.9,92.46134978,0.04739277558056864,0.015
2081,0.8,0.8,394.49763569,0.0006894844870850898,0.015
2082,0.9,0.9,402.43958358,0.0019679972654642213,0.015
2083,0.9,0.9,181.30447475,0.0001,0.015
2084,0.6,0.6,139.81871821,0.000972688075968017,0.015
2085,1.25,1.25,21.66608037,0.0027231506111134803,0.015
2086,1.45,1.45,256.07779706,0.00038269620062780405,0.015
2087,0.7,0.7,212.0456026,0.0048857414975697335,0.015
2088,0.8,0.8,65.30206147,0.014869362132558099,0.015
2089,0.72,0.72,475.46099876,0.0006877535714870712,0.015
2090,1.14,1.14,424.61883657,0.00047572077026003415,0.015
2091,0.91,0.91,156.21824797,0.0027397567541673665,0.015
2092,0.97,0.97,107.98908437,0.0013427283030124691,0.015
2093,0.8,0.8,455.02088162,0.00806995931027751,0.015
2094,0.91,0.91,254.45787872,0.008127081819602774,0.015
2095,0.74,0.74,185.46950001,0.0008788507004721086,0.015
2096,0.95,0.95,122.56748289,0.002031533928321498,0.015
2097,1.08,1.08,161.00207133,0.017459402706927887,0.015
2098,1.1,1.1,162.82512888,0.0011976038424862095,0.015
2099,1.36,1.36,652.23827009,0.000706796919377927,0.015
2100,0.8,0.8,202.3541518,0.0016159787041246166,0.015
2101,1.5,1.5,212.7558144,0.004540416452186039,0.015
2102,0.9,0.9,84.92927239,0.00027081357643549895,0.015
2103,0.9,0.9,142.04133722,0.012714608545277112,0.015
2104,0.9,0.9,18.49186804,0.01773752653277101,0.015
2105,0.9,0.9,231.25493734,0.003013989703386283,0.015
2106,1.2,1.2,363.02931099,0.0009035083120575776,0.015
2107,1.2,1.2,353.02031574,0.0017166150869524456,0.015
2108,1.2,1.2,152.46762083,0.0010690794485587454,0.015
2109,0.9,0.9,111.847524,0.001198059601212088,0.015
2110,1.2,1.2,54.98638979,0.0001,0.015
2111,1.1,1.1,345.42845728,0.002761787513142553,0.015
2112,0.9,0.9,275.94053971,0.0038087915646774833,0.015
2113,1.1,1.1,323.76234976,0.0015597860602826407,0.015
2114,1.2,1.2,147.36919286,0.002076417696680327,0.015
2115,0.9,0.9,169.97699822,0.00017649446874671516,0.015
2116,0.9,0.9,105.74883755,0.0003404292740615613,0.015
2117,0.9,0.9,167.54158739,0.0022561562528358955,0.015
2118,1.15,1.15,179.24635998,0.0005857859541009104,0.015
2119,1.15,1.15,415.30773197,0.00047193920293821733,0.015
2120,0.72,0.72,60.3589293,0.009559480373353805,0.015
2121,0.8,0.8,245.37121937,0.005342924909311053,0.015
2122,0.9,0.9,82.79957745,0.005797131033547327,0.015
2123,1.15,1.15,186.7019348,0.0042206311404545775,0.015
2124,1.1,1.1,61.11144694,0.00024545319659550644,0.015
2125,1.2,1.2,170.1831684,0.0038311661848223068,0.015
2126,1.2,1.2,181.96849164,0.005187711298215166,0.015
2127,0.9,0.9,109.66159608,0.004814812285011925,0.015
2128,1.15,1.15,65.76828896,0.008970888696204873,0.015
2129,0.65,0.65,192.2361665,0.002351274519407356,0.015
2130,0.7,0.7,277.23431401,0.0001,0.015
2131,0.74,0.74,180.82364017,0.0005198435332439167,0.015
2132,0.95,0.95,176.40256866,0.0025906652237067305,0.015
2133,0.9,0.9,153.89766157,0.008850037005796202,0.015
2134,0.75,0.75,167.12075271,0.028009687151917092,0.015
2135,0.7,0.7,120.19162452,0.0004409625064280638,0.015
2136,0.9,0.9,50.32540263,0.0058817214474414905,0.015
2137,0.9,0.9,61.96965469,0.019767739648187472,0.015
2138,0.9,0.9,43.62661055,0.051459418270118185,0.015
2139,0.9,0.9,172.22081471,0.0001,0.015
2140,0.75,0.75,128.72607028,0.012320736557483603,0.015
2141,1.2,1.2,215.3632402,0.0005479115186529379,0.015
2142,1.2,1.2,528.89333179,0.0003327703138255521,0.015
2143,0.9,0.9,244.26809749,0.008777241162603203,0.015
2144,1.2,1.2,141.60147181,0.0001,0.015
2145,0.8,0.8,539.88696825,0.0010668899860040296,0.015
2146,1.07,1.07,170.18383784,0.001386735679459047,0.015
2147,0.7,0.7,1114.47828749,0.00010408457598689693,0.015
2148,0.7,0.7,1138.46731588,0.0012753989330626062,0.015
2149,0.95,0.95,210.09407666,0.0009900326715855507,0.015
2150,1.1,1.1,90.84821138,0.0005943980534094284,0.015
2151,0.98,0.98,501.89144202,0.00010958545094659734,0.015
2152,1.2,1.2,430.05980072,0.0016625594831299207,0.015
2153,1.2,1.2,594.26476352,0.00034496408433460957,0.015
2154,1.2,1.2,714.19186484,0.0017894351124908279,0.015
2155,0.9,0.9,113.57692151,0.001206230968215989,0.015
2156,0.8,0.8,125.35829606,0.009381110281182615,0.015
2157,0.7,0.7,145.83895271,0.010785870103770573,0.015
2158,0.74,0.74,130.91912523,0.00425453499648319,0.015
2159,0.7,0.7,562.69801084,0.0033339375008621264,0.015
2160,0.5,0.5,786.62023816,0.0016119595434844207,0.015
2161,0.5,0.5,793.97733686,0.0004924573811468173,0.015
2162,1.07,1.07,328.52050163,0.00027091155516448614,0.015
2163,0.9,0.9,322.2669495,0.0001520478599373107,0.015
2164,0.9,0.9,801.70290655,0.0007446648816194186,0.03
2165,0.9,0.9,793.74076184,0.0007521347380674663,0.03
2166,0.8,0.8,359.52381723,0.000481192042666052,0.015
2167,0.95,0.95,943.58687307,0.0002850823889959355,0.03
2168,0.5,0.5,196.07394335,0.0005304121405584007,0.015
2169,0.5,0.5,841.32483707,0.0003316198306609443,0.03
2170,0.9,0.9,522.76113383,0.0011401000599134386,0.015
2171,0.9,0.9,285.85118119,0.0007451429765421292,0.015
2172,1.01,1.01,287.43680181,0.003955652139323389,0.015
2173,0.9,0.9,316.8467128,0.0046299991154587095,0.015
2174,0.72,0.72,255.74109129,0.0003010857567377981,0.015
2175,0.9,0.9,235.10517183,0.004415045368506645,0.015
2176,0.9,0.9,114.73762266,0.001411917000233234,0.015
2177,0.45,0.45,309.72089115,0.0003261000561666503,0.015
2178,1.2,1.2,258.97828601,0.0014016619137945173,0.015
2179,0.8,0.8,257.31870156,0.0005945933936104712,0.015
2180,0.8,0.8,260.8768095,0.0009314741331961876,0.015
2181,1.06,1.06,255.34419115,0.004460645824251014,0.015
2182,1.03,1.03,321.53760661,0.002942113085849469,0.015
2183,0.94,0.94,310.27331414,0.0021529405513056417,0.015
2184,0.9,0.9,578.17163789,0.0001,0.015
2185,0.5,0.5,451.69098974,0.0015032400809917477,0.015
2186,0.9,0.9,304.83423163,0.005022401820863378,0.03
2187,0.6,0.6,208.23216043,0.0007587684806887132,0.015
2188,0.8,0.8,90.67913169,0.00018747422569193172,0.03
2189,0.9,0.9,1056.64351349,0.0004050561940103657,0.015
2190,0.9,0.9,1047.77031338,0.0011519700306323254,0.015
2191,0.8,0.8,771.23808851,0.0009465300156665371,0.015
2192,0.53,0.53,157.03857214,0.0005794754674595081,0.015
2193,0.65,0.65,237.09632149,0.00043020490304950746,0.015
2194,0.75,0.75,500.38646747,0.0004996138310135024,0.015
2195,1.04,1.04,222.77083014,0.0012030300368839834,0.015
2196,1.08,1.08,179.44992999,0.007718030316741724,0.015
2197,0.95,0.95,264.91850568,0.0009021642311718775,0.03
2198,1.04,1.04,219.01583067,0.002004421318116767,0.03
2199,0.95,0.95,271.87872642,0.004365917170607582,0.015
2200,1.04,1.04,187.01023597,0.003914224246620527,0.015
2201,1.04,1.04,367.47460011,0.0014994233610569644,0.015
2202,1.2,1.2,525.86345205,0.0012912097187074332,0.03
2203,0.7,0.7,717.11311974,0.001479543423197558,0.015
2204,0.85,0.85,407.21121716,0.00027749726735941285,0.015
2205,0.75,0.75,377.46623909,0.0010782421256565896,0.015
2206,0.54,0.54,183.81087591,0.007137771328843451,0.015
2207,0.6,0.6,238.72805612,0.0006492743354894426,0.015
2208,0.62,0.62,262.2863177,0.0001,0.015
2209,1.3,1.3,190.06578469,0.0015678781979936174,0.015
2210,1.2,1.2,215.441597,0.010072335288157003,0.015
2211,0.9,0.9,179.30296339,0.0030562796600748362,0.015
2212,0.7,0.7,687.92376181,0.0010335447610201518,0.015
2213,1.2,1.2,209.15770647,0.008481638233370326,0.015
2214,0.82,0.82,543.61108986,0.0009344916052592467,0.015
2215,1.19,1.19,362.641,0.003907445655620847,0.015
2216,1.11,1.11,540.799,0.005319906286808962,0.015
2217,1.02,1.02,654.248,0.0002888812804930241,0.015
2218,1.13,1.13,732.146,0.00011336536701696136,0.015
2219,1.22,1.22,220.076,0.011609625765644595,0.015
2220,1.49,1.49,89.971,0.001989529959653669,0.015
2221,0.68,0.68,193.322,0.006564177900083798,0.015
2222,0.89,0.89,83.065,0.0015048456028411486,0.015
2223,1.03,1.03,495.276,0.001518345326646154,0.015
2224,0.69,0.69,198.924,0.00024632522973597697,0.015
2225,1.26,1.26,86.749,0.0032968679754233434,0.015
2226,0.63,0.63,156.186,0.009091723970138167,0.015
2227,0.7,0.7,230.219,0.001993753773580814,0.015
2228,0.89,0.89,201.143,0.003808235931650617,0.015
2229,1.19,1.19,782.45,0.00297782605917311,0.015
2230,1.57,1.57,755.501,0.005187286317291441,0.015
2231,0.68,0.68,938.094,0.00013324890682596838,0.015
2232,0.59,0.59,652.986,0.0004379879507370749,0.015
2233,1.23,1.23,201.137,0.0006015800175999377,0.015
2234,1.16,1.16,107.195,0.0009515369186995692,0.015
2235,1.08,1.08,90.617,0.024211792489268025,0.015
2236,0.75,0.75,292.063,0.004060767711076035,0.015
2237,1.34,1.34,754.9,0.002107563915750432,0.015
2238,0.54,0.54,563.645,0.0007522465381578822,0.015
2239,0.91,0.91,278.823,0.0018900879769602912,0.015
2240,0.84,0.84,1035.552,0.00019409937888198808,0.015
2241,1.07,1.07,216.959,0.004788923252780478,0.015
2242,1.1,1.1,259.3,0.002699575780948705,0.015
2243,0.73,0.73,125.007,0.004279760333421315,0.015
2244,0.81,0.81,143.687,0.0008003507624210973,0.015
2245,1.01,1.01,104.32957106,0.013457354283499916,0.015
2246,1.04,1.04,122.75592662,0.008871262105096396,0.015
2247,0.9,0.9,190.40422245,0.00020482739037072076,0.015
2248,1.01,1.01,127.49451584,0.004768832572869359,0.015
2249,1.01,1.01,99.35658128,0.0015600375737887934,0.015
2250,1.15,1.15,537.38217518,0.0038110679784159342,0.015
2251,1.45,1.45,707.17777965,0.0003662445391428813,0.015
2252,1.2,1.2,696.15384306,0.0003993370183493182,0.015
2253,0.9,0.9,639.2727306,0.0009823663202567397,0.015
2254,1.2,1.2,91.40769432,0.001816039680629813,0.015
2255,0.9,0.9,58.83211111,0.00226067019338003,0.015
2256,0.9,0.9,162.55917611,0.0022022749411435886,0.015
2257,1.2,1.2,226.3385434,0.00441816044664004,0.015
2258,1.01,1.01,94.06743862,0.0004252268434945417,0.015
2259,1.2,1.2,197.19219379,0.0050711946592822575,0.015
2260,1.08,1.08,491.74176484,0.0014194442081345475,0.015
2261,1.45,1.45,421.67531265,0.003827589502114524,0.015
2262,1.2,1.2,127.3168298,0.0012881250676570067,0.015
2263,1.2,1.2,137.7383739,0.0023522856472461945,0.015
2264,0.6,0.6,610.77251438,0.006416464244430201,0.015
2265,1.2,1.2,9.9712535,0.0010028829374360794,0.015
2266,1.2,1.2,139.21953807,0.002025577759482362,0.015
2267,1.3,1.3,67.0227494,0.017904368453138985,0.015
2268,1.1,1.1,246.60982709,0.004460487292741001,0.015
2269,0.9,0.9,270.45209917,0.0008060577110291573,0.015
2270,0.9,0.9,294.29233435,0.0006014427810052828,0.015
2271,0.6,0.6,339.08150883,0.00046596466007591805,0.015
2272,0.4,0.4,98.00518696,0.0013570710298658167,0.015
2273,0.4,0.4,154.20854592,0.0025355274421875566,0.015
2274,1.1,1.1,433.35446407,0.005715875121572277,0.015
2275,0.9,0.9,103.28715137,0.001994439746547542,0.015
2276,0.6,0.6,121.32622662,0.0015577835498993783,0.015
2277,1.1,1.1,116.69558969,0.0008740690224108872,0.015
2278,0.8,0.8,372.0997318,0.004144050286036784,0.015
2279,1.2,1.2,157.67322787,0.00951334617971248,0.015
2280,0.9,0.9,133.102137,0.011164358690950242,0.015
2281,0.6,0.6,457.87752051,0.003428864553672081,0.015
2282,0.5,0.5,63.43394016,0.0030425352660294154,0.015
2283,0.7,0.7,196.7998701,0.0022916681793074037,0.015
2284,1.35,1.35,498.67,0.004090881745442878,0.015
2285,1.07,1.07,399.86,0.0007377582153753812,0.015
2286,1.2,1.2,250.99,0.0037611060201601654,0.015
2287,1.1,1.1,189.94,0.0008423712751395138,0.015
2288,1.07,1.07,714.22,0.0005824535857298864,0.015
2289,1.1,1.1,365.34,0.0021185744785679095,0.015
2290,1.5,1.5,137.73,0.005191316343570754,0.015
2291,1.23,1.23,276.88,0.00029615718000577815,0.015
2292,0.9,0.9,85.97,0.0034895893916482576,0.015
2293,0.9,0.9,317.12,0.005792759838546924,0.015
2294,0.9,0.9,188.82,0.0022878932316491873,0.015
2295,0.9,0.9,258.51,0.0021662604928242607,0.015
2296,0.9,0.9,287.11,0.0025739263696840926,0.015
2297,0.7,0.7,182.75,0.0007168262653898781,0.015
2298,1.2,1.2,182.28,0.00016458196181698135,0.015
2299,1.2,1.2,744.14,0.002570752815330449,0.015
2300,0.73,0.73,95.969,0.004782794444039218,0.015
2301,1.05,1.05,224.962,0.0007867995483681671,0.015
2302,0.98,0.98,223.518,0.0001,0.015
2303,0.76,0.76,226.38,0.0005521689195158583,0.015
2304,1.07,1.07,225.634,0.004068535770318308,0.015
2305,1.2,1.2,141.64,0.004652640497034729,0.015
2306,1.43,1.43,96.529,0.00010359581058543612,0.015
2307,1.8,1.8,278.132,0.003135201990421814,0.015
2308,0.73,0.73,33.259,0.06762079437144834,0.03
2309,0.55,0.55,31.316,0.002043683739941246,0.03
2310,0.89,0.89,30.794,0.06601935441969219,0.015
2311,1.09,1.09,35.74,0.02045327364297705,0.015
2312,0.69,0.69,44.576,0.006191672648959076,0.015
2313,0.88,0.88,48.637,0.00020560478647942484,0.015
2314,0.52,0.52,50.104,0.001636595880568397,0.015
2315,1.21,1.21,73.587,0.0033565711334882504,0.015
2316,0.78,0.78,58.406,0.0001,0.015
2317,0.71,0.71,62.459,0.0007845146416048846,0.015
2318,0.34,0.34,108.296,0.002031469306345577,0.03
2319,0.37,0.37,24.334,0.011218870715870785,0.03
2320,1.36,1.36,142.421,0.005596084847038011,0.03
2321,1.02,1.02,141.686,0.001270414861030728,0.015
2322,1.35,1.35,137.605,0.0005668398677373728,0.015
2323,0.86,0.86,129.462,0.0006642875901809049,0.015
2324,1.39,1.39,315.964,0.005288577179678702,0.015
2325,0.96,0.96,145.127,0.004127419432634866,0.015
2326,0.87,0.87,181.564,0.008096318653477555,0.015
2327,1.38,1.38,246.766,0.0016493358080124493,0.015
2328,0.96,0.96,188.699,0.008563903359318286,0.015
2329,0.66,0.66,391.511,0.0013665005580941534,0.015
2330,0.39,0.39,28.339,0.0042344472282013915,0.03
2331,1.1,1.1,31.216,0.05115966171194263,0.03
2332,0.57,0.57,32.257,0.003627119694949906,0.03
2333,1.27,1.27,32.987,0.04380513535635251,0.03
2334,1.68,1.68,34.978,0.023128823832123026,0.015
2335,0.89,0.89,36.907,0.0030888449345652315,0.015
2336,1.5,1.5,191.935,0.004183708026154683,0.015
2337,2.11,2.11,201.376,0.0007846019386620116,0.015
2338,1.29,1.29,925.157,0.0005155881650357726,0.015
2339,0.9,0.9,1491.174,0.0010602384429986035,0.03
2340,0.49,0.49,128.021,0.034322493965833735,0.015
2341,0.76,0.76,405.12,0.0004862756714060055,0.015
2342,0.32,0.32,400.607,0.0009785151033306942,0.03
2343,1.6,1.6,350.565,0.011875115884358108,0.015
2344,0.49,0.49,60.914,0.007272548182683777,0.03
2345,0.54,0.54,74.372,0.0065616092077663574,0.03
2346,0.51,0.51,186.213,0.0010471878977300205,0.015
2347,0.9,0.9,127.334,0.0022696216250176677,0.015
2348,0.65,0.65,22.36,0.009838998211091184,0.015
2349,0.67,0.67,71.35,0.008731604765241782,0.015
2350,0.5,0.5,100.874,0.00387612268770942,0.015
2351,0.85,0.85,83.152,0.012675582066576853,0.03
2352,0.93,0.93,177.981,0.01207432254004641,0.015
2353,0.96,0.96,45.769,0.00780003932792937,0.015
2354,1.07,1.07,43.627,0.004561395466110433,0.015
2355,0.46,0.46,105.127,0.002787105120473342,0.03
2356,0.44,0.44,130.886,0.005913543083293852,0.03
2357,0.61,0.61,104.336,0.004015871798803869,0.03
2358,1.19,1.19,39.424,0.007888595779220778,0.015
2359,0.53,0.53,38.523,0.0032448147859720166,0.03
2360,0.75,0.75,193.343,0.005053195616081267,0.015
2361,1.04,1.04,94.887,0.0007693361577455144,0.015
2362,1.26,1.26,172.844,0.002215870958783638,0.015
2363,1.2,1.2,572.743,0.0010109246206413706,0.015
2364,1.6,1.6,92.683,0.005491837769601745,0.015
2365,0.9,0.9,103.455,0.003257454932096078,0.015
2366,0.64,0.64,185.588,0.0014332823242882084,0.015
2367,0.84,0.84,250.892,0.0028020024552397097,0.015
2368,1.09,1.09,92.883,0.009075934239850134,0.015
2369,0.9,0.9,451.078,0.0034007422219660436,0.015
2370,0.98,0.98,142.03430396,0.0018375842505871161,0.015
2371,1.8,1.8,232.0244679,0.007800901415190784,0.015
2372,1.17,1.17,648.35882045,0.0015253899057216115,0.015
2373,1.07,1.07,302.52782958,0.0005123495587668346,0.015
2374,1.05,1.05,248.96483406,0.002996407114348584,0.03
2375,1.78,1.78,88.50657205,0.001333234326749661,0.03
2376,1.87,1.87,175.79071473,0.0049206239438105166,0.015
2377,1.08,1.08,343.7229271,0.004951662707983496,0.015
2378,1.35,1.35,247.58510363,0.007197525109035172,0.015
2379,0.9,0.9,270.29486721,0.0007695299660958744,0.015
2380,0.95,0.95,397.97697812,0.0034801008001583184,0.015
2381,1.2,1.2,152.87581074,0.006044121666647912,0.015
2382,0.4,0.4,259.07433091,0.006307070230619013,0.03
2383,0.65,0.65,25.02668887,0.014904089068175615,0.03
2384,0.5,0.5,103.86600131,0.0013864016924096017,0.015
2385,0.41,0.41,58.72174339,0.006011401903645039,0.03
2386,1.4,1.4,746.93225761,0.000843449983022351,0.015
2387,0.8,0.8,539.4682083,0.00022429495962570268,0.015
2388,1.01,1.01,434.9069373,0.0002046414815834639,0.015
2389,1.2,1.2,437.99024003,0.0013013988621320798,0.015
2390,0.6,0.6,289.20808229,0.0026416965734515933,0.015
2391,0.65,0.65,123.48733558,0.00020244991020803394,0.015
2392,1.0,1.0,155.92974014,0.00013467604051123377,0.015
2393,0.95,0.95,109.94885527,0.0028285878851242357,0.015
2394,0.95,0.95,312.16018202,0.002841489885930329,0.015
2395,1.35,1.35,115.9708801,0.001207199599410478,0.015
2396,0.65,0.65,69.23734042,0.0001,0.015
2397,0.9,0.9,80.02823758,0.0031238973587302634,0.015
2398,0.85,0.85,93.47298325,0.0035090353233162633,0.015
2399,0.95,0.95,66.51842636,0.0013530085560490678,0.015
2400,0.9,0.9,63.94681344,0.003956412937407505,0.015
2401,1.1,1.1,186.79253387,0.003030099695493782,0.015
2402,0.53,0.53,88.56666694,0.005668046651683115,0.03
2403,0.7,0.7,186.81321706,0.00374170527653564,0.03
2404,1.2,1.2,448.91043083,0.0008175350243509531,0.015
2405,0.35,0.35,84.83673788,0.011315852353468627,0.03
2406,0.65,0.65,70.9519367,0.03997072006633471,0.03
2407,0.75,0.75,41.25667852,0.00613234048585257,0.03
2408,0.65,0.65,163.2362534,0.046435763147697935,0.03
2409,0.5,0.5,69.96014351,0.007003987919635419,0.03
2410,0.75,0.75,800.39667837,0.001054477139658799,0.015
2411,0.8,0.8,100.94496015,0.006221212025511906,0.015
2412,0.55,0.55,41.89282516,0.016757046041150782,0.03
2413,0.7,0.7,43.04296632,0.02571848770296371,0.015
2414,0.95,0.95,67.84501329,0.009197433528868877,0.015
2415,0.95,0.95,85.54596716,0.0056110184493237125,0.015
2416,0.81,0.81,69.428382,0.0011666698498029166,0.03
2417,1.25,1.25,387.36752542,0.0006428003992591341,0.015
2418,1.16,1.16,187.66858158,0.0014173922867670241,0.015
2419,0.53,0.53,48.0600508,0.01090302634469956,0.015
2420,0.5,0.5,131.01377071,0.0004961310528484772,0.03
2421,0.6,0.6,40.39211788,0.0001,0.03
2422,0.9,0.9,104.71879209,0.00799283474622821,0.015
2423,0.83,0.83,119.60546971,0.0036285965938873373,0.015
2424,0.85,0.85,185.96073831,0.0009948336497331068,0.015
2425,0.95,0.95,292.4925999,0.0017778227557817996,0.015
2426,0.55,0.55,107.81727447,0.0014932672040861076,0.03
2427,0.45,0.45,72.41452929,0.0021680731966268645,0.03
2428,0.95,0.95,354.91091474,0.0001,0.015
2429,1.15,1.15,120.22184777,0.009673782441149718,0.015
2430,1.05,1.05,119.50709422,0.0016819085202588798,0.03
2431,0.95,0.95,67.79195775,0.0018438765326850295,0.015
2432,0.65,0.65,44.3771968,0.01068116136619067,0.015
2433,1.25,1.25,134.31713475,0.005568909740311441,0.015
2434,0.6,0.6,58.18455544,0.0052591275757971,0.03
2435,0.78,0.78,55.74221028,0.001793972637570116,0.015
2436,0.7,0.7,138.15058504,0.00123054129630199,0.03
2437,0.7,0.7,89.22686942,0.006074403411474075,0.03
2438,0.7,0.7,21.47725563,0.0022349224140607786,0.03
2439,0.98,0.98,189.63314905,0.0016083685870743058,0.015
2440,0.75,0.75,141.67466128,0.0006140829927805968,0.015
2441,1.01,1.01,296.59087294,0.0005091188360018986,0.015
2442,0.45,0.45,137.35840158,0.005227201188576907,0.03
2443,0.8,0.8,143.27592057,0.0008096266248963013,0.03
2444,1.25,1.25,484.03120915,0.0012891730702567629,0.015
2445,1.1,1.1,51.68881912,0.0162510967420221,0.015
2446,0.45,0.45,67.79535603,0.0007227633700797528,0.03
2447,0.75,0.75,93.82688514,0.004124617367639925,0.03
2448,0.65,0.65,167.42627094,0.0032253002887074824,0.015
2449,0.45,0.45,73.87322233,0.006578838511050512,0.015
2450,0.51,0.51,42.4354933,0.006480424253722541,0.03
2451,0.8,0.8,31.98402164,0.016727102239416824,0.03
2452,0.6,0.6,126.73899062,0.0014518026307443483,0.015
2453,0.7,0.7,89.97633178,0.00804656053072094,0.03
2454,0.75,0.75,98.79276103,0.0004251323635670798,0.03
2455,0.77,0.77,47.34569757,0.005702735704776762,0.03
2456,0.7,0.7,205.43701798,0.0011292998812053778,0.015
2457,1.9,1.9,142.4223233,0.0042058013527715024,0.015
2458,0.55,0.55,98.01043391,0.0021936439971016537,0.03
2459,0.75,0.75,136.63441886,0.002056582831357611,0.015
2460,0.65,0.65,74.37936753,0.0020166882965158275,0.03
2461,1.35,1.35,128.42030556,0.00270985182975918,0.015
2462,1.0,1.0,115.26067842,0.009994735548945947,0.015
2463,0.9,0.9,167.33034548,0.0016494318421937904,0.015
2464,0.9,0.9,239.64664653,0.001936183988879289,0.015
2465,1.65,1.65,244.73059716,0.0042005372925556774,0.015
2466,1.17,1.17,616.42386816,0.00053696817579115,0.015
2467,1.14,1.14,472.27241048,0.002096247796888667,0.015
2468,1.01,1.01,2693.9218513,0.0012260934735007548,0.015
2469,0.95,0.95,413.50147521,0.0017509006458376261,0.015
2470,0.75,0.75,410.72303897,0.0024858600641455048,0.015
2471,1.65,1.65,440.3798611,0.0005563378838170019,0.015
2472,1.3,1.3,90.80565371,0.007532570628084951,0.015
2473,1.45,1.45,93.98361734,0.004628466240305712,0.015
2474,1.17,1.17,97.54133553,0.00019478921317574592,0.015
2475,1.2,1.2,1095.85023595,0.0017420263621562078,0.015
2476,1.2,1.2,1172.52796313,0.001593138977268801,0.015
2477,0.9,0.9,212.7895554,0.00037595830232182564,0.015
2478,1.03,1.03,238.03730503,0.0016972129639473254,0.015
2479,0.95,0.95,372.51785752,0.0004375629160039589,0.015
2480,0.95,0.95,237.91276545,0.001239950279431296,0.015
2481,0.8,0.8,100.11712164,0.0038754609965233108,0.015
2482,0.95,0.95,233.51356497,0.0026636568204502793,0.015
2483,1.25,1.25,95.24540167,0.0009659258965462112,0.015
2484,1.1,1.1,116.02607748,0.007179420506942388,0.015
2485,0.6,0.6,393.10081516,0.0026227368660641484,0.015
2486,0.65,0.65,191.61965898,0.0002348402050162218,0.03
2487,1.01,1.01,520.92546925,0.0025320320810941054,0.015
2488,0.98,0.98,100.11110093,0.002587125679310021,0.015
2489,0.95,0.95,187.51471838,0.00434632548869256,0.015
2490,1.2,1.2,100.91837267,0.0017638017269863773,0.015
2491,0.7,0.7,412.85902599,0.0012909975716817953,0.015
2492,0.9,0.9,117.79242539,0.00037353844998369367,0.015
2493,1.1,1.1,555.41072041,0.0011631032248047477,0.015
2494,1.4,1.4,282.34273011,0.002380086073893914,0.015
2495,0.8,0.8,364.7028975,0.0004606489313674818,0.015
2496,0.6,0.6,43.53822371,0.0014470043706797016,0.015
2497,0.65,0.65,202.6488287,0.002570949969670369,0.03
2498,0.65,0.65,28.21937619,0.059179196193280624,0.03
2499,1.16,1.16,215.01037256,0.0018603753634647455,0.015
2500,0.6,0.6,110.54204451,0.008069327864831614,0.03
2501,0.56,0.56,40.14283609,0.01091103775074604,0.03
2502,0.95,0.95,129.74266754,0.0027516005857512933,0.015
2503,1.65,1.65,115.12540914,0.0030401629198500988,0.015
2504,1.1,1.1,101.79258398,0.001473584755736941,0.015
2505,1.2,1.2,75.43542045,0.0029296582252959407,0.015
2506,1.35,1.35,107.06818089,0.0021575037334138243,0.015
2507,1.02,1.02,109.48141938,0.006475984728870982,0.015
2508,0.95,0.95,121.74168829,0.0026120879746836935,0.015
2509,1.35,1.35,281.57257892,0.0007529142248621904,0.015
2510,0.8,0.8,243.01894657,0.002119176332828257,0.015
2511,1.4,1.4,369.54069392,0.0033852834629109177,0.015
2512,0.45,0.45,831.43387207,0.0012027414730053337,0.015
2513,1.2,1.2,588.61769524,0.0002616299191229895,0.015
2514,1.45,1.45,232.35323275,0.0041359441770022045,0.015
2515,1.3,1.3,437.59030824,0.0022441082023722824,0.015
2516,1.2,1.2,80.46420085,0.000820240545519576,0.015
2517,0.85,0.85,176.051235,0.0014541221480212762,0.015
2518,0.35,0.35,756.50329761,0.001559808137952526,0.015
2519,1.65,1.65,765.19847458,0.003061950693623663,0.015
2520,1.2,1.2,70.94021536,0.013532521646971205,0.015
2521,1.65,1.65,198.65865504,0.0028994457849521966,0.015
2522,1.11,1.11,104.98783203,0.0012096639919539339,0.015
2523,0.95,0.95,56.59642565,0.0004593929687501666,0.015
2524,0.95,0.95,46.06365265,0.000369054536972357,0.015
2525,1.45,1.45,130.64524089,0.0036051829886139535,0.015
2526,0.9,0.9,163.58758966,0.0005440510504799159,0.015
2527,1.2,1.2,127.751689,0.000845389997152983,0.015
2528,0.95,0.95,70.70239723,0.000947634063694394,0.015
2529,0.85,0.85,253.74776408,0.0010167577276411401,0.015
2530,1.45,1.45,166.20377072,0.0007821723865640152,0.015
2531,1.06,1.06,125.54273755,0.0007885760811976192,0.015
2532,1.45,1.45,154.9662103,0.0017229562462882236,0.015
2533,1.35,1.35,202.28001127,0.0026992286413866553,0.015
2534,1.1,1.1,243.83940665,0.0024565348490196556,0.015
2535,1.2,1.2,208.81831363,0.0024997807468406202,0.015
2536,1.2,1.2,105.25779951,0.001396571091969622,0.015
2537,0.85,0.85,96.57294358,0.004307624729853972,0.015
2538,1.15,1.15,82.82530245,0.012146046802633804,0.015
2539,1.5,1.5,141.76885271,0.007469905975512632,0.015
2540,1.2,1.2,26.97315794,0.00048196062281315145,0.015
2541,0.6,0.6,162.96871743,0.004528476456329692,0.03
2542,1.35,1.35,188.42424973,0.0036301060027046925,0.015
2543,1.2,1.2,245.63655057,0.0018848986395778925,0.015
2544,1.2,1.2,342.21981136,0.00075390141492596,0.015
2545,0.9,0.9,597.4703833,0.0010444032330999737,0.015
2546,0.9,0.9,285.28214684,0.0016615130152741113,0.015
2547,0.9,0.9,54.02082256,0.008829928486746099,0.015
2548,0.9,0.9,68.69363541,0.0018342310644642184,0.015
2549,1.06,1.06,86.63177594,0.025383295865052977,0.015
2550,0.9,0.9,149.51034539,0.00909636049901709,0.015
2551,0.75,0.75,47.49781306,0.0002105360090446191,0.015
2552,0.95,0.95,87.21234088,0.014137907405748338,0.015
2553,0.95,0.95,137.54699183,0.0028063136449910466,0.015
2554,0.5,0.5,277.27882117,0.0012947256428932111,0.015
2555,0.85,0.85,124.39039673,0.00323176073529675,0.015
2556,0.9,0.9,102.22,0.0016924280962629626,0.015
2557,1.09,1.09,65.19,0.0022856266298512183,0.015
2558,0.9,0.9,166.01,0.006481537256791763,0.015
2559,0.87,0.87,113.04,0.016268577494692148,0.015
2560,0.95,0.95,106.32,0.00522949586155003,0.015
2561,0.94,0.94,44.2,0.0026470588235293913,0.015
2562,0.68,0.68,90.87,0.010300429184549355,0.015
2563,1.0,1.0,156.74,0.0012823784611458498,0.015
2564,1.2,1.2,125.85,0.0020580055621771836,0.015
2565,1.15,1.15,52.42,0.006982067913010295,0.015
2566,0.93,0.93,580.65,0.0011986566778610173,0.015
2567,1.05,1.05,524.39,0.0011117679589618418,0.015
2568,1.05,1.05,278.92,0.0020077441560303983,0.015
2569,0.74,0.74,270.82,0.0020345617014991516,0.015
2570,1.06,1.06,157.14,0.003964617538500696,0.015
2571,1.18,1.18,38.01,0.016285188108392523,0.015
2572,1.12,1.12,152.05,0.002124301216705022,0.015
2573,0.96,0.96,147.62,0.0001558054464164726,0.015
2574,0.96,0.96,314.27,0.00018455468227957365,0.015
2575,0.99,0.99,310.13,0.00037726114855061066,0.015
2576,0.88,0.88,220.01,0.0019680923594382065,0.015
2577,1.04,1.04,132.99,0.004932701706895246,0.015
2578,1.22,1.22,218.46,0.00040281973816716645,0.015
2579,0.92,0.92,204.43,0.002289292178251724,0.015
2580,0.9,0.9,133.73,0.000979585732445975,0.015
2581,0.93,0.93,112.29,0.0009172677887612569,0.015
2582,0.73,0.73,170.05,0.0007586004116436316,0.015
2583,1.18,1.18,136.26,0.005885806546308526,0.015
2584,0.97,0.97,36.26,0.021731936017650312,0.015
2585,0.95,0.95,383.98,0.0010026563883535596,0.015
2586,1.2,1.2,184.37,0.005120138851223088,0.015
2587,1.05,1.05,100.41,0.00469076785180759,0.015
2588,1.0,1.0,140.18,0.011656441717791401,0.015
2589,1.2,1.2,134.6,0.0001,0.015
2590,1.2,1.2,133.74,0.001315986241962017,0.015
2591,0.93,0.93,133.42,0.008319592265027728,0.015
2592,0.97,0.97,133.44,0.0012215227817745822,0.015
2593,1.2,1.2,221.27,0.00018981335020563028,0.015
2594,1.12,1.12,182.41,0.0004879118469382184,0.015
2595,1.2,1.2,64.25,0.020669260700389123,0.015
2596,1.57,1.57,39.51,0.010250569476081989,0.015
2597,0.95,0.95,92.02,0.0024777222342968895,0.015
2598,1.15,1.15,352.5,0.0016312056737588633,0.015
2599,0.9,0.9,344.45,0.005498620989984033,0.015
2600,0.9,0.9,599.72,0.0005019008870806379,0.015
2601,0.9,0.9,191.3,0.0011134343962362738,0.015
2602,1.05,1.05,80.06,0.0019860104921309105,0.015
2603,0.9,0.9,105.05,0.004588291289861981,0.015
2604,0.74,0.74,590.79,0.00035545625349108666,0.015
2605,0.74,0.74,392.55,0.004761176920137561,0.015
2606,0.82,0.82,141.05,0.004353066288550152,0.015
2607,0.87,0.87,98.8,0.0009514170040485771,0.015
2608,0.85,0.85,91.35,0.0029118773946360155,0.015
2609,0.9,0.9,113.97,0.003948407475651481,0.015
2610,0.96,0.96,48.19,0.0012865739780037594,0.015
2611,0.89,0.89,146.04,0.0028759244042728016,0.015
2612,1.34,1.34,83.65,0.0041362821279139275,0.015
2613,0.83,0.83,151.53,0.00029037154358873147,0.015
2614,0.9,0.9,142.57,0.0001,0.015
2615,0.97,0.97,125.75,0.003499005964214708,0.03
2616,1.2,1.2,475.11,0.0005661846730230859,0.015
2617,1.2,1.2,482.47,0.0007544510539515389,0.015
2618,0.74,0.74,173.6,0.0016186635944700392,0.015
2619,0.59,0.59,138.24,0.0008463541666666601,0.015
2620,0.81,0.81,167.39,0.0001672740307067356,0.015
2621,1.2,1.2,223.25,0.004295632698768196,0.015
2622,0.59,0.59,222.9,0.009412292507851057,0.015
2623,0.9,0.9,101.99,0.013207177174232764,0.015
2624,0.78,0.78,272.27,0.0038858486061629995,0.015
2625,0.63,0.63,68.23,0.013718305730617029,0.015
2626,1.02,1.02,402.55,0.0006458824990684381,0.015
2627,1.29,1.29,70.04,0.004126213592233005,0.015
2628,0.98,0.98,300.09,0.0008197540737778682,0.015
2629,1.09,1.09,128.65,0.004982510687912942,0.015
2630,0.99,0.99,204.7,0.00016121152906693333,0.015
2631,0.92,0.92,168.57,0.0057661505605979685,0.015
2632,1.06,1.06,213.95,0.0016966580976863733,0.015
2633,0.9,0.9,445.76,0.0006483309404163669,0.015
2634,0.91,0.91,147.24,0.0015281173594132004,0.015
2635,0.75,0.75,60.28,0.005275381552753809,0.015
2636,1.05,1.05,129.92,0.0009467364532019654,0.015
2637,1.24,1.24,421.46,0.0023537227732169106,0.015
2638,1.09,1.09,65.88,0.003339404978749224,0.03
2639,1.2,1.2,108.04,0.0001943724546464346,0.015
2640,1.27,1.27,62.01,0.0012901144976616686,0.015
2641,1.02,1.02,1407.81,0.0001179136389143424,0.015
2642,1.18,1.18,1189.7,0.0017937295116415906,0.015
2643,1.46,1.46,726.07,0.002382690374206344,0.015
2644,1.56,1.56,74.17,0.01491168936227585,0.015
2645,1.51,1.51,141.68,0.0008116883116883132,0.015
2646,1.05,1.05,206.46,0.00020827278891795523,0.015
2647,1.0,1.0,189.26,0.002493923702842648,0.015
2648,0.51,0.51,148.36,0.005149636020490693,0.03
2649,0.6,0.6,185.84,0.0015120533792509622,0.03
2650,0.98,0.98,86.6,0.00031177829099308344,0.015
2651,1.11,1.11,49.26,0.013743402354851835,0.03
2652,0.93,0.93,164.71,0.00025499362515936987,0.015
2653,1.14,1.14,65.92,0.003504247572815532,0.015
2654,0.71,0.71,66.53,0.006478280474973683,0.015
2655,0.41,0.41,208.28,0.00039850201651622905,0.03
2656,0.44,0.44,18.37,0.003973870440936331,0.03
2657,0.62,0.62,182.89,0.003909453770025698,0.03
2658,0.5,0.5,230.55,0.005152895250487966,0.015
2659,0.6,0.6,235.63,0.002902856172813306,0.015
2660,0.69,0.69,291.99,0.0029076338230761335,0.015
2661,0.63,0.63,165.68,0.005522694350555282,0.03
2662,0.68,0.68,23.37,0.0007702182284980276,0.03
2663,0.66,0.66,92.29,0.001668653158522049,0.03
2664,1.2,1.2,209.3,0.004156712852365031,0.015
2665,0.84,0.84,139.31,0.004486397243557533,0.015
2666,0.84,0.84,465.39,0.001259158984937365,0.015
2667,0.78,0.78,99.16,0.0005244050020169383,0.015
2668,0.68,0.68,108.59,0.001814163366792531,0.015
2669,0.63,0.63,66.03,0.0015750416477358655,0.03
2670,0.64,0.64,120.26,0.002394811242308334,0.015
2671,0.91,0.91,19.29,0.015137376879212018,0.03
2672,0.9,0.9,282.55,0.00449831888161387,0.015
2673,1.06,1.06,104.47,0.0064324686512874565,0.015
2674,0.65,0.65,177.68,0.00984916704187303,0.015
2675,0.95,0.95,55.45,0.005969341749323738,0.015
2676,0.95,0.95,286.41,0.0004923012464648581,0.015
2677,0.75,0.75,197.12,0.00225243506493506,0.015
2678,0.6,0.6,142.36,0.0012924978926664866,0.03
2679,0.92,0.92,532.4,0.0001,0.015
2680,0.76,0.76,50.15,0.002811565304087737,0.015
2681,0.65,0.65,99.34,0.005375478155828475,0.03
2682,0.7,0.7,74.23,0.008918227131887387,0.015
2683,0.8,0.8,102.69,0.0012562080046742755,0.03
2684,1.02,1.02,129.11,0.004027573387034308,0.015
2685,0.6,0.6,134.14,0.0084463992843298,0.015
2686,0.63,0.63,124.0,0.0003548387096774089,0.03
2687,1.1,1.1,158.2,0.000941845764854609,0.015
2688,1.02,1.02,63.28,0.0035082174462705363,0.015
2689,0.99,0.99,142.51,0.010286997403690965,0.015
2690,0.8,0.8,81.18,0.002081793545208185,0.015
2691,0.93,0.93,343.41,0.0020442037214990823,0.015
2692,1.38,1.38,535.12,0.0006764837793392138,0.015
2693,0.82,0.82,81.71,0.0002692448904662862,0.03
2694,0.89,0.89,84.14,0.0016757784644639887,0.015
2695,1.03,1.03,87.11,0.0011135346114108545,0.015
2696,0.97,0.97,72.22,0.0012738853503184541,0.015
2697,0.91,0.91,53.27,0.005932044302609328,0.015
2698,0.85,0.85,93.61,0.0028843072321333148,0.015
2699,0.98,0.98,83.0,0.0002650602409638583,0.015
2700,0.84,0.84,162.28,0.002957850628543261,0.015
2701,1.05,1.05,78.97,0.0018488033430416714,0.015
2702,1.09,1.09,177.6,0.0005912162162162186,0.015
2703,0.93,0.93,116.98,0.001889211831082237,0.015
2704,1.12,1.12,264.21,0.002244426781726657,0.015
2705,1.12,1.12,164.63,0.004130474397132963,0.015
2706,0.62,0.62,172.84,0.0008157833834760473,0.015
2707,0.3,0.3,62.98,0.0035090504922197538,0.015
2708,0.96,0.96,119.17,0.003910380129227149,0.015
2709,1.13,1.13,143.09,0.00419316514082046,0.015
2710,0.91,0.91,133.1,0.0001,0.015
2711,0.58,0.58,95.14,0.003710321631280216,0.03
2712,0.96,0.96,306.46,0.004529139202506042,0.015
2713,0.89,0.89,195.8,0.0016598569969356448,0.015
2714,0.89,0.89,156.86,0.0023396659441540283,0.015
2715,0.92,0.92,161.32,0.001989833870567814,0.015
2716,1.29,1.29,173.2,0.00021362586605080274,0.015
2717,1.14,1.14,228.08,0.003459312521922131,0.015
2718,0.84,0.84,160.63,0.009655730560916393,0.015
2719,0.82,0.82,275.9,0.0007937658571946337,0.015
2720,1.27,1.27,174.19,0.0010563178138813898,0.015
2721,0.88,0.88,61.43,0.003939443268761177,0.015
2722,0.97,0.97,127.6,0.003887147335423201,0.015
2723,1.19,1.19,105.03,0.002589736265828813,0.015
2724,0.98,0.98,272.06,0.0001,0.015
2725,1.26,1.26,277.14,0.003200548459262462,0.015
2726,1.11,1.11,314.27,0.00147961943551723,0.015
2727,1.18,1.18,114.33,0.0032537391760692723,0.015
2728,1.12,1.12,54.5,0.00922935779816514,0.015
2729,1.11,1.11,73.85,0.008476641841570768,0.015
2730,1.25,1.25,92.18,0.0015296159687567803,0.015
2731,1.34,1.34,114.83,0.0008273099364277684,0.015
2732,1.01,1.01,300.78,0.001060575836159322,0.015
2733,0.47,0.47,174.85,0.006925936517014576,0.03
2734,1.53,1.53,130.81,0.001544224447672196,0.015
2735,0.9,0.9,156.86,0.003914318500573765,0.015
2736,1.08,1.08,99.55,0.0018483174284279185,0.015
2737,1.2,1.2,281.37,0.00028432313324092855,0.015
2738,0.94,0.94,146.12,0.0006775253216534369,0.015
2739,0.94,0.94,152.96,0.009093880753138075,0.015
2740,0.87,0.87,163.91,0.0009578427185650664,0.015
2741,1.31,1.31,536.2,0.0001,0.015
2742,0.79,0.79,111.65,0.0029019256605463486,0.03
2743,0.78,0.78,64.88,0.004238594327990141,0.03
2744,1.79,1.79,198.58,0.0004884681236781122,0.015
2745,0.98,0.98,80.48,0.003379721669980122,0.015
2746,1.19,1.19,75.53,0.0019859658413875093,0.015
2747,1.2,1.2,146.68,0.001049904554131442,0.015
2748,1.23,1.23,145.68,0.0028006589785831925,0.015
2749,0.97,0.97,346.46,0.0005397448478900917,0.015
2750,1.2,1.2,299.1,0.0029421598127716505,0.015
2751,1.25,1.25,123.89,0.0026717249172653265,0.015
2752,1.46,1.46,463.42,0.002347762289068234,0.015
2753,1.28,1.28,114.02,0.0001,0.015
2754,0.86,0.86,357.03,0.001565694759544014,0.015
2755,1.05,1.05,74.7,0.0036010709504685425,0.015
2756,0.74,0.74,342.66,0.00139496877371155,0.015
2757,1.2,1.2,354.06,0.004874879963847932,0.015
2758,1.07,1.07,71.78,0.0010727222067428246,0.015
2759,1.38,1.38,167.31,0.002916741378279837,0.015
2760,1.3,1.3,97.4,0.010236139630390141,0.015
2761,0.93,0.93,47.66,0.012610155266470854,0.015
2762,0.93,0.93,131.63,0.0035478234445035233,0.015
2763,0.63,0.63,187.44,0.004444088775074692,0.015
2764,1.25,1.25,134.5,0.0007137546468401493,0.015
2765,1.73,1.73,81.32,0.00034431874077718236,0.015
2766,0.34,0.34,110.31,0.011386093735835375,0.03
2767,0.81,0.81,91.06,0.006292554359762778,0.03
2768,0.79,0.79,127.72,0.001886940181647351,0.015
2769,1.25,1.25,1342.66,0.00010576020734959053,0.015
2770,0.93,0.93,355.13,0.0001,0.03
2771,0.8,0.8,31.64,0.0013274336283186344,0.03
2772,0.46,0.46,32.28,0.013630731102850046,0.03
2773,0.99,0.99,133.38,0.006020392862498118,0.015
2774,1.5,1.5,116.02,0.019643164971556628,0.015
2775,0.9,0.9,79.82,0.0032448008018040636,0.015
2776,1.0,1.0,90.24,0.0011081560283687905,0.015
2777,1.53,1.53,85.63,0.0022655611351162074,0.015
2778,1.43,1.43,342.92,0.0035780940160970495,0.015
2779,0.71,0.71,18.31,0.014418350628072153,0.03
2780,0.77,0.77,31.69,0.011044493531082349,0.03
2781,0.95,0.95,298.7,0.0031837964512889203,0.015
2782,0.55,0.55,69.36,0.005017301038062269,0.015
2783,0.88,0.88,14.94,0.02898259705488632,0.015
2784,0.85,0.85,173.71,0.0010362097749122084,0.03
2785,0.95,0.95,145.38,0.003239785390012382,0.03
2786,0.97,0.97,160.31,0.0019462291809618935,0.03
2787,1.09,1.09,74.02,0.0011753580113482809,0.015
2788,1.31,1.31,45.23,0.005217775812513794,0.015
2789,1.04,1.04,122.08,0.002596657929226738,0.015
2790,0.89,0.89,253.91,0.0012287818518372628,0.015
2791,1.27,1.27,254.78,0.0019350027474684054,0.015
2792,1.44,1.44,44.53,0.009544127554457684,0.015
2793,1.3,1.3,275.3,0.0010570286959680362,0.015
2794,0.96,0.96,183.7,0.0031464344039194405,0.015
2795,0.92,0.92,216.61,0.0007663542772725191,0.015
2796,0.91,0.91,217.2,0.0025690607734806625,0.015
2797,0.83,0.83,148.54,0.0007742022350881812,0.015
2798,0.97,0.97,42.58,0.00037576326914044185,0.015
2799,0.9,0.9,105.63,0.0008709646880620918,0.015
2800,0.96,0.96,154.18,0.0035218575690751136,0.015
2801,1.17,1.17,101.92,0.0007260596546310817,0.015
2802,1.29,1.29,47.27,0.00327903532896131,0.015
2803,1.59,1.59,77.1,0.0021400778210116855,0.015
2804,1.15,1.15,483.34,0.0005172342450448959,0.015
2805,1.22,1.22,170.4,0.0036971830985915435,0.015
2806,1.79,1.79,690.538,0.0017623939594924544,0.015
2807,1.79,1.79,194.683,0.001073540062563242,0.015
2808,0.88,0.88,526.67,0.0014658135075094466,0.015
2809,1.32,1.32,240.659,0.003332516132785392,0.015
2810,0.85,0.85,218.103,0.0005731237076060393,0.015
2811,0.86,0.86,226.122,0.002321755512510947,0.015
2812,1.13,1.13,458.456,0.0019958294798192175,0.015
2813,1.12,1.12,44.998,0.0162451664518423,0.015
2814,0.8,0.8,139.5,0.001935483870967739,0.015
2815,1.02,1.02,88.419,0.002261957271627131,0.015
2816,1.11,1.11,242.022,0.00046689970333276036,0.015
2817,1.29,1.29,62.941,0.0022243053017905463,0.015
2818,1.17,1.17,108.402,0.0036991937418128797,0.015
2819,1.12,1.12,237.29,0.0001,0.015
2820,0.72,0.72,557.772,0.0013804923875705476,0.015
2821,0.65,0.65,93.868,0.0009800997144926975,0.015
2822,0.87,0.87,132.015,0.0005075180850660923,0.015
2823,0.73,0.73,139.741,0.0019464580903242315,0.015
2824,0.78,0.78,132.693,0.0011228926921540766,0.015
2825,0.97,0.97,137.69,0.0051637736945311956,0.015
2826,1.17,1.17,136.767,0.002171576476781671,0.015
2827,0.8,0.8,108.847,0.00310527621340047,0.015
2828,0.84,0.84,206.767,0.0008753814680292355,0.015
2829,0.82,0.82,217.467,0.0006529726349285154,0.015
2830,0.82,0.82,253.929,0.001590995908305077,0.015
2831,0.57,0.57,87.052,0.04025180351973532,0.03
2832,0.76,0.76,189.343,0.01028292569569512,0.015
2833,0.94,0.94,186.033,0.018136567168190593,0.015
2834,0.69,0.69,165.487,0.02336135164695716,0.015
2835,0.45,0.45,78.329,0.005144965466174731,0.03
2836,0.61,0.61,63.52,0.0022512594458438113,0.015
2837,0.62,0.62,68.388,0.0021787448090308113,0.015
2838,0.62,0.62,162.647,0.0021211580908347565,0.015
2839,1.02,1.02,199.617,0.00111212972842995,0.015
2840,1.09,1.09,118.523,0.005897589497397129,0.015
2841,1.56,1.56,119.656,0.0021728956341512317,0.015
2842,0.61,0.61,69.235,0.02462627283888207,0.015
2843,0.96,0.96,116.864,0.012390470974808327,0.015
2844,0.93,0.93,134.387,0.0015700923452417162,0.015
2845,0.78,0.78,106.803,0.009709465089931922,0.015
2846,0.91,0.91,257.727,0.0002599650017266339,0.015
2847,1.21,1.21,225.603,0.0029033301862120596,0.015
2848,1.08,1.08,118.174,0.0004908016991893295,0.015
2849,1.0,1.0,105.215,0.005360452406976192,0.015
2850,0.61,0.61,698.346,0.002302583533091045,0.015
2851,0.96,0.96,635.11,0.0026467855961959334,0.015
2852,0.97,0.97,131.651,0.004314437414072051,0.015
2853,0.94,0.94,365.53,0.0027959401417120356,0.015
2854,0.8,0.8,119.157,0.008048205308962122,0.015
2855,0.8,0.8,80.463,0.0030075935523159606,0.015
2856,0.46,0.46,49.886,0.011726736960269395,0.015
2857,1.05,1.05,322.039,0.0008818807659941775,0.015
2858,0.87,0.87,144.613,0.0007606508405191749,0.015
2859,0.72,0.72,183.74,0.0032001741591379173,0.015
2860,1.08,1.08,110.174,0.008985786120137222,0.015
2861,0.88,0.88,189.115,0.001766121143219732,0.015
2862,0.5,0.5,110.6,0.011907775768535264,0.015
2863,0.88,0.88,62.402,0.0008493317521874146,0.015
2864,1.0,1.0,79.174,0.0031070806072700688,0.015
2865,0.76,0.76,208.031,0.0016055299450562638,0.015
2866,1.06,1.06,107.128,0.0001,0.015
2867,1.17,1.17,141.443,0.005521658901465612,0.015
2868,0.91,0.91,144.4,0.0009349030470914112,0.015
2869,0.96,0.96,85.041,0.0021283851318775553,0.015
2870,1.02,1.02,111.472,0.007535524616047078,0.015
2871,1.05,1.05,127.892,0.005989428580364683,0.015
2872,0.76,0.76,51.213,0.04606252318747193,0.015
2873,0.28,0.28,166.922,0.0017553108637567204,0.03
2874,0.89,0.89,70.327,0.012271247173916129,0.015
2875,0.99,0.99,73.88504634,0.0005143124608074822,0.015
2876,0.9,0.9,243.2730384,0.00031651678503473636,0.015
2877,0.85,0.85,392.99936146,0.0009771008242187294,0.015
2878,1.45,1.45,165.69006418,0.003337556797607603,0.015
2879,0.9,0.9,253.35141798,0.0001,0.015
2880,0.9,0.9,225.74291973,0.004035563999480479,0.015
2881,1.15,1.15,216.96307782,0.0009632975439876143,0.015
2882,0.9,0.9,187.77579939,0.002247360955836113,0.015
2883,0.95,0.95,185.52865833,0.01552859825502302,0.015
2884,1.2,1.2,95.74427273,0.008063145481057105,0.015
2885,1.2,1.2,62.5703182,0.0007511548822521222,0.015
2886,0.85,0.85,179.54993341,0.004399890242209359,0.015
2887,0.95,0.95,67.14883356,0.024557388603430555,0.015
2888,0.8,0.8,277.13283509,0.0008154934074362018,0.015
2889,1.05,1.05,99.81714738,0.00038069611281652574,0.015
2890,1.05,1.05,90.4293754,0.0015592278435664173,0.015
2891,1.05,1.05,32.10891548,0.0022423678571407467,0.015
2892,1.05,1.05,285.65859935,0.0016173152184154604,0.015
2893,1.25,1.25,711.15842885,0.0007691675691512812,0.015
2894,0.95,0.95,174.5223459,0.00042401447000031326,0.015
2895,0.75,0.75,247.68391054,0.0007509571356269492,0.015
2896,1.05,1.05,92.23671872,0.0002493583934812343,0.015
2897,0.75,0.75,197.45083595,0.0020815308176465566,0.015
2898,1.2,1.2,131.94308719,0.0026905539923345522,0.015
2899,0.85,0.85,162.25617772,0.00112168302345979,0.015
2900,1.05,1.05,269.35520362,0.00045293351812172384,0.015
2901,0.95,0.95,151.20142905,0.001441785314925236,0.015
2902,1.15,1.15,156.85272214,0.0012049519920432543,0.015
2903,0.95,0.95,84.84332993,0.0005421757967061368,0.015
2904,1.35,1.35,422.58743278,0.0021770642679735204,0.015
2905,1.05,1.05,136.68803755,0.0013095513199867452,0.015
2906,1.5,1.5,299.63079031,0.00044054217479929747,0.015
2907,1.5,1.5,138.98366692,0.00113682422907251,0.015
2908,0.9,0.9,40.52051784,0.0041213688497126035,0.015
2909,1.5,1.5,106.57180152,0.0030402038379654848,0.015
2910,1.2,1.2,163.77302965,0.0001,0.015
2911,1.35,1.35,139.13059409,0.0010278113231335566,0.015
2912,1.05,1.05,69.44807906,0.007127626950953411,0.015
2913,0.9,0.9,84.90651258,0.004487288294181406,0.015
2914,0.85,0.85,130.91337583,0.006164381560582054,0.015
2915,0.95,0.95,146.13506628,0.0010880345426151929,0.015
2916,0.95,0.95,172.74188402,0.5852373358871972,0.015
2917,0.85,0.85,64.02792146,0.0035140918972446,0.015
2918,0.95,0.95,597.57799344,0.00025603352479438733,0.015
2919,0.75,0.75,179.64935742,0.001391599745138682,0.015
2920,0.95,0.95,222.4683222,0.0012945663326443708,0.015
2921,1.1,1.1,135.05349868,0.0012957827950436976,0.015
2922,0.95,0.95,32.70292348,0.005718143214760723,0.015
2923,1.35,1.35,255.1926818,0.0095770771432835,0.015
2924,1.05,1.05,57.49821802,0.018957109238078605,0.015
2925,1.4,1.4,235.30476904,0.0012834419006129958,0.015
2926,0.92,0.92,246.34907802,0.0001907861818593171,0.015
2927,0.95,0.95,95.37121013,0.0007968861871040908,0.015
2928,0.8,0.8,81.81357742,0.003642427203374577,0.015
2929,0.95,0.95,549.16251051,0.0011089613517762343,0.015
2930,1.15,1.15,117.24038329,0.002183547962025775,0.015
2931,1.15,1.15,145.83465719,0.002399978213299489,0.015
2932,0.85,0.85,134.91809523,0.0020901569913158342,0.015
2933,0.95,0.95,149.4248323,0.003031624617055041,0.015
2934,0.95,0.95,152.6647557,0.004185641912372309,0.015
2935,0.9,0.9,159.37863071,0.0024470030785346086,0.015
2936,1.0,1.0,142.00674153,0.004858924249411311,0.015
2937,1.45,1.45,728.9167905,0.0003031896135200909,0.015
2938,1.2,1.2,306.74747235,0.000779142524530077,0.015
2939,0.65,0.65,194.35300899,0.0022639217282333945,0.015
2940,1.0,1.0,167.76441775,0.004720905723764536,0.015
2941,0.95,0.95,91.92187281,0.0029916709874745055,0.015
2942,0.9,0.9,62.46186276,0.005987653641343317,0.015
2943,0.95,0.95,184.18135192,0.0004506427992560823,0.015
2944,1.05,1.05,93.08885702,0.01301981825536437,0.015
2945,0.95,0.95,82.74086729,0.0016557718632538214,0.015
2946,0.95,0.95,592.12871217,0.0005404230421917598,0.015
2947,0.75,0.75,145.87889298,0.0008980051693836225,0.03
2948,0.9,0.9,146.4365039,0.004022221128703145,0.03
2949,0.6,0.6,148.47604271,0.005913411914640596,0.015
2950,0.9,0.9,63.10477969,0.003311951979338277,0.015
2951,1.25,1.25,206.88398035,0.0005993697520234343,0.015
2952,1.3,1.3,407.12375304,0.001923248138074296,0.015
2953,1.5,1.5,947.41691056,0.0026756963821783697,0.015
2954,0.7,0.7,290.22264026,0.0010026784944803203,0.015
2955,0.75,0.75,71.72991633,0.0006691768575216466,0.015
2956,0.75,0.75,29.56427605,0.017453496886828047,0.015
2957,1.05,1.05,124.65549115,0.006313400177878973,0.015
2958,1.3,1.3,356.0479604,0.003974183698202696,0.015
2959,1.4,1.4,176.54532643,0.047562856348561576,0.015
2960,1.45,1.45,243.36705949,0.0004191199918910616,0.015
2961,0.5,0.5,117.46240902,0.004741942589523781,0.015
2962,1.15,1.15,447.81915214,0.0009235871177539508,0.015
2963,1.25,1.25,282.91440493,0.0016612798493462722,0.015
2964,1.1,1.1,107.63879413,0.001319226967820728,0.015
2965,0.95,0.95,168.0814955,0.0007377373674069943,0.015
2966,0.95,0.95,167.90687688,0.008474935788466796,0.015
2967,1.05,1.05,160.71271787,0.0010826772286979026,0.015
2968,1.05,1.05,151.27597026,0.0026706158242160985,0.015
2969,0.92,0.92,126.37612469,0.0008704175750746344,0.015
2970,0.75,0.75,128.95132799,0.004800260762324248,0.015
2971,0.8,0.8,149.53125661,0.00026750260050529206,0.015
2972,0.85,0.85,258.43687111,0.0007893610502395027,0.015
2973,0.75,0.75,120.76827384,0.0006624256309731492,0.03
2974,0.5,0.5,153.70666143,0.002381158998542705,0.03
2975,0.95,0.95,137.12248078,0.004251673370286878,0.015
2976,0.75,0.75,74.57820127,0.0056316724303855014,0.015
2977,1.25,1.25,231.76949822,0.002446396114909793,0.015
2978,0.86,0.86,222.8140077,0.0018625399914657123,0.03
2979,0.75,0.75,174.58203106,0.00023484662053169478,0.015
2980,1.2,1.2,240.24352241,0.00024558414482164385,0.015
2981,0.55,0.55,150.98290736,0.0057887347335023554,0.03
2982,1.15,1.15,224.39023359,0.0017870652995205512,0.015
2983,0.4,0.4,59.02188228,0.012131093966188587,0.03
2984,0.6,0.6,59.87739342,0.0022713079550081595,0.03
2985,0.7,0.7,37.36164036,0.005085429819709326,0.015
2986,0.95,0.95,65.14363638,0.00030701387136779256,0.015
2987,1.05,1.05,67.57263962,0.012238681286548798,0.015
2988,1.05,1.05,238.36031809,0.42156765356412607,0.015
2989,1.05,1.05,153.11285171,0.00322637841620016,0.015
2990,1.15,1.15,164.70604748,0.003296782409072968,0.015
2991,1.05,1.05,166.21438926,0.0014619672886436374,0.015
2992,0.6,0.6,120.68093307,0.0028339190897838386,0.015
2993,0.95,0.95,138.36077328,0.0011130322297950078,0.015
2994,1.15,1.15,72.06805736,0.0015818381149159783,0.015
2995,1.15,1.15,178.53165397,0.0028734400236173417,0.015
2996,1.05,1.05,109.76422459,0.0072245761582343925,0.015
2997,0.95,0.95,310.68552353,0.0004924593790583387,0.015
2998,0.95,0.95,239.31261624,0.0001,0.015
2999,0.75,0.75,261.89433616,0.002615558664015969,0.015
3000,0.95,0.95,341.2451515,0.0022447205378096045,0.015
3001,0.63,0.63,7.58672907,0.01898051171609851,0.015
3002,0.6,0.6,80.46914906,0.002423288953318034,0.015
3003,1.05,1.05,202.80699181,0.0015384084997044727,0.015
3004,1.05,1.05,76.39245889,0.008246887312622813,0.015
3005,0.95,0.95,263.45119407,0.0016625470290471424,0.015
3006,1.55,1.55,385.74001079,0.0012573235506648996,0.015
3007,0.75,0.75,279.39673944,0.0017609367989981756,0.015
3008,0.7,0.7,82.88341131,0.0023527023914431144,0.015
3009,1.05,1.05,98.78931607,0.012045837012949787,0.015
3010,0.9,0.9,188.6387741,0.0001,0.015
3011,0.85,0.85,174.37616709,0.001095333170738985,0.015
3012,0.9,0.9,65.85027237,0.0014426667738929332,0.015
3013,0.95,0.95,225.93780346,0.0012215751227698502,0.015
3014,0.9,0.9,117.62251362,0.0001,0.015
3015,1.05,1.05,130.11643557,0.0015985682292080652,0.015
3016,0.75,0.75,65.63215629,0.0010513139275070901,0.015
3017,0.85,0.85,835.82053852,0.00140819703005161,0.015
3018,0.7,0.7,182.02503064,0.0008075812402456313,0.015
3019,1.01,1.01,83.23788805,0.004961682830682998,0.015
3020,0.75,0.75,925.96051752,0.0012311540054140348,0.015
3021,0.75,0.75,87.25345014,0.001982729619544189,0.015
3022,0.55,0.55,387.52380917,0.0006993118708768621,0.015
3023,1.2,1.2,583.66359664,0.001283273454626599,0.015
3024,1.1,1.1,346.89085946,0.0011732796898528,0.015
3025,1.15,1.15,1036.85251952,0.0010801921960111485,0.015
3026,1.05,1.05,194.06913847,0.0033235578056616563,0.015
3027,1.15,1.15,105.85633031,0.0006518268656955565,0.015
3028,1.05,1.05,165.88237176,0.002785106067017327,0.015
3029,0.85,0.85,88.1636715,0.004627756456354015,0.015
3030,0.9,0.9,370.84949861,0.0011379279238120008,0.015
3031,1.06,1.06,182.22492903,0.0028042266374864342,0.015
3032,0.45,0.45,186.32659115,0.0002951806269869587,0.03
3033,0.55,0.55,196.1799011,0.000519930938022072,0.015
3034,0.9,0.9,321.4685364,0.0020686316846030253,0.015
3035,0.85,0.85,92.46711775,0.008273211262713989,0.015
3036,0.9,0.9,257.67795428,0.001560086896542095,0.015
3037,0.55,0.55,110.19087801,0.0024865942167656852,0.015
3038,0.95,0.95,45.87876126,0.008086530451367301,0.03
3039,0.95,0.95,60.59748922,0.01899418630731182,0.015
3040,1.05,1.05,40.983571,0.0063196054828897254,0.015
3041,1.5,1.5,114.68102496,0.00023543563557630107,0.03
3042,0.8,0.8,192.86849323,0.0019339602531927725,0.015
3043,0.8,0.8,246.84005249,0.0014422294777887482,0.015
3044,0.85,0.85,226.17996763,0.0031037231429282787,0.015
3045,0.9,0.9,213.44338244,0.003907359368400382,0.015
3046,1.1,1.1,111.12888608,0.001277795585009082,0.015
3047,1.01,1.01,111.08731666,0.006508393772916964,0.015
3048,0.6,0.6,60.55739429,0.016001348990671696,0.03
3049,0.75,0.75,66.33205683,0.013899764971301265,0.03
3050,0.7,0.7,263.30784969,0.0003873792601325326,0.015
3051,0.95,0.95,111.10159698,0.001503128708672499,0.015
3052,0.7,0.7,48.75156985,0.002953751037003788,0.03
3053,0.65,0.65,62.25758871,0.012801652240540182,0.015
3054,0.85,0.85,48.10653132,0.001080934305034396,0.03
3055,0.65,0.65,50.31964662,0.0004968238387839527,0.03
3056,0.98,0.98,236.52537655,0.003707847389536262,0.015
3057,1.2,1.2,771.8159111,0.0021326328938387714,0.015
3058,1.15,1.15,191.23830389,0.000988295734460773,0.015
3059,1.6,1.6,45.56133363,0.006913757234546506,0.015
3060,1.4,1.4,120.69853,0.0031151994974586636,0.015
3061,1.05,1.05,65.08333299,0.00032266325394287085,0.015
3062,0.9,0.9,178.81313799,0.004966078052104095,0.015
3063,0.75,0.75,90.13207146,0.01539962387989701,0.015
3064,0.85,0.85,81.0355935,0.007157348702579689,0.015
3065,1.45,1.45,80.39569349,0.006604831390204363,0.015
3066,0.85,0.85,114.11730404,0.006572184703356755,0.015
3067,0.95,0.95,265.3679239,0.0015224145935295533,0.015
3068,0.85,0.85,234.4173092,0.046020492415071196,0.015
3069,0.45,0.45,104.790835,0.0032731870110587436,0.015
3070,1.05,1.05,53.99408856,0.007889752588871155,0.015
3071,1.58,1.58,348.69,0.0021681149445065824,0.015
3072,1.92,1.92,824.81,0.0032565075593166924,0.015
3073,0.85,0.85,327.82,0.008794460374595815,0.015
3074,0.74,0.74,78.65,0.010845518118245388,0.015
3075,0.76,0.76,85.13,0.0001,0.015
3076,0.7,0.7,86.71,0.0001,0.015
3077,0.91,0.91,88.13,0.003926018381935778,0.015
3078,1.05,1.05,42.33,0.013205764233404188,0.015
3079,0.59,0.59,139.52,0.009518348623853206,0.015
3080,0.64,0.64,536.18,0.012286918572121306,0.015
3081,1.18,1.18,261.59,0.012095263580412099,0.015
3082,0.67,0.67,157.29,0.010776273126072862,0.015
3083,1.11,1.11,172.63,0.002514047384579733,0.015
3084,1.4,1.4,276.54,0.0058978809575468295,0.015
3085,0.72,0.72,145.14,0.004237288135593222,0.015
3086,0.64,0.64,75.97,0.0009477425299460322,0.015
3087,0.45,0.45,580.95,0.004776658920733279,0.015
3088,0.62,0.62,58.8,0.0025000000000000044,0.015
3089,0.48,0.48,105.14,0.0013981358189081247,0.015
3090,0.6,0.6,119.58,0.010286001003512298,0.015
3091,0.62,0.62,162.21,0.0027371925282041847,0.015
3092,0.67,0.67,37.31,0.004636826588046101,0.015
3093,0.52,0.52,43.14,0.0052851182197496465,0.015
3094,0.57,0.57,107.04,0.0006446188340807253,0.015
3095,0.77,0.77,109.72,0.00188662048851623,0.015
3096,0.66,0.66,160.39,0.0015898746804663682,0.015
3097,0.44,0.44,28.07,0.04018525115781974,0.015
3098,1.23,1.23,212.98,0.003211569161423613,0.015
3099,0.53,0.53,64.53,0.0022935068960173513,0.015
3100,1.65,1.65,72.17,0.018636552584176236,0.015
3101,1.44,1.44,114.32,0.0003324002799160274,0.015
3102,1.21,1.21,96.57,0.00281660971316144,0.015
3103,1.35,1.35,256.75,0.0009036027263875408,0.015
3104,1.08,1.08,40.37,0.006118404756006933,0.015
3105,0.48,0.48,42.86,0.00011665888940734963,0.015
3106,0.61,0.61,83.76,0.0007760267430754477,0.015
3107,0.82,0.82,73.77,0.0036058018164565543,0.015
3108,1.02,1.02,181.66,0.0004844214466585983,0.015
3109,0.8,0.8,65.3,0.0037825421133231224,0.015
3110,0.91,0.91,115.55,0.003228039809606225,0.015
3111,0.69,0.69,38.49,0.028864640166276972,0.015
3112,0.6,0.6,60.89,0.0074724913778945355,0.015
3113,0.69,0.69,53.4,0.01402621722846443,0.015
3114,0.62,0.62,196.12,0.008555986130940236,0.015
3115,0.68,0.68,40.87,0.01027648642035723,0.015
3116,0.59,0.59,128.4,0.005373831775700944,0.015
3117,0.75,0.75,73.53,0.00029919760641915194,0.015
3118,0.51,0.51,143.46,0.0032064687020772397,0.015
3119,0.88,0.88,1832.38,0.0005850314891016051,0.015
3120,1.24,1.24,223.67,0.006245808557249513,0.015
3121,0.66,0.66,108.16,0.0030880177514792865,0.015
3122,0.6,0.6,92.29,0.0044208473290714,0.015
3123,0.52,0.52,124.37,0.009745115381522873,0.015
3124,0.79,0.79,154.88,0.0014333677685950384,0.015
3125,0.6,0.6,69.62,0.0009049123814995523,0.015
3126,0.82,0.82,80.27,0.0009966363523109514,0.015
3127,0.89,0.89,87.78,0.0029049897470950193,0.015
3128,0.92,0.92,117.78,0.004678213618610971,0.015
3129,0.67,0.67,58.88,0.015064538043478237,0.015
3130,0.52,0.52,50.67,0.002289323070850595,0.015
3131,0.68,0.68,94.73,0.014145466061437788,0.015
3132,0.69,0.69,188.43,0.0033593376850819885,0.015
3133,1.04,1.04,101.36,0.004281767955801098,0.03
3134,0.64,0.64,250.33,0.0030000399472696017,0.015
3135,0.57,0.57,63.63,0.00927235580700927,0.015
3136,0.74,0.74,56.45,0.0024800708591674147,0.015
3137,0.67,0.67,107.03,0.0007194244604316543,0.015
3138,0.71,0.71,73.46,0.0004492240675197315,0.015
3139,0.84,0.84,72.94,0.00034274746366877375,0.015
3140,0.9,0.9,97.75,0.0037647058823529443,0.015
3141,0.95,0.95,115.88,0.0023990334829133626,0.015
3142,0.54,0.54,190.93,0.0007280155030639467,0.015
3143,0.56,0.56,80.69,0.02322468707398686,0.015
3144,0.57,0.57,106.52,0.015377393916635373,0.015
3145,0.57,0.57,172.26,0.010066179031696274,0.015
3146,0.56,0.56,157.88,0.0016151507474030846,0.015
3147,0.52,0.52,47.72,0.010708298407376346,0.015
3148,0.56,0.56,44.64,0.010439068100358447,0.015
3149,0.61,0.61,107.13,0.010883972743395878,0.015
3150,0.76,0.76,40.5,0.01498765432098766,0.015
3151,0.63,0.63,52.47,0.004250047646274059,0.015
3152,0.61,0.61,41.94,0.0042680019074868925,0.015
3153,0.46,0.46,9.38,0.03752665245202552,0.015
3154,0.89,0.89,49.55,0.002421796165489425,0.015
3155,0.72,0.72,44.72,0.0014758497316636617,0.015
3156,1.02,1.02,45.57,0.0014483212639894436,0.015
3157,0.8,0.8,541.69070598,0.0013180953487253709,0.015
3158,1.65,1.65,1140.98597245,0.0012103566856607592,0.015
3159,0.6,0.6,559.15494741,0.0009013601727652102,0.015
3160,1.5,1.5,382.15107884,0.003917298897975289,0.015
3161,1.2,1.2,1216.79565066,0.0006829412971268086,0.015
3162,0.65,0.65,72.52937806,0.025672355806769232,0.015
3163,0.6,0.6,139.2575583,0.00252050950975204,0.015
3164,0.6,0.6,50.49227432,0.024776067563755586,0.015
3165,0.6,0.6,186.67305785,0.01047821267047403,0.015
3166,0.65,0.65,84.68565247,0.0031056028067229925,0.015
3167,0.5,0.5,90.31401225,0.0013286974746269144,0.015
3168,0.6,0.6,72.59181285,0.004862807335166307,0.015
3169,0.55,0.55,66.3442084,0.002954289526197734,0.015
3170,0.7,0.7,199.77319487,0.0009010217818117908,0.015
3171,0.95,0.95,121.11054292,0.0006522966382223582,0.015
3172,0.8,0.8,459.76894529,0.003582234113182987,0.015
3173,0.85,0.85,445.35525376,0.0045918398463578956,0.015
3174,0.75,0.75,52.60601412,0.004657262179969153,0.015
3175,0.75,0.75,50.08589188,0.003593826389899553,0.015
3176,0.65,0.65,71.97201341,0.00013894289635935566,0.015
3177,0.5,0.5,71.09234456,0.0026725803063035103,0.015
3178,1.5,1.5,13.93857389,0.04785281516343131,0.015
3179,0.98,0.98,196.34,0.0024651115412040337,0.015
3180,0.68,0.68,162.07,0.0053618806688467986,0.015
3181,1.2,1.2,162.12,0.00533555391068344,0.015
3182,0.71,0.71,31.13,0.08875682621265663,0.015
3183,0.82,0.82,36.88,0.014777657266811278,0.015
3184,0.8,0.8,72.73,0.010064622576653366,0.015
3185,0.75,0.75,23.4,0.017820512820512814,0.015
3186,0.76,0.76,73.47,0.004110521301211373,0.015
3187,0.69,0.69,40.93,0.02570241876374301,0.015
3188,0.51,0.51,59.14,0.0030098072370645912,0.015
3189,1.01,1.01,159.89,0.004878353868284442,0.015
3190,0.62,0.62,200.58,0.0011815734370326058,0.015
3191,0.71,0.71,91.52,0.0028081293706293674,0.015
3192,0.68,0.68,56.63,0.001536288186473596,0.015
3193,1.06,1.06,154.55,0.00450986735684244,0.015
3194,0.84,0.84,160.36,0.00012471938139186562,0.015
3195,0.66,0.66,174.79,0.00030322100806682775,0.015
3196,1.03,1.03,110.44,0.008131111915972471,0.015
3197,1.35,1.35,165.96,0.0045794167269221486,0.015
3198,0.83,0.83,193.29,0.001148533291944744,0.015
3199,0.65,0.65,68.6,0.00045189504373176106,0.015
3200,0.9,0.9,59.27,0.005550868905010947,0.015
3201,0.82,0.82,240.25,0.002276795005202916,0.015
3202,0.76,0.76,198.17,0.006600393601453297,0.015
3203,0.85,0.85,86.57,0.004066073697585773,0.015
3204,0.67,0.67,89.47,0.008505644350061464,0.015
3205,0.85,0.85,98.97,0.007557845811862192,0.015
3206,0.91,0.91,106.43,0.0017852109367659447,0.015
3207,0.84,0.84,167.67,0.0015208445160135922,0.015
3208,0.75,0.75,276.72,0.006020526163631108,0.015
3209,1.35,1.35,848.06,0.00020517416220550583,0.015
3210,0.41,0.41,289.98,0.0010448996482516001,0.015
3211,1.0,1.0,866.9,0.0017752912677356093,0.015
3212,0.6,0.6,64.72,0.008003708281829402,0.015
3213,0.77,0.77,99.93,0.0022715901130791584,0.015
3214,0.67,0.67,170.98,0.0038601005965610024,0.015
3215,0.78,0.78,169.66,0.0008546504774254366,0.015
3216,0.69,0.69,197.28,0.002914639091646387,0.015
3217,0.68,0.68,170.34,0.003134906657273692,0.015
3218,0.65,0.65,544.09,0.0027899795989634077,0.015
3219,0.65,0.65,271.94,0.005618886519085094,0.015
3220,0.6,0.6,137.76,0.013283972125435542,0.015
3221,1.0,1.0,124.67,0.017494184647469314,0.015
3222,0.77,0.77,208.79,0.009593371330044544,0.015
3223,0.64,0.64,150.61,0.00897682756789058,0.015
3224,0.84,0.84,152.21,0.010065041718678142,0.015
3225,0.65,0.65,182.28,0.01041255211762125,0.015
3226,0.79,0.79,186.1,0.0007684040838258942,0.015
3227,0.91,0.91,326.9,0.0062098501070663795,0.015
3228,0.94,0.94,57.09,0.0010159397442634406,0.015
3229,1.24,1.24,200.06,0.004973507947615711,0.015
3230,0.82,0.82,213.91,0.001982142022345844,0.015
3231,0.59,0.59,110.17,0.0005083053462830257,0.015
3232,0.64,0.64,33.86,0.001181334908446572,0.015
3233,0.93,0.93,209.02,0.013472394986125723,0.015
3234,1.35,1.35,225.13,0.001963310087504998,0.015
3235,0.9,0.9,160.39,0.0033917326516615725,0.015
3236,0.7,0.7,391.41,0.004575764543573234,0.015
3237,0.68,0.68,318.04,0.002889573638536029,0.015
3238,0.61,0.61,107.38,0.0007357049729930979,0.015
3239,0.9,0.9,107.36,0.00233792846497764,0.015
3240,0.61,0.61,80.69,0.0004833312678150911,0.015
3241,0.76,0.76,113.73,0.010111667985579885,0.015
3242,1.01,1.01,29.6,0.001655405405405388,0.015
3243,0.54,0.54,82.34,0.0007894097643915412,0.015
3244,1.0,1.0,194.07,0.0002524862163136986,0.015
3245,0.91,0.91,165.95,0.004326604398915336,0.015
3246,0.64,0.64,49.02,0.0009995920032639996,0.015
3247,0.81,0.81,151.95,0.0029680816057913706,0.015
3248,0.57,0.57,73.57,0.0021068370259616606,0.03
3249,0.74,0.74,154.13,0.00953740349055992,0.015
3250,0.7,0.7,120.87,0.007222635889798951,0.015
3251,0.55,0.55,115.86,0.006404281028827895,0.03
3252,1.2,1.2,601.88,0.00858975211005516,0.015
3253,0.67,0.67,74.77,0.01667781195666711,0.015
3254,0.77,0.77,75.68,0.008905919661733631,0.015
3255,1.45,1.45,172.94,0.0025731467561003834,0.015
3256,0.66,0.66,169.43,0.004515138995455354,0.015
3257,0.89,0.89,129.88,0.010063135201724673,0.015
3258,0.89,0.89,52.37,0.0019094901661256378,0.015
3259,0.71,0.71,57.46,0.014027149321266969,0.015
3260,0.69,0.69,39.74,0.009511826874685457,0.015
3261,0.86,0.86,63.15,0.005922406967537618,0.015
3262,0.77,0.77,82.67,0.004826418289585087,0.015
3263,0.75,0.75,38.36,0.003701772679874902,0.015
3264,1.39,1.39,32.47,0.02657838004311671,0.015
3265,0.64,0.64,24.91,0.03584905660377358,0.015
3266,0.97,0.97,48.0,0.005479166666666664,0.015
3267,0.4,0.4,129.56,0.017312442111762884,0.015
3268,1.25,1.25,164.97,0.009407771109898768,0.015
3269,0.67,0.67,39.58,0.03719050025265289,0.015
3270,0.84,0.84,105.27,0.009584876982996109,0.015
3271,0.64,0.64,101.11,0.0016615567204035311,0.015
3272,0.83,0.83,106.42,0.0062018417590678455,0.015
3273,0.55,0.55,52.46,0.0024399542508577983,0.015
3274,0.59,0.59,34.42,0.029692039511911635,0.015
3275,0.56,0.56,84.28,0.0024798291409587046,0.015
3276,0.67,0.67,234.48,0.0027251791197543474,0.015
3277,0.6,0.6,377.25,0.0005937707090788607,0.015
3278,0.57,0.57,386.93,0.0019254128653761688,0.015
3279,0.34,0.34,84.0,0.014047619047619045,0.03
3280,0.51,0.51,112.75,0.006696230598669614,0.03
3281,0.64,0.64,215.94,0.0005557099194220581,0.015
3282,0.78,0.78,100.91,0.008591814488157773,0.015
3283,0.49,0.49,143.67,0.005533514303612445,0.015
3284,0.47,0.47,56.73,0.01040014101886127,0.015
3285,0.57,0.57,46.16,0.0005632582322356977,0.015
3286,0.73,0.73,121.5,0.006493827160493839,0.015
3287,0.47,0.47,160.85,0.0009449797948399193,0.015
3288,0.75,0.75,197.06,0.0044504211915152685,0.015
3289,0.53,0.53,198.41,0.008895720981805355,0.015
3290,0.71,0.71,227.06,0.0032414339822073412,0.015
3291,0.79,0.79,337.67,0.0020582225249503963,0.015
3292,0.79,0.79,188.62,0.0029848372388930062,0.015
3293,0.71,0.71,107.76,0.00015775798069784204,0.015
3294,0.68,0.68,226.38,0.0006007597844332583,0.015
3295,1.08,1.08,465.62,0.0008848417164211177,0.015
3296,0.61,0.61,131.65,0.001617926319787322,0.015
3297,0.67,0.67,66.15,0.0025547996976568476,0.015
3298,0.65,0.65,66.78,0.001123090745732271,0.015
3299,0.54,0.54,305.89,0.0020595638955179935,0.015
3300,0.66,0.66,267.54,0.004799282350302754,0.015
3301,0.46,0.46,82.31,0.006499817762118821,0.03
3302,0.43,0.43,97.21,0.003559304598292358,0.015
3303,0.83,0.83,98.65,0.003132285859097813,0.015
3304,0.88,0.88,270.72,0.004824172576832148,0.015
3305,0.5,0.5,228.61,0.003648134377323825,0.015
3306,0.76,0.76,133.22,0.006297853175198915,0.015
3307,0.62,0.62,101.64,0.0033254624163715166,0.03
3308,0.91,0.91,331.25,0.0024181132075471704,0.015
3309,0.72,0.72,129.13,0.001239061410981183,0.03
3310,0.64,0.64,141.39,0.0011528396633425297,0.015
3311,0.6,0.6,89.72,0.007356219349086038,0.015
3312,0.63,0.63,126.05,0.0016263387544625154,0.015
3313,0.52,0.52,126.54,0.0013039355144618305,0.015
3314,0.65,0.65,116.29,0.0030871098116777174,0.015
3315,0.74,0.74,214.07,0.0012238987247162165,0.015
3316,0.99,0.99,89.75,0.0028523676880222865,0.015
3317,0.6,0.6,114.06,0.0024636156408907486,0.015
3318,0.64,0.64,123.63,0.002208201892744477,0.015
3319,0.68,0.68,458.07,0.0010544239963324357,0.015
3320,0.79,0.79,225.61,0.002340321794246707,0.015
3321,0.77,0.77,226.21,0.0006012112638698559,0.015
3322,0.54,0.54,233.34,0.001238536041827379,0.03
3323,0.73,0.73,246.84,0.005019445794846864,0.015
3324,0.75,0.75,253.41,0.0001,0.015
3325,1.99,1.99,417.89,0.0027016679030366832,0.03
3326,0.67,0.67,152.2,0.0022404730617608423,0.015
3327,0.44,0.44,111.87,0.003343166175024587,0.03
3328,0.42,0.42,82.02,0.003340648622287237,0.03
3329,0.71,0.71,272.33,0.0001,0.015
3330,0.74,0.74,280.08,0.006676663810339904,0.015
3331,0.66,0.66,316.32,0.0010875063227111796,0.015
3332,0.58,0.58,185.52,0.004727253126347567,0.015
3333,1.07,1.07,27.03,0.017462079171291174,0.015
3334,1.26,1.26,109.12,0.009484970674486804,0.015
3335,0.82,0.82,49.64,0.02812248186946011,0.015
3336,0.46,0.46,12.44,0.032958199356913194,0.015
3337,2.08,2.08,744.0,0.0012271505376344066,0.015
3338,2.42,2.42,77.11,0.013240824795746335,0.015
3339,0.54,0.54,199.66,0.00010517880396674301,0.015
3340,0.8,0.8,197.91,0.00012126724268606954,0.015
3341,0.59,0.59,22.67,0.033303925893250985,0.015
3342,0.79,0.79,164.46,0.004165146540192142,0.015
3343,0.78,0.78,17.92,0.04168526785714285,0.015
3344,0.81,0.81,182.59,0.015942822717563945,0.03
3345,0.67,0.67,159.24,0.002317256970610398,0.015
3346,0.46,0.46,69.81,0.015040825096691015,0.015
3347,0.86,0.86,248.23,0.003001248841799944,0.015
3348,1.08,1.08,75.49,0.002808318982646705,0.015
3349,0.69,0.69,130.24,0.0028332309582309563,0.015
3350,0.56,0.56,64.88,0.004593094944512948,0.015
3351,0.61,0.61,27.39,0.0204454180357795,0.015
3352,0.63,0.63,62.11,0.00767992271775882,0.015
3353,0.56,0.56,84.08,0.006053758325404381,0.015
3354,0.64,0.64,116.05,0.004722102542007756,0.015
3355,0.76,0.76,63.57,0.01865659902469717,0.015
3356,0.66,0.66,86.11,0.0014284055278132647,0.015
3357,0.86,0.86,234.66,0.002987300775590214,0.015
3358,0.95,0.95,43.31,0.0023089355806972904,0.015
3359,0.86,0.86,48.04,0.0035595337218984236,0.015
3360,0.84,0.84,71.32,0.0021031968592260288,0.015
3361,1.2,1.2,51.15,0.007214076246334307,0.015
3362,0.66,0.66,234.24,0.005110143442622951,0.015
3363,0.72,0.72,47.14,0.0024607551972846767,0.015
3364,0.72,0.72,100.9,0.004935579781962341,0.015
3365,0.87,0.87,102.12,0.006962397179788478,0.015
3366,0.83,0.83,42.09,0.007032549299120958,0.015
3367,0.75,0.75,110.46,0.0010773130544993643,0.015
3368,0.75,0.75,16.61,0.0001,0.015
3369,1.05,1.05,16.32,0.0001,0.015
3370,0.71,0.71,13.47,0.005122494432071266,0.015
3371,0.49,0.49,12.72,0.004952830188679223,0.015
3372,1.45,1.45,318.57,0.003465486392315658,0.015
3373,1.68,1.68,428.85,0.008009793634137811,0.015
3374,2.97,2.97,374.29,0.0001,0.03
3375,2.15,2.15,28.12,0.00017780938833573192,0.03
3376,0.67,0.67,213.55,0.0001,0.015
3377,0.8,0.8,362.21,0.008553049336020543,0.015
3378,0.46,0.46,47.22,0.0052943667937314694,0.03
3379,0.39,0.39,41.47,0.009307933445864463,0.03
3380,0.53,0.53,65.34,0.002433425160697871,0.03
3381,0.61,0.61,367.61,0.0076793340768749494,0.015
3382,1.44,1.44,196.12,0.0006985519069957101,0.015
3383,3.75,3.75,206.09,0.0033237905769324103,0.015
3384,0.65,0.65,111.02,0.005899837867050976,0.03
3385,0.93,0.93,296.63,0.003775747564305698,0.03
3386,0.76,0.76,99.58,0.0007230367543683567,0.015
3387,0.48,0.48,146.84,0.0011304821574502884,0.015
3388,0.62,0.62,24.56,0.0006107491856677756,0.015
3389,0.61,0.61,381.55,0.003572270999868959,0.015
3390,0.62,0.62,130.71,0.002685333945375258,0.015
3391,0.56,0.56,38.64,0.003907867494824011,0.015
3392,0.81,0.81,29.32,0.00402455661664394,0.015
3393,0.77,0.77,34.43,0.005634620970084227,0.015
3394,0.9,0.9,39.33,0.008263412153572342,0.015
3395,0.79,0.79,60.75,0.0005432098765432012,0.015
3396,0.35,0.35,94.22,0.0014646571853109732,0.015
3397,0.46,0.46,564.08,0.0002286909658204502,0.015
3398,0.78,0.78,576.28,0.0036787672659124027,0.015
3399,0.9,0.9,237.82520706,0.004318297512260344,0.015
3400,0.77,0.77,194.93317132,0.003334476095569019,0.015
3401,0.8,0.8,60.14067582,0.010724854538224237,0.015
3402,0.8,0.8,295.02005882,0.0005491152047354229,0.015
3403,0.65,0.65,120.52303654,0.0007467452080841826,0.015
3404,0.75,0.75,195.037691,0.0035275233031752855,0.015
3405,0.65,0.65,106.32232086,0.0010910220832438633,0.015
3406,0.6,0.6,312.60181792,0.002437605785757167,0.015
3407,0.85,0.85,185.67986551,0.0021919447156109693,0.015
3408,0.85,0.85,186.82094507,0.001541583037662557,0.015
3409,0.65,0.65,187.1293961,0.0035055956662706227,0.015
3410,0.73,0.73,227.83811966,0.0031162476281823477,0.015
3411,0.6,0.6,343.29142155,0.003166405950641209,0.015
3412,0.72,0.72,177.37383005,0.0018999420596883013,0.015
3413,0.85,0.85,177.99772959,0.001516873280473395,0.015
3414,0.77,0.77,175.95272855,0.0020005373198857413,0.015
3415,0.8,0.8,175.01762295,0.004856653779618709,0.015
3416,0.7,0.7,172.92123466,0.0012549066077782104,0.015
3417,0.95,0.95,169.16391811,0.003079852995963449,0.015
3418,1.45,1.45,477.20093744,0.0036336894250506816,0.015
3419,1.5,1.5,572.63861405,0.0003946642689734291,0.015
3420,1.15,1.15,406.0542004,0.0024553372407374804,0.015
3421,0.7,0.7,85.12272114,0.0001997116606744729,0.015
3422,0.8,0.8,295.18482821,0.0011552084233726516,0.015
3423,1.25,1.25,97.23285671,0.007929418368314843,0.015
3424,0.75,0.75,209.97020952,0.0001,0.015
3425,0.95,0.95,400.23189181,0.00019988412127331938,0.015
3426,0.6,0.6,239.09910425,0.00169385829056279,0.015
3427,0.66,0.66,267.18590753,0.0001160240833305172,0.015
3428,1.2,1.2,229.23019278,0.00010906067694142588,0.015
3429,0.95,0.95,439.92072345,0.0026004685367590364,0.015
3430,0.55,0.55,120.59308214,0.0026950136295770047,0.015
3431,0.6,0.6,63.19807841,0.0035602348308805113,0.015
3432,0.8,0.8,385.76013378,0.004155431989025063,0.015
3433,1.1,1.1,132.29370013,0.0011791944729545346,0.015
3434,0.65,0.65,151.75933243,0.011979493919021856,0.015
3435,0.88,0.88,81.58301509,0.010124656450718077,0.015
3436,0.65,0.65,105.56534336,0.007208805236438528,0.015
3437,0.77,0.77,77.03329637,0.007775858339528025,0.015
3438,0.52,0.52,48.58733687,0.0004527928760298864,0.03
3439,0.3,0.3,45.36033634,0.0001,0.03
3440,0.9,0.9,171.09878126,0.001426076785603866,0.015
3441,0.6,0.6,191.06279684,0.0004082427416014433,0.015
3442,0.95,0.95,194.99916958,0.001733340714875875,0.015
3443,0.75,0.75,55.37848935,0.0005958992451281311,0.015
3444,0.4,0.4,177.12087777,0.0016994044055656905,0.015
3445,0.75,0.75,121.89206672,0.0008532138538507256,0.015
3446,0.85,0.85,106.53641278,0.0027690063172033145,0.015
3447,0.95,0.95,59.88158451,0.009769280569092289,0.015
3448,0.65,0.65,102.81227707,0.0028304012739827976,0.03
3449,0.95,0.95,57.38974246,0.006603967603865099,0.015
3450,1.5,1.5,387.37204682,0.002323347818688123,0.015
3451,1.25,1.25,404.88314474,0.0006668590765204191,0.015
3452,1.05,1.05,103.92056531,0.0008083096906702117,0.015
3453,0.9,0.9,117.70474864,0.0019540418093364734,0.015
3454,0.75,0.75,122.40841185,0.0025733525600021867,0.015
3455,0.75,0.75,93.30626769,0.0007930871294290417,0.015
3456,0.85,0.85,271.69480323,0.006558829903314232,0.015
3457,0.7,0.7,154.74811544,0.002048490213264727,0.015
3458,0.6,0.6,485.24308811,0.0007542611300772052,0.015
3459,0.75,0.75,55.93346147,0.004916556078824054,0.015
3460,0.7,0.7,285.57494042,0.00361026075496572,0.015
3461,0.7,0.7,337.49009568,0.001736347251374249,0.015
3462,0.9,0.9,24.89889369,0.003534293575274074,0.015
3463,0.85,0.85,521.18128828,0.0007943493162739601,0.015
3464,0.75,0.75,123.31011021,0.004606272746271026,0.015
3465,0.95,0.95,169.0525244,0.007743155594072863,0.015
3466,0.7,0.7,129.80250316,0.007989060108661782,0.015
3467,0.75,0.75,168.26183222,0.009598136301573183,0.015
3468,0.75,0.75,131.03474625,0.0028847310413286664,0.015
3469,0.75,0.75,119.16936741,0.008332678284542722,0.015
3470,0.85,0.85,46.45763557,0.005596496610514003,0.015
3471,0.75,0.75,289.18233227,0.0011273164492484453,0.015
3472,0.8,0.8,68.24566868,0.0016118239021993188,0.015
3473,1.05,1.05,93.77374327,0.010759941587218248,0.03
3474,0.7,0.7,99.220655,0.009403284023875892,0.015
3475,0.68,0.68,23.82366632,0.007387611866115163,0.015
3476,0.7,0.7,8.81851699,0.010092399901358063,0.015
3477,0.75,0.75,73.12934778,0.0005333016249143375,0.015
3478,0.9,0.9,126.10916216,0.00549523910975447,0.015
3479,0.65,0.65,43.83127567,0.008897756089424783,0.015
3480,0.6,0.6,55.07000184,0.00343199552724039,0.015
3481,0.9,0.9,73.00308805,0.005177863157529827,0.015
3482,0.9,0.9,27.12660499,0.03966585573080956,0.015
3483,0.75,0.75,21.23167035,0.08501450758442092,0.015
3484,0.9,0.9,132.08571805,0.0006813757106270269,0.015
3485,0.9,0.9,77.25303327,0.006329848541881066,0.015
3486,0.85,0.85,52.75624669,0.005440114071920893,0.015
3487,1.15,1.15,38.30093098,0.006997218948540575,0.015
3488,0.85,0.85,106.79846982,0.003211656501990133,0.015
3489,0.9,0.9,102.57559479,0.010694551684012725,0.015
3490,0.9,0.9,23.677516,0.017949518015318827,0.015
3491,1.3,1.3,386.36494269,0.0037891636591227715,0.015
3492,0.8,0.8,117.46371168,0.0019750780618275053,0.015
3493,0.65,0.65,93.29352016,0.0015863909920665136,0.015
3494,0.85,0.85,10.56842434,0.07314240752751612,0.015
3495,0.8,0.8,97.38204501,0.00818426024959896,0.015
3496,0.65,0.65,101.6461756,0.012268046413346808,0.015
3497,0.65,0.65,194.21191769,0.003820568834423314,0.015
3498,0.95,0.95,319.53951733,0.0015240681467796598,0.015
3499,0.85,0.85,259.55689694,0.0012713975390000287,0.015
3500,0.75,0.75,257.26501764,0.004369035519523499,0.015
3501,0.9,0.9,192.74802181,0.0054008336387812985,0.015
3502,0.65,0.65,151.67813856,0.007970825667284616,0.015
3503,0.8,0.8,158.61286652,0.00306406416240336,0.015
3504,0.85,0.85,19.24502081,0.009612876069423201,0.015
3505,0.85,0.85,467.73230328,0.005319281953700345,0.015
3506,0.8,0.8,131.97047217,0.0009926462931135731,0.015
3507,1.2,1.2,521.47100328,0.004000222422491893,0.015
3508,0.65,0.65,90.98884901,0.001670534374858339,0.015
3509,0.75,0.75,98.65380914,0.00954854159420448,0.015
3510,0.95,0.95,109.68071886,0.0016775965904715013,0.015
3511,0.81,0.81,209.79906599,0.0027645499624276,0.015
3512,0.86,0.86,98.74310524,0.00179253021838631,0.015
3513,0.9,0.9,391.10111725,0.001337250079154563,0.015
3514,0.85,0.85,133.1094115,0.005243806520773323,0.015
3515,0.75,0.75,177.63234838,0.0012722907852151426,0.015
3516,0.8,0.8,97.86421436,0.0020232114598257886,0.015
3517,0.6,0.6,92.82594273,0.00112037644802059,0.015
3518,0.75,0.75,108.48861289,0.0011245419841776345,0.015
3519,0.85,0.85,39.33325806,0.005593231042910453,0.015
3520,0.7,0.7,39.29258228,0.0015015556773429798,0.015
3521,0.75,0.75,22.81366332,0.040677377718047254,0.015
3522,0.75,0.75,23.96736457,0.007218148641029331,0.015
3523,0.7,0.7,185.43375237,0.002297316397664181,0.015
3524,0.8,0.8,155.15461693,0.0031774755386262442,0.015
3525,0.65,0.65,44.8254128,0.006090295280002421,0.03
3526,0.8,0.8,185.93907988,0.004856429323963371,0.015
3527,0.95,0.95,61.58138743,0.002971677119292216,0.015
3528,0.75,0.75,92.18689705,0.00021695057150206547,0.015
3529,0.75,0.75,98.97350746,0.0027987287417488896,0.03
3530,0.8,0.8,31.20463338,0.030412150286894344,0.015
3531,0.7,0.7,241.77037572,0.00048806641280426733,0.015
3532,0.7,0.7,25.3848629,0.002166645540559551,0.015
3533,0.8,0.8,36.55403539,0.001449908318863723,0.015
3534,0.8,0.8,34.04023286,0.0009106870721917762,0.015
3535,0.65,0.65,63.17157496,0.0006490260853233519,0.015
3536,0.75,0.75,64.45695078,0.005709236871226386,0.015
3537,0.8,0.8,296.1976707,0.0015496408155920064,0.015
3538,0.75,0.75,229.61534087,0.0025303187400224354,0.015
3539,0.8,0.8,84.66111204,0.0001,0.03
3540,0.35,0.35,87.57072019,0.0005367090723706037,0.03
3541,0.85,0.85,83.75445649,0.004298278743447916,0.015
3542,0.75,0.75,257.24174204,0.0016715794123845476,0.015
3543,0.85,0.85,166.36145205,0.005908820750762374,0.015
3544,0.85,0.85,175.60630845,0.0038609091323905677,0.015
3545,0.85,0.85,119.39981643,0.007386946030332349,0.015
3546,0.86,0.86,120.91837316,0.0006698733855178539,0.015
3547,0.7,0.7,31.44006044,0.003117042353879163,0.015
3548,0.61,0.61,31.4630095,0.004799286603527253,0.015
3549,0.9,0.9,71.44087017,0.001959662580632865,0.015
3550,0.9,0.9,60.32092387,0.0005304958536272502,0.015
3551,0.75,0.75,98.10755841,0.013597321364630214,0.015
3552,0.85,0.85,355.08282226,0.0016812978904478294,0.015
3553,0.75,0.75,145.26775311,0.0009905846061447317,0.015
3554,0.65,0.65,77.80920292,0.004048364308832074,0.015
3555,0.85,0.85,185.56704065,0.0032602772447133943,0.015
3556,0.7,0.7,394.88414564,0.00411259863919818,0.015
3557,0.95,0.95,184.58446274,0.005374233482464344,0.015
3558,0.65,0.65,184.63282568,0.002567257464940295,0.015
3559,0.9,0.9,119.15476792,0.011396942176176744,0.015
3560,0.8,0.8,118.91764599,0.002144341135220952,0.015
3561,0.8,0.8,51.99479602,0.012116597202490571,0.015
3562,0.7,0.7,120.39890342,0.00782399152518793,0.015
3563,0.7,0.7,145.24242833,0.0006403087656225223,0.015
3564,1.05,1.05,175.41990202,0.0004959528479846071,0.015
3565,0.7,0.7,91.58477506,0.0015068006653899924,0.015
3566,0.8,0.8,148.71936382,0.0008808536873419784,0.015
3567,1.4,1.4,64.18471292,0.008662498821066624,0.015
3568,0.75,0.75,106.60338782,0.0049341771472418096,0.015
3569,0.55,0.55,153.35703503,0.002947370493382187,0.015
3570,0.9,0.9,162.74183489,0.0033857305367881005,0.015
3571,0.75,0.75,183.25934109,0.004261720004856096,0.015
3572,0.8,0.8,183.26074093,0.0013096094601716844,0.015
3573,0.5,0.5,23.62678457,0.015660192731845782,0.03
3574,0.65,0.65,60.444458,0.012193011971420111,0.015
3575,0.95,0.95,364.32646872,0.0005434686112585763,0.015
3576,1.2,1.2,128.06315498,0.005739355711756336,0.015
3577,0.65,0.65,165.3121819,0.0029338430745133115,0.015
3578,0.95,0.95,95.54153231,0.0006384657910036024,0.015
3579,0.8,0.8,159.51105999,0.0009403736644305645,0.015
3580,0.7,0.7,110.25956645,0.010647602179103257,0.015
3581,0.8,0.8,60.45127183,0.011960046134897023,0.015
3582,0.65,0.65,78.04563412,0.008840981405046716,0.015
3583,0.65,0.65,65.45029743,0.005760096054616206,0.015
3584,0.65,0.65,67.13095579,0.006688419592960487,0.015
3585,0.65,0.65,128.90641388,0.005725083630726164,0.015
3586,0.65,0.65,38.10422047,0.01936793328657748,0.015
3587,0.75,0.75,62.41508862,0.01515659147356987,0.015
3588,0.65,0.65,519.64454108,0.0018397191241788162,0.015
3589,0.65,0.65,143.70683571,0.006812480388724301,0.015
3590,0.75,0.75,144.3081855,0.0019195030347048479,0.015
3591,0.75,0.75,259.51163895,0.0019652297756797767,0.015
3592,0.65,0.65,74.75749385,0.0021001239061734607,0.015
3593,0.65,0.65,158.1070059,0.008298177506630023,0.015
3594,0.95,0.95,141.93141002,0.0033960065635371345,0.015
3595,0.85,0.85,41.97376799,0.012460163217288517,0.015
3596,0.8,0.8,111.06816456,0.00619439425082366,0.015
3597,0.65,0.65,44.83456201,0.002899548789413944,0.015
3598,0.88,0.88,41.77752587,0.01158517623820216,0.015
3599,0.8,0.8,111.66557811,0.0022836043507409544,0.015
3600,0.75,0.75,113.14458355,0.0005921626815692157,0.015
3601,0.8,0.8,39.70545085,0.005389688201966355,0.015
3602,0.8,0.8,133.95101508,0.0022769517634326553,0.015
3603,1.35,1.35,53.52699779,0.008649840624659478,0.015
3604,0.7,0.7,153.93890873,0.005723049534833481,0.015
3605,0.95,0.95,109.85057756,0.0014292141515072796,0.015
3606,0.7,0.7,94.09374503,0.007354367708282509,0.015
3607,0.9,0.9,39.60484773,0.004696394776417941,0.015
3608,0.75,0.75,92.98178826,0.0039039903059829577,0.015
3609,0.75,0.75,404.0735153,0.0009181497572899711,0.015
3610,0.95,0.95,129.42249557,0.0003090652813008498,0.015
3611,0.85,0.85,65.59150912,0.007897363651937267,0.015
3612,0.9,0.9,192.30052588,0.0012428463151949018,0.015
3613,0.75,0.75,230.14545222,0.0031936325176540993,0.015
3614,0.8,0.8,225.95747587,0.0033988696193519743,0.015
3615,1.05,1.05,152.64779793,0.007199579783679361,0.015
3616,1.15,1.15,32.58035844,0.015929843158594782,0.015
3617,0.75,0.75,159.63270174,0.0031071327778931825,0.015
3618,1.05,1.05,96.28851234,0.0016512873253100282,0.015
3619,0.7,0.7,48.46511169,0.0030537430914564056,0.015
3620,0.65,0.65,49.02637402,0.003651096039184508,0.015
3621,0.65,0.65,93.77599757,0.010269152287941905,0.015
3622,0.7,0.7,80.01070933,0.00468687258418535,0.015
3623,0.65,0.65,42.49256028,0.00023533531361974658,0.015
3624,0.75,0.75,55.15117543,0.006346192937342451,0.015
3625,0.7,0.7,56.99900113,0.00035088334187445894,0.015
3626,0.85,0.85,202.14953608,0.005263430332973535,0.015
3627,0.65,0.65,82.54628572,0.005281885141130732,0.015
3628,0.8,0.8,116.72153413,0.0011051945209726696,0.015
3629,0.9,0.9,39.99632662,0.005300486767552049,0.015
3630,0.85,0.85,38.7169414,0.017098458092559964,0.015
3631,0.65,0.65,57.0577064,0.0022783951231520215,0.015
3632,1.05,1.05,75.96484774,0.0010531186776522074,0.015
3633,0.65,0.65,239.48744037,0.0037413235475551878,0.015
3634,0.65,0.65,43.36813635,0.00011529201899864193,0.015
3635,0.75,0.75,91.25128738,0.0061916934678100145,0.015
3636,0.85,0.85,44.91011901,0.0025606701236840076,0.015
3637,0.8,0.8,63.02049075,0.003252910244911098,0.015
3638,0.75,0.75,111.57391064,0.00018821604333433902,0.015
3639,0.65,0.65,25.83191058,0.012813608926637882,0.015
3640,0.7,0.7,39.83140774,0.0007280686685566768,0.015
3641,0.9,0.9,84.1120248,0.0010818904932603666,0.015
3642,0.75,0.75,107.1638954,0.005701547127597232,0.015
3643,0.8,0.8,103.46160948,0.006698136666180148,0.015
3644,0.8,0.8,33.65773201,0.023887527530408913,0.015
3645,0.75,0.75,46.51301162,0.002128436679370627,0.015
3646,0.9,0.9,10.56842434,0.018924296902332678,0.015
3647,0.82,0.82,210.07,0.0025800923501689906,0.015
3648,0.77,0.77,198.33,0.0003831997176423159,0.015
3649,0.66,0.66,348.53,0.0050641264740481475,0.015
3650,0.63,0.63,94.49,0.010106889617948991,0.015
3651,0.72,0.72,360.05,0.0010998472434384085,0.015
3652,0.68,0.68,95.57,0.0093648634508737,0.015
3653,0.99,0.99,198.35,0.0016435593647592666,0.015
3654,0.71,0.71,186.93,0.003017172203498636,0.015
3655,0.72,0.72,250.07,0.00043587795417283155,0.015
3656,0.58,0.58,52.91,0.013437913437913444,0.015
3657,0.99,0.99,40.0,0.021649999999999992,0.015
3658,0.73,0.73,184.33,0.0048228720230022205,0.015
3659,0.53,0.53,191.12,0.0031184596065299292,0.015
3660,0.56,0.56,162.15,0.01058279370952821,0.015
3661,0.57,0.57,123.77,0.006835258948048801,0.015
3662,0.88,0.88,99.95,0.00335167583791895,0.015
3663,0.67,0.67,97.79,0.004417629614480012,0.015
3664,0.67,0.67,342.04,0.00025727985030990806,0.015
3665,0.87,0.87,75.23,0.004625814169879024,0.015
3666,0.55,0.55,133.4,0.008485757121439277,0.015
3667,0.79,0.79,209.32,0.00195872348557233,0.015
3668,0.7,0.7,173.74,0.004754230459307013,0.015
3669,0.58,0.58,168.24,0.00435687113647171,0.015
3670,0.91,0.91,307.86,0.006194374066133963,0.015
3671,0.71,0.71,294.0,0.008942176870748298,0.015
3672,0.52,0.52,76.34,0.0029997380141472255,0.015
3673,0.84,0.84,46.92,0.0026854219948849365,0.015
3674,0.95,0.95,209.22,0.0038141669056495557,0.015
3675,0.74,0.74,128.04,0.0060527960012496124,0.015
3676,0.99,0.99,130.13,0.003435026511949583,0.015
3677,0.61,0.61,136.19,0.004170643953300533,0.015
3678,0.52,0.52,137.37,0.0004513358084006653,0.015
3679,0.93,0.93,88.19,0.008130173489057702,0.015
3680,0.75,0.75,153.98,0.006215092869203786,0.015
3681,0.65,0.65,158.17,0.0008092558639438587,0.015
3682,0.72,0.72,300.38,0.00044943072108662293,0.015
3683,0.95,0.95,289.4,0.003448514167242569,0.015
3684,0.82,0.82,111.45,0.004342754598474652,0.015
3685,1.38,1.38,157.62,0.002575815251871582,0.015
3686,0.68,0.68,157.54,0.003091278405484322,0.015
3687,0.91,0.91,903.84,0.0002533634271552498,0.015
3688,0.72,0.72,33.07,0.008890232839431524,0.015
3689,0.76,0.76,111.36,0.0033225574712643768,0.015
3690,0.83,0.83,158.53,0.0015454488109506038,0.015
3691,0.61,0.61,138.97,0.005166582715694035,0.015
3692,0.75,0.75,196.03,0.002514921185532828,0.015
3693,0.94,0.94,50.13,0.004109315778974656,0.015
3694,0.89,0.89,101.35,0.006867291563887516,0.015
3695,0.61,0.61,16.68,0.02571942446043167,0.015
3696,0.84,0.84,63.12,0.005719264892268705,0.015
3697,0.66,0.66,61.26,0.005435847208619004,0.015
3698,0.99,0.99,177.7,0.0015081598199212095,0.015
3699,0.88,0.88,57.83,0.0004841777624070633,0.015
3700,0.67,0.67,71.02,0.0019853562376795273,0.015
3701,0.7,0.7,296.8,0.007894204851752021,0.015
3702,0.72,0.72,60.56,0.0035336856010567807,0.015
3703,0.68,0.68,104.23,0.017403818478365154,0.015
3704,0.6,0.6,193.95,0.004073214746068588,0.015
3705,0.73,0.73,182.34,0.006515301085883527,0.015
3706,0.82,0.82,134.68,0.011716661716661712,0.015
3707,0.75,0.75,114.97,0.010037401061146386,0.015
3708,0.93,0.93,98.85,0.00838644410723319,0.015
3709,0.88,0.88,78.09,0.0017543859649122864,0.015
3710,0.97,0.97,109.28,0.0020863836017569522,0.015
3711,0.65,0.65,135.02,0.003851281291660491,0.015
3712,0.6,0.6,70.87,0.03160716805418372,0.015
3713,0.93,0.93,30.76,0.0108257477243173,0.015
3714,0.84,0.84,220.51,0.009446283615255546,0.015
3715,1.11,1.11,136.43,0.0012314007183170932,0.015
3716,0.73,0.73,249.94,0.0008682083700088042,0.015
3717,0.63,0.63,119.65,0.002206435436690341,0.03
3718,0.99,0.99,20.85,0.0037410071942445755,0.015
3719,0.86,0.86,80.59,0.0039831244571286945,0.015
3720,0.78,0.78,57.41,0.008482842710329213,0.015
3721,0.8,0.8,65.33,0.010179090769937229,0.015
3722,0.56,0.56,157.7,0.003227647431832596,0.03
3723,0.83,0.83,79.36,0.015246975806451624,0.015
3724,0.63,0.63,69.65,0.015204594400574289,0.015
3725,0.66,0.66,104.15,0.01922227556409028,0.015
3726,0.69,0.69,222.84,0.012627894453419487,0.015
3727,0.42,0.42,214.14,0.0055617820117679975,0.015
3728,0.91,0.91,106.94,0.00895829437067513,0.015
3729,0.89,0.89,63.11,0.00229757566154333,0.015
3730,0.66,0.66,432.17,0.0013212393271166433,0.015
3731,0.82,0.82,5.01,0.012974051896207841,0.03
3732,0.55,0.55,220.44,0.0020277626565051677,0.03
3733,0.75,0.75,29.72,0.002624495289367469,0.015
3734,0.65,0.65,249.28,0.002150192554557123,0.015
3735,0.6,0.6,132.78,0.001009188130742571,0.015
3736,0.54,0.54,45.7,0.0012472647702407086,0.015
3737,0.54,0.54,301.53,0.0016117799223957778,0.015
3738,0.59,0.59,193.85,0.005478462728914106,0.015
3739,1.2,1.2,39.0,0.006128205128205148,0.015
3740,0.76,0.76,22.12,0.019394213381555166,0.015
3741,0.8,0.8,147.62,0.0009077360791220724,0.015
3742,0.88,0.88,117.31,0.0025147046287614006,0.015
3743,0.69,0.69,16.96,0.007900943396226434,0.015
3744,0.58,0.58,316.0,0.004322784810126581,0.015
3745,0.71,0.71,40.74,0.0012272950417280052,0.015
3746,0.83,0.83,16.9,0.01585798816568041,0.015
3747,0.75,0.75,341.51,0.002307399490498083,0.015
3748,0.48,0.48,42.62,0.022548099483810424,0.03
3749,1.37,1.37,86.64,0.0037973222530009202,0.015
3750,0.39,0.39,334.7,0.004424858081864353,0.015
3751,1.11,1.11,411.57,0.003012853220594308,0.015
3752,0.65,0.65,96.75,0.008165374677002584,0.03
3753,0.45,0.45,85.43,0.016059932108158724,0.03
3754,0.74,0.74,152.51,0.002478525998295195,0.015
3755,0.5,0.5,41.63,0.0035311073744895565,0.03
3756,0.53,0.53,165.68,0.0005733944954128479,0.03
3757,0.63,0.63,70.59,0.0066015016291259285,0.03
3758,0.38,0.38,55.43,0.00010824463287029095,0.03
3759,1.03,1.03,89.94,0.014876584389593063,0.015
3760,0.64,0.64,136.09,0.008509074876919688,0.015
3761,0.4,0.4,215.43,0.0008308963468411985,0.015
3762,0.59,0.59,207.61,0.0029189345407253935,0.015
3763,0.53,0.53,218.1,0.000375974323704726,0.015
3764,0.64,0.64,156.37,0.004796316428982535,0.015
3765,0.76,0.76,246.34,0.0022773402614272987,0.015
3766,0.91,0.91,40.67,0.0007376444553724947,0.015
3767,0.86,0.86,37.4,0.0014973262032085576,0.015
3768,0.73,0.73,258.65,0.00538565629228687,0.015
3769,0.55,0.55,24.29,0.03301770275833675,0.015
3770,0.56,0.56,26.23,0.0024018299656881664,0.015
3771,0.55,0.55,43.87,0.0005014816503305275,0.015
3772,0.85,0.85,41.48,0.010993249758919972,0.015
3773,0.63,0.63,23.39,0.01962377084224022,0.015
3774,0.84,0.84,24.05,0.0017879417879417571,0.015
3775,0.41,0.41,98.36,0.009902399349328989,0.03
3776,0.71,0.71,53.91,0.03973288814691151,0.015
3777,0.43,0.43,75.11,0.0008920250299560667,0.03
3778,0.66,0.66,39.34,0.047483477376715814,0.015
3779,0.65,0.65,81.2,0.0170935960591133,0.015
3780,0.55,0.55,96.64,0.0034457781456953755,0.03
3781,1.52,1.52,183.81,0.00012512920950982307,0.015
3782,1.36,1.36,178.25,0.00305189340813464,0.015
3783,0.66,0.66,75.22,0.027745280510502512,0.015
3784,0.73,0.73,177.62,0.006114176331494193,0.015
3785,0.85,0.85,138.23,0.006424075815669536,0.015
3786,0.66,0.66,153.68,0.0027459656428943297,0.015
3787,0.59,0.59,74.37,0.0019093720586258066,0.015
3788,0.88,0.88,167.76,0.0028314258464473036,0.015
3789,0.77,0.77,58.08,0.0028925619834710616,0.015
3790,0.6,0.6,289.84,0.00597916091636765,0.015
3791,0.87,0.87,286.73,0.007651797858612632,0.015
3792,0.59,0.59,186.56,0.0053334048027444255,0.015
3793,0.34,0.34,177.66,0.0019025104131487115,0.03
3794,0.48,0.48,173.2,0.000306004618937644,0.03
3795,0.95,0.95,276.47,0.0016131949216913217,0.015
3796,0.76,0.76,167.44,0.0028666985188724294,0.03
3797,0.49,0.49,164.88,0.0016557496360989847,0.03
3798,0.58,0.58,81.96,0.0024036115178135684,0.03
3799,0.36,0.36,65.48,0.0020464263897373293,0.03
3800,0.63,0.63,189.49,0.0022375850968388853,0.015
3801,0.44,0.44,28.16,0.0028764204545454375,0.03
3802,0.43,0.43,29.11,0.017519752662315348,0.03
3803,0.65,0.65,68.31,0.0035865905431122836,0.015
3804,0.65,0.65,143.28,0.01196259073143495,0.015
3805,0.46,0.46,195.51,0.003651987110633725,0.03
3806,0.34,0.34,222.1,0.0017334533993696524,0.03
3807,0.46,0.46,69.02,0.002173283106345992,0.03
3808,0.54,0.54,36.92,0.008315276273022738,0.03
3809,0.46,0.46,102.44,0.013090589613432246,0.03
3810,0.66,0.66,308.09,0.0020773150702716758,0.03
3811,0.68,0.68,395.33,0.00037184124655351066,0.015
3812,0.75,0.75,38.57,0.013144931293751612,0.015
3813,0.71,0.71,38.3,0.015691906005221933,0.03
3814,0.6,0.6,58.36,0.017289239204934876,0.015
3815,0.75,0.75,51.68,0.019098297213622294,0.015
3816,0.25,0.25,258.91,0.004966976941794444,0.03
3817,0.65,0.65,48.28,0.006048053024026508,0.015
3818,1.14,1.14,757.41,0.0004198518635877525,0.015
3819,1.53,1.53,794.76,0.0001,0.015
3820,0.63,0.63,149.86,0.004931269184572267,0.03
3821,0.37,0.37,53.34,0.005643044619422575,0.03
3822,0.67,0.67,131.42,0.006140617866382587,0.015
3823,0.74,0.74,119.15,0.005211917750734372,0.015
3824,0.69,0.69,43.46,0.0027611596870685713,0.015
3825,0.72,0.72,357.43,0.004403659457795931,0.015
3826,0.77,0.77,383.59,0.0015302797257488458,0.015
3827,0.8,0.8,74.87,0.0001,0.015
3828,0.65,0.65,38.23,0.005179178655506158,0.015
3829,0.87,0.87,34.97,0.011295396053760355,0.015
3830,0.57,0.57,337.3,0.004094278090720425,0.015
3831,0.68,0.68,108.53,0.003326269234313091,0.03
3832,0.47,0.47,108.76,0.0018664950349393103,0.03
3833,0.37,0.37,335.8,0.003100059559261466,0.015
3834,0.46,0.46,103.32,0.0034843205574912927,0.03
3835,0.27,0.27,23.96,0.012687813021702812,0.03
3836,0.55,0.55,34.45,0.004208998548621203,0.03
3837,0.71,0.71,55.66,0.0034315486884656816,0.03
3838,0.63,0.63,79.3,0.0022950819672131195,0.015
3839,0.74,0.74,57.51,0.0027995131281516343,0.015
3840,0.74,0.74,277.55,0.0024860385516123234,0.015
3841,0.41,0.41,159.59,0.0028761200576477197,0.03
3842,0.77,0.77,167.39,0.006081605830694789,0.015
3843,1.01,1.01,557.38,0.003932685062255551,0.015
3844,0.97,0.97,556.07,0.004181128275217149,0.015
3845,0.64,0.64,117.03,0.002341280013671708,0.015
3846,1.09,1.09,327.98,0.0022623330690895783,0.015
3847,0.95,0.95,6.74,0.06157270029673591,0.015
3848,0.52,0.52,101.4,0.00793885601577909,0.015
3849,1.05,1.05,106.43,0.0020201071126562126,0.015
3850,0.59,0.59,204.22,0.0015620409362452254,0.03
3851,0.29,0.29,177.13,0.004544684694856888,0.03
3852,0.72,0.72,179.62,0.0006235385814497278,0.015
3853,0.63,0.63,175.4,0.002400228050171039,0.015
3854,0.43,0.43,81.84,0.0031402737047898405,0.03
3855,0.35,0.35,83.0,0.002084337349397591,0.03
3856,0.62,0.62,175.43,0.0043151114404605855,0.03
3857,0.61,0.61,83.89,0.0027178447967576664,0.03
3858,0.69,0.69,82.39,0.004126714407088237,0.03
3859,0.74,0.74,543.01,0.0007974070459107564,0.015
3860,0.65,0.65,97.53,0.0034040807956526274,0.015
3861,0.76,0.76,96.03,0.00028116213683224134,0.015
3862,0.38,0.38,36.43,0.007054625308811411,0.03
3863,0.71,0.71,166.04,0.0043363045049385675,0.015
3864,0.37,0.37,89.27,0.001456256301108994,0.03
3865,0.4,0.4,92.06,0.00019552465783184654,0.03
3866,0.53,0.53,21.08,0.003510436432637564,0.015
3867,0.65,0.65,105.86,0.005516720196485921,0.03
3868,0.49,0.49,111.71,0.005156208038671557,0.03
3869,0.6,0.6,118.44,0.0014606551840594397,0.03
3870,0.7,0.7,67.87,0.0019596287019301604,0.03
3871,0.52,0.52,157.76,0.0058189655172413805,0.03
3872,0.41,0.41,59.83,0.007053317733578468,0.015
3873,0.72,0.72,157.21,0.005648495642770815,0.015
3874,0.82,0.82,205.98,0.0024322749781532163,0.015
3875,0.55,0.55,72.81,0.005013047658288699,0.03
3876,0.51,0.51,416.67,0.0036455708354333166,0.015
3877,0.85,0.85,235.57,0.0013711423356114973,0.015
3878,0.44,0.44,73.6,0.006874999999999991,0.03
3879,0.65,0.65,69.76,0.005662270642201829,0.015
3880,0.36,0.36,70.85,0.008299223712067738,0.03
3881,0.65,0.65,72.79,0.01118285478774557,0.015
3882,0.42,0.42,75.98,0.012555935772571726,0.03
3883,0.56,0.56,90.92,0.00245270567531897,0.03
3884,0.46,0.46,74.07,0.0001,0.03
3885,0.28,0.28,73.69,0.008834305875966886,0.03
3886,0.61,0.61,299.97,0.0013401340134013404,0.015
3887,0.4,0.4,256.14,0.0011478097915202609,0.03
3888,0.71,0.71,68.24,0.00526084407971864,0.015
3889,0.71,0.71,193.25,0.0028926261319534292,0.015
3890,0.45,0.45,22.9,0.0033187772925764416,0.03
3891,0.53,0.53,40.59,0.0005420054200542064,0.03
3892,0.49,0.49,87.51,0.006170723345903336,0.03
3893,0.54,0.54,70.63,0.0018688942375760962,0.03
3894,0.52,0.52,104.25,0.000450839328537176,0.03
3895,0.58,0.58,34.03,0.002497796062297945,0.03
3896,0.56,0.56,41.97,0.006647605432451728,0.03
3897,0.56,0.56,62.22,0.0001,0.03
3898,0.65,0.65,41.61,0.0007690459024273018,0.015
3899,0.59,0.59,66.32,0.00028648974668275226,0.015
3900,0.72,0.72,38.22,0.009366823652537952,0.015
3901,1.02,1.02,181.78,0.0005116074375618878,0.015
3902,0.56,0.56,48.38,0.0073377428689541035,0.03
3903,0.78,0.78,1762.89858143,0.00028816178386616473,0.015
3904,0.91,0.91,363.11409771,0.0014843819157648649,0.015
3905,0.91,0.91,162.65543674,0.0007008680575628441,0.015
3906,0.91,0.91,1203.38524824,0.00044707212489670053,0.015
3907,0.91,0.91,933.40137639,0.0010681364150714801,0.015
3908,0.9,0.9,263.46,0.0005541638199347146,0.015
3909,0.9,0.9,73.98,0.0055825898891592295,0.015
3910,0.9,0.9,177.93,0.0008093070308548313,0.015
3911,0.9,0.9,40.24,0.020303180914512924,0.015
3912,0.9,0.9,128.69,0.00035744813116792495,0.015
3913,0.9,0.9,177.19,0.004780179468367289,0.015
3914,0.9,0.9,221.07,94.38533496177682,0.015
3915,0.9,0.9,138.41,0.0008453146448956,0.015
3916,0.9,0.9,48.48,0.0063737623762376095,0.015
3917,1.5,1.5,168.95,0.002326131991713529,0.015
3918,0.9,0.9,695.13,0.0033504524333577896,0.015
3919,0.9,0.9,117.82,0.004141911390256319,0.015
3920,0.9,0.9,295.7,0.0010280689888400416,0.015
3921,0.9,0.9,250.86,0.0024994020569241797,0.015
3922,0.9,0.9,256.27,0.0030826862293674645,0.015
3923,0.9,0.9,29.57,0.08955021981738247,0.015
3924,0.9,0.9,90.0,0.0005444444444444436,0.015
3925,1.04,1.04,471.92,0.0021740973046279017,0.015
3926,0.9,0.9,194.35,0.002073578595317726,0.015
3927,1.06,1.06,50.15,0.0021535393818544386,0.015
3928,0.9,0.9,223.49,0.0038390979462168333,0.015
3929,1.2,1.2,403.83,0.0066760765668722,0.015
3930,0.9,0.9,90.67,0.00046321826403440843,0.015
3931,0.9,0.9,134.57,0.02392806717693394,0.015
3932,0.9,0.9,325.57,0.002887243910679732,0.015
3933,0.9,0.9,281.45,0.0003908331852904613,0.015
3934,0.9,0.9,78.25,0.009712460063897766,0.015
3935,0.8,0.8,138.2,0.006301736613603472,0.015
3936,1.2,1.2,297.8,0.002719946272666219,0.015
3937,0.9,0.9,322.57,0.0006417211767988339,0.015
3938,0.4,0.3,109.6,0.0024908759124087606,0.015
3939,0.4,0.3,183.55,0.0014873331517297745,0.015
3940,1.2,1.2,38.3,0.013603133159268928,0.015
3941,0.9,0.9,318.6,0.0027821720025109843,0.015
3942,0.4,0.3,56.41,0.008065945754298877,0.015
3943,0.9,0.9,327.79,0.0009609811159583878,0.015
3944,0.9,0.9,101.24,0.0018075859344132738,0.015
3945,0.9,0.9,304.74,0.0016735577869659388,0.015
3946,0.9,0.9,472.31,0.0038512841142469985,0.015
3947,0.6,0.7,120.31,0.005701936663618984,0.015
3948,0.9,0.9,134.57,0.024024671174853237,0.015
3949,0.8,0.8,38.88,0.04868827160493827,0.015
3950,0.9,0.9,91.72,0.018349324029655476,0.015
3951,1.07,1.07,239.29,0.0016632537924693891,0.015
3952,0.9,0.9,353.8,0.003114754098360655,0.015
3953,1.5,1.5,146.31,0.02419520196842321,0.015
3954,1.5,1.5,286.57,0.0028684091147014694,0.015
3955,1.2,1.2,126.07,0.003339414610930438,0.015
3956,1.09,1.09,344.57,0.0031691673680239152,0.015
3957,1.2,1.2,183.88,0.0013650206656515137,0.015
3958,0.9,0.9,334.13,0.001469487923861969,0.015
3959,0.9,0.9,958.39,0.00035893529773891664,0.015
3960,0.9,0.9,228.79,0.005030814283841076,0.015
3961,0.9,0.9,840.04,0.0022260844721679923,0.015
3962,0.9,0.9,618.86,0.00014542869146495145,0.015
3963,0.9,0.9,692.42,0.0011726986511077083,0.015
3964,0.9,0.9,131.66,0.005681300319003496,0.015
3965,1.2,1.2,135.27,0.006682930435425444,0.015
3966,3.2,3.2,685.69,0.0005235602094240837,0.03
3967,1.2,1.2,195.36,0.00040950040950040985,0.015
3968,0.9,0.9,52.0,0.006653846153846155,0.015
3969,0.9,0.9,227.98,0.015282042284410914,0.015
3970,0.9,0.9,91.94,0.006428105286056126,0.015
3971,0.9,0.9,89.46,0.0032528504359490267,0.015
3972,0.9,0.9,162.07,0.0009625470475720377,0.015
3973,1.2,1.2,346.35,0.0005197055002165431,0.015
3974,0.9,0.9,99.9,0.024244244244244244,0.015
3975,0.9,0.9,340.28,0.002268719877747738,0.015
3976,0.6,0.7,379.12,0.0029568474361679684,0.015
3977,0.9,0.9,487.86,0.0028778748001475835,0.015
3978,1.2,1.2,91.71,0.005168465816159636,0.015
3979,0.6,0.7,704.36,0.0012734965074677725,0.015
3980,0.9,0.9,140.77,0.0017972579384812112,0.015
3981,0.9,0.9,246.33,0.0009418260057646255,0.015
3982,0.6,1.8,1651.38,0.002421611016240962,0.015
3983,0.6,0.6,85.68,0.0003851540616246541,0.015
3984,1.09,1.09,237.52,0.0014188278881778402,0.015
3985,1.5,1.5,8.69,0.0034522439585731013,0.015
3986,1.08,1.08,393.78,0.0013840215348671846,0.015
3987,0.9,0.9,79.36,0.0006678427419354831,0.015
3988,1.5,1.5,487.71,0.002620409669680752,0.015
3989,1.2,1.2,74.36,0.011995696611081231,0.015
3990,1.02,1.02,97.84,0.0013695829926410501,0.015
3991,0.6,1.8,43.41,0.009053213545266064,0.015
3992,0.6,1.8,69.02,0.012764416111272093,0.015
3993,1.2,1.2,58.61,0.00530626173008019,0.015
3994,1.02,1.02,249.93,0.00021606049693914225,0.015
3995,0.6,1.8,198.52,0.0008462623413258117,0.015
3996,1.04,1.04,358.06,0.0006451432720773052,0.015
3997,0.9,0.9,90.32,0.017127989371124887,0.015
3998,0.9,0.9,144.91,0.006355669035953353,0.015
3999,1.01,1.01,320.19,0.0025641025641025632,0.015
4000,1.03,1.03,122.2,0.001808510638297873,0.015
4001,1.12,1.12,89.62,0.02265119392992635,0.015
4002,1.5,1.5,666.32,0.0006048145035418418,0.015
4003,0.9,0.9,262.9,0.00103081019399011,0.015
4004,0.6,0.6,134.43,0.0001785315777728187,0.015
4005,0.9,0.9,138.0,0.0018478260869565209,0.015
4006,1.06,1.06,136.022,0.0023305053594271496,0.015
4007,1.2,1.2,105.9,0.00826251180358829,0.015
4008,1.6,1.6,5.4,0.00629629629629626,0.015
4009,0.9,0.9,216.82,0.000871690803431418,0.015
4010,0.9,0.9,103.44,0.000232018561484919,0.015
4011,1.4,1.4,83.35,0.0025914817036592707,0.015
4012,1.2,1.2,200.53,0.003864758390265795,0.015
4013,1.2,1.2,304.08,0.0008057090239410686,0.015
4014,1.03,1.03,203.78,0.0027088036117381494,0.015
4015,1.2,1.2,312.42,0.0017476473977338191,0.015
4016,0.8,0.8,109.25,0.004906178489702518,0.015
4017,1.06,1.06,54.87,0.013832695462001093,0.015
4018,1.2,1.2,110.37,0.007520159463622361,0.015
4019,1.03,1.03,97.51,0.0012306430109732345,0.015
4020,0.9,0.9,95.86,0.001324848737742539,0.015
4021,0.9,0.9,361.67,0.0001,0.015
4022,0.9,0.9,156.3,0.004920025591810621,0.015
4023,0.8,0.8,272.17,0.002410258294448323,0.015
4024,1.06,1.06,400.31,0.0031200819364992135,0.015
4025,0.6,1.8,496.73,0.0001,0.015
4026,0.9,0.9,265.39,0.0010286747805116996,0.015
4027,1.2,1.2,567.65,0.0033858891922839774,0.015
4028,0.6,0.8,382.83,0.006885562782436069,0.015
4029,1.07,1.07,170.74,0.005552301745343798,0.015
4030,0.6,1.8,265.11,0.0008788804647127611,0.015
4031,1.13,1.13,200.26,0.002731449116149006,0.015
4032,1.05,1.05,68.5,0.02198540145985401,0.015
4033,1.2,0.9,120.01,0.0008999250062494763,0.015
4034,0.9,0.9,78.87716348,0.0016100984669942112,0.015
4035,1.72,1.72,87.53154382,0.000354158040028959,0.015
4036,0.66,0.66,219.59855685,0.0006329731943318107,0.015
4037,0.68,0.68,450.01807331,0.0017132645236425602,0.015
4038,0.78,0.78,250.94785675,0.002179735691247342,0.015
4039,1.01,1.01,153.71798383,0.0011579647063082348,0.015
4040,0.8,0.8,114.97063191,0.00373138768460301,0.015
4041,0.83,0.83,92.37607768,0.0008551997658275086,0.015
4042,0.77,0.77,88.97715796,0.0094069086852187,0.015
4043,0.9,0.9,95.59706978,0.001422637747296862,0.015
4044,0.99,0.99,299.93564975,0.00337405707138686,0.015
4045,0.67,0.67,56.58512576,0.0073164103541262454,0.03
4046,0.75,0.75,65.4052515,0.00029049655133578503,0.015
4047,0.8,0.8,269.65826241,0.0015538185118278852,0.015
4048,0.75,0.75,124.56672858,0.005250198086240851,0.015
4049,0.65,0.65,104.61338438,0.0022081304545211035,0.015
4050,0.77,0.77,101.11920156,0.0023734364620906705,0.015
4051,0.78,0.78,61.85200914,0.005755673986178937,0.03
4052,1.01,1.01,270.5034792,0.0006950003029757693,0.015
4053,0.8,0.8,129.38075559,0.0033930857645565523,0.015
4054,0.9,0.9,68.62481998,0.004706751873362072,0.015
4055,0.95,0.95,166.39382764,0.003395558645494958,0.015
4056,0.95,0.95,47.51511604,0.00033673494528625736,0.03
4057,0.9,0.9,42.06653898,0.00786848664106572,0.015
4058,0.8,0.8,140.42494949,0.0014456120563850086,0.015
4059,1.08,1.08,500.56467724,0.0029986135024072684,0.015
4060,0.73,0.73,160.69144022,0.001008143307311257,0.015
4061,0.175,0.175,57.97014111,0.00284629288182873,0.03
4062,0.33,0.33,55.32049526,0.003307996415070414,0.03
4063,0.4,0.4,49.57734369,0.0029650640606961537,0.03
4064,0.68,0.68,66.06974719,0.007401269428105403,0.015
4065,0.7,0.7,67.45390563,0.010748080385097194,0.015
4066,0.86,0.86,262.79971613,0.002351600713656372,0.015
4067,0.58,0.58,185.8869241,0.0020442535258455006,0.015
4068,0.85,0.85,285.68253094,0.0011096233254338451,0.015
4069,0.8,0.8,137.20358663,0.006238903960349042,0.015
4070,0.61,0.61,51.37306337,0.008261138662169678,0.015
4071,0.6,0.6,142.69252734,0.0030905612804040497,0.015
4072,0.82,0.82,221.4003654,0.0003613363503509379,0.015
4073,0.7,0.7,121.80141973,0.0023480842886230945,0.015
4074,0.68,0.68,162.71739029,0.0032756179228911595,0.015
4075,0.67,0.67,102.30253229,0.002678330573707444,0.015
4076,0.35,0.35,54.02516657,0.0001,0.03
4077,0.25,0.25,73.95669686,0.005476177509207377,0.015
4078,0.49,0.49,46.26026823,0.008127925202045468,0.03
4079,0.75,0.75,135.43455698,0.0012109169451059562,0.015
4080,0.7,0.7,49.66368507,0.005637922349204367,0.015
4081,0.7,0.7,89.85325946,0.005564628406413961,0.015
4082,0.65,0.65,46.81090523,0.03084751283712785,0.015
4083,0.68,0.68,71.15015721,0.004103996553910077,0.015
4084,0.75,0.75,92.10391849,0.0014114491775299917,0.015
4085,0.9,0.9,189.49738588,0.0017942200016168386,0.015
4086,0.9,0.9,225.23112761,0.0003463109243721459,0.03
4087,0.7,0.7,156.99931415,0.0014522356434128422,0.015
4088,0.8,0.8,161.35612939,0.0004214280564182543,0.015
4089,0.6,0.6,72.52721171,0.0020957651123797785,0.015
4090,0.57,0.57,71.57074929,0.0071537605108116095,0.015
4091,0.7,0.7,71.43585304,0.0001,0.015
4092,0.75,0.75,72.38134075,0.0024868287618725845,0.015
4093,0.7,0.7,71.26369778,0.005065692789538541,0.03
4094,1.01,1.01,71.22331037,0.0029344325462304414,0.03
4095,0.75,0.75,212.31193309,0.0020347419653367915,0.015
4096,1.1,1.1,222.07607785,0.0016480838618160955,0.015
4097,0.9,0.9,114.05948777,0.0067157937930129264,0.015
4098,0.72,0.72,101.42410731,0.0032339451507073843,0.015
4099,0.95,0.95,74.09751302,0.005708693622224891,0.015
4100,0.77,0.77,75.82617535,0.0008176595972804829,0.015
4101,1.08,1.08,60.5559665,0.0017834741354512127,0.015
4102,1.01,1.01,43.59448383,0.0001,0.015
4103,0.78,0.78,202.44814727,0.0026426519936805543,0.015
4104,0.86,0.86,113.01213838,0.0007078885608818623,0.015
4105,0.6,0.6,80.79172726,0.000816915323367234,0.015
4106,0.6,0.6,80.31586077,0.0021415446258187462,0.015
4107,0.9,0.9,65.09102529,0.0009525122660731072,0.015
4108,0.95,0.95,38.16709792,0.008724792246399857,0.015
4109,0.97,0.97,90.34519112,0.0002656477860356982,0.015
4110,1.01,1.01,208.34736874,0.000331177688575017,0.015
4111,0.9,0.9,238.5530338,0.0013288449740101345,0.015
4112,0.72,0.72,197.49266996,0.0028001039234114566,0.015
4113,0.83,0.83,119.18059612,0.0015606567348658094,0.015
4114,0.8,0.8,66.33640485,0.007130323101915885,0.015
4115,1.37,1.37,240.88808978,0.0012412402799701421,0.015
4116,0.9,0.9,1970.771,0.000550038538216769,0.015
4117,0.9,0.9,454.4,0.0032328345070422523,0.015
4118,1.35,1.35,289.9,0.0014625733011383235,0.015
4119,0.4,0.4,214.38,0.0016139565257953193,0.015
4120,0.9,0.9,143.12,0.008678032420346558,0.015
4121,0.71,0.71,150.21,0.0002596365088875613,0.015
4122,1.07,1.07,150.14,0.004802184627680832,0.015
4123,0.4,0.4,379.77,0.002096005476999236,0.015
4124,1.1,1.1,521.8,0.00016098121885780008,0.015
4125,1.2,1.2,208.81,0.0009099181073703364,0.015
4126,0.9,0.9,944.11,0.00015782059293938209,0.015
4127,0.9,0.9,1215.35,0.0003760233677541452,0.015
4128,1.6,1.6,222.54,0.00539228902669183,0.015
4129,0.9,0.9,302.0,0.0019569536423841064,0.015
4130,0.6,0.6,81.25,0.0049846153846153825,0.015
4131,0.6,0.6,112.81,0.0038737700558461132,0.015
4132,1.6,1.6,472.59,0.0016970312533062483,0.015
4133,1.06,1.06,255.5,0.00583170254403131,0.015
4134,0.5,0.5,28.066,0.018884059003776807,0.015
4135,1.2,1.2,122.87,0.030577032636119477,0.015
4136,1.06,1.06,49.29,0.012477175897748027,0.015
4137,0.6,0.6,52.14,0.010932105868814717,0.015
4138,0.5,0.5,47.78,0.0017580577647551385,0.015
4139,0.5,0.5,85.31,0.003035986402531946,0.015
4140,0.5,0.5,79.92,0.011386386386386388,0.015
4141,0.7,0.7,254.65,0.0009424700569408983,0.015
4142,0.8,0.8,126.34,0.0009419028019629552,0.015
4143,1.5,1.5,138.32,0.0008603238866396745,0.015
4144,1.5,1.5,52.32,0.025,0.015
4145,0.9,0.9,330.01,0.0001545407714917721,0.015
4146,0.9,0.9,387.0,0.0014134366925064603,0.015
4147,0.6,0.6,352.53,0.0014381754744277075,0.015
4148,1.8,1.8,718.58,0.0006582426452169561,0.015
4149,1.8,1.8,728.48,0.0009169778168240723,0.015
4150,0.9,0.9,537.13,0.0016923277418874393,0.015
4151,0.9,0.9,618.17,0.00033485934289920297,0.015
4152,0.9,0.9,20.64,0.0023255813953488393,0.015
4153,0.9,0.9,49.2,0.00502032520325203,0.015
4154,0.6,0.7,315.94,0.0028074950940051896,0.015
4155,0.6,0.7,313.93,0.001802949702162902,0.015
4156,0.6,0.7,167.69,0.0037032619714950205,0.015
4157,0.9,0.9,644.07,0.0003462356576148553,0.015
4158,0.6,0.7,152.67,0.0011659134080041918,0.015
4159,0.6,0.7,88.69,0.004769421580787012,0.015
4160,0.9,0.9,574.152,0.00013585252685700003,0.015
4161,0.6,0.7,284.21,0.010946131381724782,0.015
4162,0.6,0.7,266.32,0.004836287173325324,0.015
4163,0.6,0.7,278.411,0.004374827144042441,0.015
4164,0.6,0.7,174.4,0.006496559633027523,0.015
4165,1.5,1.5,94.03,0.016930766776560673,0.015
4166,1.12,1.12,97.86,0.06787247087676274,0.015
4167,1.5,1.5,95.99,0.0013334722366913233,0.015
4168,1.3,1.3,978.21,0.0009558274808067797,0.015
4169,1.6,1.6,916.86,0.0001,0.015
4170,0.6,0.7,168.467,0.0060724058717731046,0.015
4171,1.2,1.2,352.2,0.0016354344122657583,0.015
4172,1.1,1.1,22.31,0.041237113402061876,0.015
4173,0.76,0.76,230.30364412,0.0003864463384418981,0.015
4174,0.65,0.65,71.77601254,0.001448952042885386,0.015
4175,0.65,0.65,372.49095153,0.0016322544145103413,0.015
4176,0.75,0.75,34.12733143,0.006739466297614352,0.015
4177,0.65,0.65,118.11882752,0.004283821729557245,0.03
4178,0.4,0.4,113.01965314,0.0001,0.015
4179,0.75,0.75,119.09501715,0.0021747341425190757,0.03
4180,0.55,0.55,44.75374893,0.0018769377316609993,0.015
4181,0.5,0.5,85.50867866,0.0008771039521989986,0.015
4182,0.6,0.6,200.12953488,0.0025633397904392305,0.015
4183,0.75,0.75,96.72078571,0.0018506880262190938,0.015
4184,0.75,0.75,332.31117167,0.001071285079616655,0.015
4185,0.5,0.5,88.90206402,0.007243926303613397,0.015
4186,0.95,0.95,85.99173719,0.002174627541095264,0.03
4187,0.95,0.95,221.50964024,0.007674609548180808,0.015
4188,0.75,0.75,187.67117127,0.0010763507182964466,0.015
4189,0.65,0.65,51.93011127,0.012016149874119076,0.015
4190,0.45,0.45,229.74656606,0.00013057866550294852,0.015
4191,0.75,0.75,154.94784622,0.0005356641090845114,0.03
4192,0.75,0.75,98.66442533,0.007206244779939062,0.015
4193,0.6,0.6,66.72001268,0.0027278172273872527,0.015
4194,0.6,0.6,202.63002485,0.0016335190218973116,0.015
4195,0.6,0.6,66.24591193,0.005056915819258161,0.015
4196,0.35,0.35,12.8718481,0.0001,0.015
4197,0.75,0.75,170.99052538,0.0001,0.015
4198,0.6,0.6,117.82151037,0.00033100916698085357,0.03
4199,0.75,0.75,139.35380998,0.0019159863662021129,0.015
4200,0.65,0.65,212.94785329,0.003761484267743095,0.015
4201,0.9,0.9,432.24908748,0.005554667596865877,0.015
4202,0.65,0.65,74.03803811,0.010278500341532073,0.015
4203,0.7,0.7,95.77419818,0.004291343679302417,0.015
4204,0.8,0.8,149.80118937,0.0009545985622770879,0.015
4205,0.55,0.55,163.17547428,0.007850444471832058,0.015
4206,0.45,0.45,46.77759729,0.011372965496749224,0.015
4207,1.05,1.05,132.03990481,0.004309303318710867,0.015
4208,0.6,0.6,131.52886982,0.005724978866088455,0.015
4209,0.35,0.35,48.2700377,0.005697115915034802,0.015
4210,0.95,0.95,326.31886271,0.002077722367531476,0.015
4211,0.4,0.4,296.85311713,0.001977408914129531,0.015
4212,0.8,0.8,80.002748,0.009699666816444854,0.015
4213,1.05,1.05,119.36203645,0.0012399252258233375,0.015
4214,0.55,0.55,121.3286979,0.002670431691824823,0.015
4215,0.75,0.75,194.43338273,0.0003960225292532509,0.015
4216,0.5,0.5,77.86278735,0.003493324722339268,0.015
4217,0.5,0.5,45.2508179,0.00044198096140932874,0.015
4218,0.55,0.55,143.81375115,0.005395867876296614,0.015
4219,0.7,0.7,202.16072017,0.0006381061557928836,0.015
4220,0.25,0.25,39.1771237,0.011996796998142049,0.015
4221,0.6,0.6,169.78437312,0.003339529955440932,0.015
4222,0.65,0.65,89.80361016,0.0011135409792750372,0.015
4223,0.65,0.65,47.45931683,0.009250027799020049,0.015
4224,0.75,0.75,509.67238729,0.0023093265975390087,0.015
4225,0.95,0.95,131.08112511,0.0031049474106852213,0.015
4226,0.6,0.6,134.34772481,0.0019352765397977732,0.015
4227,0.6,0.6,39.48798788,0.008331647613947751,0.015
4228,0.6,0.6,108.38846166,0.004022568392636415,0.015
4229,0.95,0.95,196.51585609,0.0005750172136148059,0.015
4230,0.3,0.3,208.59378071,0.004923444968034782,0.03
4231,0.3,0.3,25.85861872,0.012839046183979616,0.03
4232,0.6,0.6,182.46781236,0.0077493119565123485,0.03
4233,0.3,0.3,104.2090021,0.025986238668722454,0.03
4234,0.25,0.25,106.5127949,0.009031778772711557,0.03
4235,0.35,0.35,85.15318168,0.009547499975458352,0.03
4236,0.35,0.35,19.00995942,0.04245143201889065,0.03
4237,0.45,0.45,104.90610215,0.01908373258533083,0.03
4238,0.3,0.3,104.06506971,0.023139368538457876,0.03
4239,0.25,0.25,105.6611185,0.022818232801501154,0.03
4240,0.3,0.3,87.98887914,0.04000505557525392,0.03
4241,0.6,0.6,116.44668444,0.021778207015474896,0.03
4242,0.6,0.6,213.93723013,0.005861532372079422,0.03
4243,0.55,0.55,1579.06416478,0.0003084105198903367,0.015
4244,0.65,0.65,1610.21327449,0.00045584023658759023,0.03
4245,0.65,0.65,308.80631221,0.0006023192941519696,0.015
4246,0.65,0.65,172.86482218,0.0007751721738993773,0.015
4247,0.95,0.95,154.92046407,0.0010650626499895174,0.015
4248,0.55,0.55,185.3609802,0.0010250269490104905,0.015
4249,0.75,0.75,370.58597624,0.0003615895057864209,0.015
4250,0.6,0.6,114.76008372,0.0031195515757332015,0.015
4251,1.15,1.15,433.3662286,0.000766095690179952,0.015
4252,0.95,0.95,168.55046772,0.0016730893946166,0.015
4253,0.75,0.75,50.817671,0.0030697982990995423,0.015
4254,1.05,1.05,87.10684013,0.022581464292177392,0.015
4255,0.95,0.95,390.08744557,0.0014612108297079637,0.015
4256,0.65,0.65,43.85661406,0.005426775529784253,0.015
4257,1.45,1.45,286.94519843,0.002864658494017373,0.015
4258,0.85,0.85,527.23938462,0.0003850243474248592,0.015
4259,0.75,0.75,181.61701094,0.0019051078872468952,0.03
4260,0.6,0.6,329.6867539,0.000360948684144267,0.015
4261,0.55,0.55,344.2224204,0.002138152416523999,0.015
4262,0.9,0.9,194.47114672,0.005131866689905019,0.015
4263,0.55,0.55,68.09771236,0.011175118423611017,0.015
4264,0.95,0.95,205.41695934,0.0033444171416387213,0.015
4265,0.45,0.45,303.35733688,0.0010680473507985915,0.03
4266,0.6,0.6,470.43015077,0.0015709027127415297,0.015
4267,0.4,0.4,48.30463226,0.07106978853543186,0.03
4268,0.8,0.8,186.33063361,0.0002361393784131835,0.015
4269,0.6,0.6,348.08736577,0.00030164840877729273,0.015
4270,0.75,0.75,575.78816319,0.0027319074975164738,0.015
4271,0.88,0.88,168.34428315,0.0026374522002887506,0.015
4272,0.85,0.85,95.84142438,0.006489886852409907,0.015
4273,0.51,0.51,61.72276147,0.009396857596559508,0.015
4274,0.8,0.8,272.33591955,0.002247224681236508,0.015
4275,0.65,0.65,648.93931786,0.0001,0.015
4276,0.57,0.57,54.18569522,0.004152387435216525,0.015
4277,0.65,0.65,60.7871172,0.0054781344360248785,0.015
4278,0.55,0.55,117.12367963,0.001067247890391437,0.015
4279,0.7,0.7,52.6186316,0.00815300563612528,0.015
4280,0.95,0.95,97.70622279,0.0016068577365582963,0.015
4281,0.65,0.65,132.00699972,0.0001,0.015
4282,0.65,0.65,29.58420606,0.013284115152624117,0.015
4283,0.65,0.65,133.71579354,0.004883491939975366,0.015
4284,0.75,0.75,110.79840857,0.001398937060563236,0.03
4285,0.6,0.6,69.94663799,0.00305947513918532,0.015
4286,0.7,0.7,59.5953833,0.0035405427118043193,0.03
4287,0.95,0.95,200.26969205,0.00040944787581501574,0.015
4288,0.65,0.65,457.29337852,0.0001,0.015
4289,0.65,0.65,241.73785592,0.0023041488387500727,0.03
4290,0.55,0.55,36.49778646,0.006329150954213782,0.015
4291,0.82,0.82,71.54223693,0.007352300159619851,0.015
4292,0.7,0.7,124.4256275,0.005585666023665421,0.015
4293,0.65,0.65,92.07258227,0.013087500863898597,0.015
4294,0.75,0.75,68.60747501,0.001034872657675442,0.015
4295,1.05,1.05,1394.0098794,0.0002847899472354344,0.015
4296,0.5,0.5,109.6254428,0.004150496348097762,0.015
4297,0.6,0.6,77.6246817,0.02171989582535061,0.03
4298,0.65,0.65,215.46924379,0.0006729498718681124,0.03
4299,0.45,0.45,50.43836663,0.016257465393660794,0.03
4300,1.15,1.15,1362.02398859,0.0013619437069682895,0.015
4301,0.65,0.65,116.58602522,0.0007462300892051953,0.015
4302,0.75,0.75,138.03163947,0.004230914029873036,0.015
4303,0.35,0.35,15.28833707,0.007718301830978686,0.03
4304,0.25,0.25,12.0463627,0.016270471417899425,0.03
4305,0.3,0.3,11.91657184,0.02618202652483655,0.03
4306,0.35,0.35,17.10186763,0.006081207166962454,0.015
4307,0.65,0.65,93.00233814,0.0030214294137100033,0.015
4308,0.75,0.75,158.28996721,0.003676796516281247,0.015
4309,0.85,0.85,126.31817011,0.0004037423907866025,0.015
4310,0.75,0.75,95.79055122,0.0025576635365351865,0.03
4311,0.5,0.5,69.94762305,0.004474776788001228,0.03
4312,0.45,0.45,30.45427652,0.0036776444164236576,0.015
4313,0.85,0.85,226.90821291,0.0027235682308472523,0.015
4314,0.75,0.75,270.19864988,0.0023353188488552347,0.015
4315,0.75,0.75,119.33907595,0.009552612930216003,0.015
4316,1.05,1.05,300.2146029,0.0008060900358021858,0.015
4317,1.15,1.15,331.0992292,0.003690736468799971,0.015
4318,0.85,0.85,66.15956499,0.0014359223796946044,0.015
4319,0.85,0.85,59.93092812,0.0023193366824167953,0.015
4320,0.55,0.55,273.87071145,0.009511787464267021,0.015
4321,1.15,1.15,152.79728424,0.007873176581531631,0.015
4322,0.75,0.75,132.44029005,0.01096343113905768,0.015
4323,0.65,0.65,135.00816401,0.0005036732444932951,0.015
4324,0.9,0.9,153.86432923,0.0004159508595675308,0.015
4325,0.75,0.75,158.99581671,0.010616631524833277,0.015
4326,0.9,0.9,121.52678089,0.006410109724745461,0.015
4327,0.75,0.75,64.6483462,0.017525583662958418,0.015
4328,0.65,0.65,7.10592992,0.014635663617690179,0.015
4329,0.65,0.65,55.3110667,0.004809164166779666,0.015
4330,0.95,0.95,228.17080393,0.0009335111956977014,0.015
4331,0.95,0.95,424.87712765,0.0046178056485456,0.015
4332,0.7,0.7,123.0489099,0.0030394417984193826,0.03
4333,0.75,0.75,123.95220685,0.0001,0.015
4334,0.75,0.75,84.64784717,0.000909651013868779,0.015
4335,0.7,0.7,103.04575665,0.003697386601702441,0.015
4336,0.65,0.65,66.41780944,0.005555738786196255,0.015
4337,0.65,0.65,104.45010731,0.0003255142658598749,0.015
4338,0.55,0.55,153.8342517,0.014060587782610184,0.015
4339,0.7,0.7,107.36807612,0.00671521765179227,0.015
4340,0.7,0.7,276.83301393,0.00752077929739426,0.015
4341,0.6,0.6,188.89803974,0.0001,0.015
4342,0.8,0.8,152.00522832,0.014604760800243505,0.015
4343,0.9,0.9,263.51584682,0.00544179796890744,0.015
4344,0.55,0.55,314.32195152,0.0001,0.015
4345,0.5,0.5,284.70125913,0.0011064229254292319,0.015
4346,0.9,0.9,52.82988624,0.0005300030341310927,0.015
4347,0.65,0.65,183.92771271,0.006372068584617804,0.015
4348,0.95,0.95,123.35250709,0.009509332462486232,0.015
4349,0.7,0.7,57.88835784,0.0001,0.015
4350,0.75,0.75,53.44950963,0.006825132775310735,0.015
4351,0.3,0.3,101.00278522,0.0014158025413707476,0.015
4352,0.45,0.45,99.07794976,0.002331497579022974,0.015
4353,0.4,0.4,80.52076734,0.02086418268850044,0.015
4354,0.45,0.45,80.77840357,0.016365760420783717,0.015
4355,0.35,0.35,79.67679052,0.0078441914630474,0.015
4356,0.5,0.5,78.77818472,0.006334240904047068,0.015
4357,0.4,0.4,73.31820657,0.010393052907977037,0.03
4358,0.45,0.45,72.34871568,0.010946980779908156,0.03
4359,0.4,0.4,62.50983586,0.01143819992746978,0.015
4360,0.35,0.35,62.72801135,0.00991582526870589,0.015
4361,0.5,0.5,57.13001684,0.007036581157079878,0.03
4362,0.35,0.35,56.61105196,0.01429049579526662,0.03
4363,0.35,0.35,44.24436803,0.006305887334876686,0.03
4364,0.3,0.3,42.3866373,0.024889919729489857,0.03
4365,0.3,0.3,77.11719156,0.009543916020688653,0.03
4366,0.5,0.5,66.2548035,0.005222262865816214,0.03
4367,0.45,0.45,69.78924596,0.00845402456903119,0.015
4368,0.4,0.4,66.22212325,0.008350683621428597,0.015
4369,0.65,0.65,86.9484713,0.005048967433657458,0.015
4370,0.4,0.4,86.23688808,0.003096122853509168,0.015
4371,0.45,0.45,47.80455954,0.003890842249981746,0.015
4372,0.5,0.5,49.52881713,0.0024430222042736587,0.015
4373,0.9,0.9,72.14877807,0.0018018323175739944,0.015
4374,0.85,0.85,65.74731159,0.005794913750632343,0.015
4375,0.45,0.45,54.5652611,0.002382468211079446,0.015
4376,0.65,0.65,54.22346567,0.00793014601126656,0.015
4377,0.5,0.5,99.5143194,0.012259542218202617,0.03
4378,0.45,0.45,120.26690837,0.023373012893554937,0.015
4379,0.7,0.7,118.53848452,0.008301101570384746,0.015
4380,0.7,0.7,195.11927655,0.012412920152352834,0.015
4381,0.6,0.6,50.31320992,0.006976299078474697,0.015
4382,0.45,0.45,95.00531402,0.0010525727011327828,0.015
4383,0.75,0.75,243.02648213,0.0001,0.015
4384,0.75,0.75,219.2100805,0.0018475427730158596,0.015
4385,0.55,0.55,203.41183717,0.003893578717044337,0.015
4386,0.65,0.65,214.48132048,0.0015059586507446888,0.015
4387,0.95,0.95,260.23183374,0.0013257409558305338,0.015
4388,0.75,0.75,213.1161045,0.0006616111923160645,0.015
4389,0.35,0.35,115.22355001,0.002881355417110359,0.015
4390,0.95,0.95,507.62709758,0.0002994323997371822,0.015
4391,0.75,0.75,388.08425112,0.0011131603479225462,0.015
4392,1.05,1.05,73.31487744,0.0020050500680479652,0.015
4393,0.85,0.85,39.74983689,0.0040754884214570155,0.015
4394,0.75,0.75,252.94566654,0.0030401785906001796,0.015
4395,1.05,1.05,31.60680732,0.006232834528508147,0.015
4396,0.7,0.7,298.27657292,0.0022495900144996204,0.015
4397,0.95,0.95,240.35407519,0.0006490424590333327,0.015
4398,0.65,0.65,240.68585284,0.001454177700393002,0.015
4399,0.55,0.55,128.21122153,0.00042897961148533927,0.015
4400,0.75,0.75,134.63615127,0.002302501943763414,0.015
4401,0.75,0.75,119.05140211,0.0055690230291232335,0.015
4402,0.7,0.7,87.55693528,0.004762615304732486,0.03
4403,0.75,0.75,120.551409,0.0007963407545074785,0.015
4404,0.8,0.8,121.03801123,0.0019415388406658959,0.015
4405,0.75,0.75,123.12079323,0.0012183157374545768,0.015
4406,0.75,0.75,123.40927978,0.003484340892083275,0.015
4407,1.05,1.05,282.71782095,0.0028862701235388816,0.015
4408,0.7,0.7,85.93467767,0.010449797734139801,0.015
4409,0.65,0.65,79.81299413,0.0017541003382477622,0.03
4410,1.3,1.3,400.37002386,0.0025401502095362197,0.015
4411,0.75,0.75,329.71994129,0.0018773508134758779,0.015
4412,0.55,0.55,99.45031862,0.005208630874067679,0.03
4413,0.95,0.95,101.40161336,0.004960473342906584,0.015
4414,0.35,0.35,121.107891,0.012203994205464282,0.03
4415,0.25,0.25,134.68885761,0.00331133553223401,0.03
4416,0.95,0.95,143.20720073,0.0016200302695491403,0.03
4417,0.25,0.25,139.83814656,0.00015732473964506357,0.03
4418,0.26,0.26,126.47824676,0.004554142824994988,0.03
4419,0.4,0.4,199.05249107,0.0016980445619298326,0.03
4420,0.95,0.95,224.68581247,0.006591426417712703,0.03
4421,0.7,0.7,109.34660367,0.0001,0.015
4422,0.65,0.65,533.45684017,0.00040678079960666986,0.03
4423,0.95,0.95,439.19625311,0.00097450740294181,0.03
4424,1.15,1.15,199.24553156,0.0024693151015627223,0.015
4425,0.95,0.95,91.3330503,0.0015328514654897071,0.015
4426,0.53,0.53,84.24276541,0.010517223594072896,0.015
4427,0.8,0.8,111.11711056,0.004031782303753241,0.015
4428,0.56,0.56,90.9181344,0.0021117899225173687,0.015
4429,1.15,1.15,252.84003871,0.003314348487982795,0.03
4430,1.85,1.85,49.62089887,0.0005642783713643764,0.03
4431,0.6,0.6,184.52444369,0.002379088597809391,0.015
4432,0.8,0.8,175.92714292,0.000449049525211264,0.03
4433,0.75,0.75,161.74792651,0.001527067489082954,0.015
4434,0.79,0.79,153.37338445,0.00022820126272567328,0.015
4435,0.65,0.65,32.9753177,0.004063645458069382,0.015
4436,0.75,0.75,50.02495458,0.00041979048609463727,0.015
4437,0.6,0.6,347.47375616,0.0026591936329560645,0.015
4438,0.8,0.8,111.91963009,0.0058077389951816626,0.015
4439,0.75,0.75,210.26544805,0.0005231482443746176,0.015
4440,0.85,0.85,111.80069099,0.0011180610682556568,0.015
4441,0.75,0.75,111.87054875,0.0033520886791931466,0.015
4442,0.65,0.65,111.3471942,0.0015806415353751204,0.03
4443,0.7,0.7,326.72184466,0.0059010440578479055,0.015
4444,0.45,0.45,107.41152974,0.003388835452591519,0.03
4445,0.45,0.45,87.10367221,0.0018024498395599851,0.03
4446,0.85,0.85,161.32053455,0.0001,0.015
4447,0.65,0.65,91.88962069,0.004255105169266969,0.015
4448,0.75,0.75,64.92206773,0.005776156137841484,0.015
4449,1.2,1.2,80.3999789,0.0004975125683770551,0.015
4450,0.45,0.45,63.87327305,0.0010176400377841597,0.015
4451,0.75,0.75,62.54477739,0.0015349003387027658,0.015
4452,0.9,0.9,135.94967225,0.0024200131898442275,0.015
4453,0.55,0.55,152.34533228,0.0009189648143777088,0.015
4454,0.51,0.51,164.2487287,0.0019908829894036244,0.015
4455,0.75,0.75,87.96178697,0.00179623454050435,0.015
4456,0.52,0.52,82.30351124,0.0003766546473285139,0.015
4457,0.85,0.85,128.37712999,0.0005063207130823349,0.015
4458,0.65,0.65,32.16740634,0.005564638880363031,0.015
4459,0.45,0.45,296.80911473,0.0002324726451300782,0.03
4460,1.45,1.45,253.69516895,0.004067874072144408,0.015
4461,0.6,0.6,163.94923162,0.004775868677535678,0.015
4462,0.6,0.6,43.11449268,0.007793203146186246,0.03
4463,0.75,0.75,129.00008594,0.0017519368173531,0.03
4464,0.45,0.45,75.94962147,0.007636641088844653,0.03
4465,0.3,0.3,69.15362429,0.0026173610112026143,0.03
4466,0.4,0.4,41.5557832,0.012729876788846082,0.03
4467,1.05,1.05,84.77876884,0.0031493734062581122,0.015
4468,0.75,0.75,132.0498126,0.0043922818865098495,0.015
4469,0.3,0.3,33.29540596,0.006667586521296766,0.03
4470,0.3,0.3,73.98480395,0.005514645957239174,0.03
4471,0.3,0.3,81.35456061,0.0012660630114366218,0.03
4472,0.5,0.5,57.59249125,0.0013196164699682109,0.03
4473,0.85,0.85,26.5633193,0.010766726732076742,0.03
4474,0.65,0.65,106.75102485,0.0009648619312529271,0.03
4475,0.45,0.45,24.82812195,0.0010471996251814688,0.03
4476,0.6,0.6,25.41916937,0.0016129559311402442,0.03
4477,0.35,0.35,101.45011833,0.00263183527427237,0.03
4478,0.7,0.7,137.76076308,0.0003702070085833014,0.03
4479,0.7,0.7,37.29368132,0.0070521329804724125,0.015
4480,0.5,0.5,72.66432459,0.0011284767382436394,0.03
4481,1.2,1.2,45.0436489,0.00426253211471063,0.015
4482,0.95,0.95,193.89796543,0.001717398113288703,0.015
4483,0.85,0.85,67.39412463,0.00522300722700254,0.015
4484,0.45,0.45,61.96603309,0.004905913527794616,0.015
4485,0.66,0.66,259.63422377,0.0033470163808982808,0.015
4486,0.61,0.61,39.52050177,0.0034918584992449575,0.015
4487,0.6,0.6,38.71071455,0.004494879570751801,0.015
4488,0.62,0.62,40.54213722,0.0018992585314918915,0.015
4489,0.68,0.68,31.10468172,0.0023469135822425627,0.03
4490,0.68,0.68,254.90305543,0.0032796782235102605,0.015
4491,0.7,0.7,246.14308924,0.0004834586271238747,0.015
4492,0.78,0.78,225.79252879,0.0005137459623736565,0.015
4493,0.76,0.76,356.75239907,0.0007540243617176584,0.015
4494,0.76,0.76,41.57717227,0.010294110364711437,0.015
4495,0.76,0.76,554.73303767,0.006010098143790981,0.015
4496,0.75,0.75,70.99812351,0.004788858961210591,0.015
4497,0.5,0.5,42.98525396,0.009049615022909586,0.015
4498,0.56,0.56,64.3010563,0.0015551844052676953,0.015
4499,0.3,0.3,118.93480618,0.0005044780575771403,0.015
4500,0.85,0.85,190.0163347,0.00692572037071295,0.015
4501,0.85,0.85,81.80652573,0.0008679014218784127,0.015
4502,0.7,0.7,91.85410707,0.015241561261197505,0.015
4503,0.6,0.6,26.48454591,0.001434799000486252,0.015
4504,0.6,0.6,30.55129687,0.0032404516384773605,0.03
4505,0.68,0.68,115.03462527,0.0002347119394410849,0.015
4506,0.5,0.5,233.44112576,0.0029215075012153655,0.015
4507,0.55,0.55,60.67765925,0.006064835139466918,0.015
4508,0.75,0.75,103.82851599,0.00026004416746744775,0.015
4509,0.65,0.65,66.21684252,0.0012232537360194256,0.015
4510,0.55,0.55,75.42167398,0.0001193290936818305,0.015
4511,0.35,0.35,208.4169635,0.003080363465711849,0.015
4512,0.85,0.85,112.98342649,0.008567628280291855,0.015
4513,0.7,0.7,21.2072237,0.010892514893404,0.015
4514,0.65,0.65,26.92792569,0.026106726826755453,0.015
4515,0.3,0.3,12.75560029,0.03292671379247177,0.015
4516,0.75,0.75,115.10559415,0.013882904751940765,0.03
4517,0.45,0.45,34.62557587,0.02989119961169328,0.03
4518,0.35,0.35,89.64004392,0.0017849165730306092,0.03
4519,0.45,0.45,67.02840546,0.004117657254500946,0.03
4520,0.55,0.55,175.22368678,0.0009302395297997179,0.03
4521,0.85,0.85,152.81016094,0.003631957433890258,0.015
4522,0.45,0.45,113.20740501,0.005353006722011425,0.015
4523,0.8,0.8,94.0929675,0.0047612484960685335,0.015
4524,0.53,0.53,115.78202816,0.0049921391876229515,0.015
4525,0.75,0.75,125.76700456,0.0035700937743634834,0.015
4526,0.58,0.58,223.09062536,0.0014702545186320972,0.015
4527,0.54,0.54,94.49533677,0.0030371869111229578,0.015
4528,0.65,0.65,202.26547528,0.0020863669364028507,0.015
4529,0.45,0.45,57.07387428,0.0011388748498326045,0.015
4530,0.58,0.58,97.16798419,0.0002264120243246166,0.015
4531,0.55,0.55,124.33430089,0.0002091136541878556,0.015
4532,0.52,0.52,129.12617185,0.004383309687655701,0.015
4533,0.7,0.7,115.28472951,0.002645623590360629,0.015
4534,0.7,0.7,112.20686145,0.006185005007998109,0.015
4535,0.55,0.55,120.17997265,0.002745881803127537,0.015
4536,0.85,0.85,255.49232525,0.0016986811622436394,0.015
4537,1.05,1.05,165.18808766,0.0038683176798754897,0.015
4538,1.15,1.15,141.53690331,0.0038859123460922938,0.015
4539,1.05,1.05,106.95286652,0.005572548164368732,0.015
4540,1.15,1.15,128.42121124,0.0005061469158589786,0.015
4541,0.6,0.6,175.04260889,0.004484622372677893,0.015
4542,0.55,0.55,114.24400117,0.00048142571545754375,0.015
4543,0.4,0.4,98.30520199,0.00040689606643673845,0.015
4544,0.7,0.7,17.86280922,0.003190987447605981,0.015
4545,0.95,0.95,17.5379789,0.02332081720089196,0.03
4546,0.8,0.8,184.7255805,0.002019211410733665,0.015
4547,0.45,0.45,115.39687393,0.0005199447606907943,0.015
4548,0.6,0.6,61.37529319,0.009124192666035882,0.03
4549,0.85,0.85,89.26608882,0.0012322708595624602,0.015
4550,0.48,0.48,249.24,0.0017573423206547895,0.03
4551,0.36,0.36,249.45,0.0001,0.03
4552,0.62,0.62,159.34,0.004832433789381197,0.03
4553,0.31,0.31,132.2,0.0011119515885022679,0.03
4554,0.37,0.37,160.19,0.0023846682065047763,0.03
4555,0.46,0.46,99.57,0.007000100431856986,0.03
4556,0.4,0.4,94.6,0.0027378435517970393,0.03
4557,0.37,0.37,48.74,0.013951579811243335,0.03
4558,0.68,0.68,93.45,0.001455323702514715,0.03
4559,0.98,0.98,96.25,0.0036363636363636372,0.015
4560,0.49,0.49,34.0,0.010500000000000006,0.015
4561,0.9,0.9,165.84,0.0005125422093584202,0.03
4562,0.73,0.73,42.57,0.003711533944092092,0.015
4563,0.38,0.38,95.08,0.0018615902397980607,0.015
4564,1.15,1.15,321.96,0.0022673624052677367,0.015
4565,0.41,0.41,57.39,0.004391008886565615,0.03
4566,0.3,0.3,54.22,0.003116931021763196,0.03
4567,0.42,0.42,81.77,0.011703558762382296,0.015
4568,0.7,0.7,69.33,0.0001,0.03
4569,0.5,0.5,76.01,0.0008814629653992917,0.03
4570,0.43,0.43,263.75,0.00028815165876777443,0.015
4571,0.5,0.5,195.94,0.004327855465958969,0.015
4572,0.3,0.3,34.01,0.009232578653337256,0.03
4573,0.29,0.29,134.05,0.002133532264080564,0.03
4574,0.85,0.85,41.37,0.0036016437031665465,0.03
4575,0.58,0.58,128.29,0.0018785563956660734,0.03
4576,0.85,0.85,139.2,0.008836206896551721,0.03
4577,1.04,1.04,131.7,0.005778283978739561,0.03
4578,0.42,0.42,195.71,0.005482601808798735,0.015
4579,0.5,0.5,629.13,0.0031185923418053504,0.015
4580,0.66,0.66,117.53,0.006500467965625796,0.015
4581,0.53,0.53,207.77,0.001679742022428648,0.015
4582,0.61,0.61,69.8,0.01167621776504298,0.015
4583,0.97,0.97,118.33,0.0038029240260289,0.015
4584,1.13,1.13,221.86,0.0007076534751645182,0.015
4585,0.78,0.78,37.86,0.01666666666666666,0.03
4586,0.58,0.58,287.74,0.0022277055675262373,0.015
4587,0.49,0.49,275.41,0.0028394030717838856,0.015
4588,0.63,0.63,53.02,0.023972086005281022,0.015
4589,0.71,0.71,33.35,0.007736131934032983,0.015
4590,0.66,0.66,289.92,0.003390590507726271,0.015
4591,0.73,0.73,291.1,0.0023634489866025407,0.015
4592,0.72,0.72,220.33,0.004230018608450962,0.015
4593,0.67,0.67,230.03,0.003416945615789247,0.015
4594,0.71,0.71,283.92,0.001352493660185969,0.015
4595,0.68,0.68,140.23,0.00011409826713256804,0.015
4596,0.74,0.74,131.26,0.0015008380313880853,0.015
4597,0.91,0.91,130.19,0.001152162224441204,0.015
4598,0.82,0.82,139.26,0.004775240557231079,0.015
4599,0.88,0.88,136.35,0.0008654198753208613,0.015
4600,0.72,0.72,87.8,0.0034168564920273327,0.015
4601,0.4,0.4,98.34,0.0005389465121008739,0.03
4602,0.68,0.68,84.69,0.001405124571968363,0.015
4603,0.78,0.78,279.24,0.0020913909182065592,0.015
4604,0.9,0.9,203.81,0.008537363230459743,0.015
4605,0.98,0.98,324.1,0.0069793273680962675,0.015
4606,0.7,0.7,209.04,0.0031285878300803694,0.015
4607,1.97,1.97,336.53,0.0009687100704246268,0.015
4608,1.3,1.3,332.02,0.0019848201915547265,0.015
4609,1.39,1.39,535.15,0.0013734466971877042,0.015
4610,0.34,0.34,116.85,0.015652545999144202,0.03
4611,0.7,0.7,18.04,0.006873614190687392,0.03
4612,0.42,0.42,27.45,0.01486338797814209,0.03
4613,0.65,0.65,57.22,0.004928346731911919,0.015
4614,0.62,0.62,874.32,0.000737716167993412,0.015
4615,0.25,0.25,163.82,0.00845440117201807,0.03
4616,0.94,0.94,150.08,0.002985074626865668,0.03
4617,0.96,0.96,113.21,0.010643936048052293,0.03
4618,0.84,0.84,205.49,0.003970996155530684,0.015
4619,0.78,0.78,251.64,0.0011087267525035764,0.015
4620,0.5,0.5,143.06,0.0019222703760659872,0.03
4621,0.84,0.84,163.99,0.00271967802914812,0.015
4622,0.83,0.83,125.69,0.004129206778582227,0.03
4623,0.88,0.88,121.17,0.008071304778410499,0.03
4624,0.52,0.52,103.71,0.0017838202680551544,0.03
4625,0.45,0.45,98.49,0.0003147527667783546,0.03
4626,0.73,0.73,135.58,0.015466883021094559,0.015
4627,2.31,2.31,194.71,0.004950952698885521,0.03
4628,2.15,2.15,134.89,0.0027281488620357324,0.03
4629,0.69,0.69,80.51,0.002248167929449758,0.015
4630,0.37,0.37,63.62,0.0033008487896887765,0.03
4631,1.74,1.74,214.05,0.0014762905863116085,0.015
4632,1.1,1.1,217.61,0.0029088736730848753,0.015
4633,1.25,1.25,89.02,0.001303077960008988,0.015
4634,0.97,0.97,172.01,0.003691645834544502,0.015
4635,0.94,0.94,406.36,0.00032483512156708256,0.03
4636,0.66,0.66,136.72,0.004052077238150967,0.03
4637,0.81,0.81,66.73,0.007343024127079278,0.015
4638,1.01,1.01,166.69,0.0014697942288079675,0.015
4639,0.72,0.72,49.88,0.006816359262229347,0.015
4640,0.53,0.53,163.63,0.0031962354091547985,0.03
4641,0.6,0.6,90.93,0.002650390410205649,0.015
4642,0.45,0.45,51.38,0.007940833008952907,0.03
4643,0.4,0.4,36.67,0.020207253886010353,0.03
4644,0.58,0.58,467.55,0.004482943000748583,0.015
4645,0.9,0.9,100.68,0.001340882002383788,0.015
4646,0.61,0.61,45.48,0.0052770448548812715,0.03
4647,0.96,0.96,162.02,0.005054931489939513,0.015
4648,0.71,0.71,149.15,0.0030506201810258132,0.015
4649,0.75,0.75,148.06,0.0014858841010401231,0.03
4650,0.36,0.36,135.55,0.006868314275175212,0.03
4651,0.55,0.55,116.69,0.004490530465335505,0.015
4652,0.43,0.43,167.71,0.0032258064516129,0.015
4653,0.62,0.62,224.12,0.00400232018561485,0.03
4654,0.96,0.96,43.72,0.0029277218664226926,0.015
4655,0.55,0.55,131.01,0.007457445996488817,0.015
4656,0.49,0.49,63.64,0.009459459459459457,0.03
4657,0.5,0.5,109.82,0.0011109087597887442,0.03
4658,0.51,0.51,83.09,0.0020098688169454784,0.03
4659,0.91,0.91,130.1,0.000422751729438891,0.015
4660,0.89,0.89,79.88,0.010277916875312966,0.015
4661,0.72,0.72,260.38,0.0014939703510254254,0.03
4662,1.06,1.06,122.08,0.00982142857142857,0.015
4663,0.47,0.47,175.44,0.0022913816689466493,0.015
4664,0.76,0.76,98.21,0.0033092353120863474,0.015
4665,0.35,0.35,45.54,0.007400087834870438,0.03
4666,0.27,0.27,45.59,0.018315420048256204,0.03
4667,0.68,0.68,94.58,0.007940367942482554,0.015
4668,0.87,0.87,26.61,0.00995866215708379,0.03
4669,0.52,0.52,175.15,0.0018384242078218673,0.015
4670,0.77,0.77,32.5,0.002892307692307702,0.03
4671,0.69,0.69,190.71,0.0008861622358554876,0.015
4672,0.37,0.37,57.61,0.011820864433258109,0.015
4673,0.67,0.67,176.87,0.001453044609034885,0.015
4674,0.67,0.67,68.45,0.008648648648648649,0.015
4675,0.66,0.66,80.03,0.0017868299387729576,0.03
4676,0.52,0.52,53.1,0.0011676082862523592,0.03
4677,0.56,0.56,219.94,0.0053650995726107105,0.015
4678,0.41,0.41,16.38,0.004456654456654482,0.03
4679,0.36,0.36,321.56,0.00230439109341958,0.03
4680,0.43,0.43,86.58,0.02005082005082005,0.03
4681,0.54,0.54,98.97,0.009821157926644442,0.015
4682,0.21,0.21,102.77,0.005001459569913397,0.03
4683,0.46,0.46,112.56,0.012180170575692963,0.03
4684,0.87,0.87,379.83512537,0.003393577670691661,0.015
4685,1.01,1.01,82.79642172,0.002488030227884109,0.015
4686,0.77,0.77,104.0092172,0.007989676514938716,0.015
4687,0.95,0.95,52.17084593,0.002338470803476962,0.015
4688,1.08,1.08,142.5904376,0.005126570984027893,0.015
4689,0.82,0.82,204.21331298,0.0024778012393812747,0.015
4690,0.78,0.78,195.21105819,0.0037446649118028632,0.015
4691,0.75,0.75,46.00472398,0.006412384956993732,0.03
4692,1.05,1.05,182.8995571,0.0017878665491858643,0.03
4693,0.95,0.95,47.92944832,0.0014396159859659313,0.015
4694,0.95,0.95,116.10960325,0.004383788986894155,0.015
4695,0.95,0.95,307.77666181,0.0012346615164556744,0.015
4696,0.7,0.7,385.47657243,0.0032375508377402843,0.015
4697,0.75,0.75,451.54066126,0.000609025993877555,0.015
4698,0.9,0.9,112.88069747,0.008274222439564806,0.015
4699,0.95,0.95,205.83496467,0.0005198339367247221,0.015
4700,1.05,1.05,37.13025697,0.002531628048681395,0.015
4701,0.9,0.9,357.22614516,0.0004954844498314144,0.015
4702,1.01,1.01,97.87864544,0.0031161036059389065,0.015
4703,1.05,1.05,57.854603,0.002990254725280884,0.015
4704,0.75,0.75,76.19955984,0.0018241575186505668,0.03
4705,0.75,0.75,726.57497792,0.0008395554740217937,0.015
4706,0.95,0.95,428.3796326,0.0004482005804867011,0.015
4707,0.75,0.75,47.48517936,0.0059176358558035765,0.03
4708,0.75,0.75,74.27520115,0.0020733703526294705,0.015
4709,0.75,0.75,366.11316747,0.0012072769822905058,0.015
4710,0.75,0.75,354.75866736,0.002892106929015046,0.015
4711,0.9,0.9,77.98773256,0.002154184953008457,0.015
4712,0.95,0.95,336.21287729,0.0016269454174659289,0.015
4713,1.01,1.01,242.22070493,0.0004995444135750827,0.015
4714,4.18,4.18,366.29369019,0.000546009951457961,0.015
4715,4.23,4.23,545.92741227,0.017731295008158617,0.015
4716,0.9,0.9,210.34703,0.00025196457492173736,0.015
4717,0.9,0.9,118.46181487,0.00411102936869939,0.015
4718,0.9,0.9,203.70616723,0.0004123586494323345,0.015
4719,0.9,0.9,604.43666938,0.0008255620899239099,0.015
4720,0.75,0.75,549.61888896,0.0008496796769187949,0.015
4721,0.8,0.8,604.88325188,0.0019226850741615872,0.015
4722,0.95,0.95,115.29535402,0.0011709058109712045,0.015
4723,0.75,0.75,156.12418531,0.0015372378054268562,0.03
4724,0.9,0.9,153.45531212,0.002339443288344862,0.015
4725,0.65,0.65,157.576321,0.0010661500340523888,0.03
4726,0.85,0.85,178.15532267,0.0008475750134038936,0.015
4727,0.75,0.75,166.91398955,0.0054818652556735325,0.015
4728,0.75,0.75,298.10624785,0.001982514637859509,0.03
4729,0.65,0.65,46.25667712,0.0001,0.015
4730,0.9,0.9,87.19452976,0.002328127699739318,0.015
4731,0.85,0.85,191.76471733,0.0004693251253572523,0.015
4732,0.95,0.95,67.68885006,0.004638873311064787,0.015
4733,0.65,0.65,118.11248135,0.0006857869640379032,0.015
4734,0.85,0.85,99.03545419,0.0017165569784115303,0.015
4735,0.8,0.8,51.07530631,0.004581470321093027,0.015
4736,0.9,0.9,57.01331173,0.006682649866128032,0.015
4737,1.15,1.15,104.45411481,0.0013881693436754714,0.015
4738,0.9,0.9,9.22582456,0.017667797489528705,0.015
4739,0.75,0.75,30.4363756,0.014554952462868134,0.015
4740,0.75,0.75,119.83750175,0.00026702826354605666,0.015
4741,0.8,0.8,88.35142154,0.002852246128104571,0.015
4742,0.7,0.7,68.58964149,0.0011371979544662332,0.015
4743,0.75,0.75,456.77813869,0.0003546579537816802,0.015
4744,0.75,0.75,555.16197293,0.0018355003578901196,0.015
4745,0.95,0.95,582.06067092,0.0017094437911898627,0.015
4746,0.95,0.95,115.81016734,0.0007253249168822077,0.015
4747,0.85,0.85,567.51656423,0.0013603127180039953,0.015
4748,0.85,0.85,626.30018964,0.001783489800062261,0.015
4749,0.7,0.7,710.56094986,0.0012539388776931122,0.015
4750,0.7,0.7,49.2802185,0.011343293861410135,0.03
4751,1.01,1.01,35.16101995,0.0016495539686413464,0.015
4752,0.7,0.7,114.14928089,0.0022426772906847703,0.015
4753,0.65,0.65,396.51319599,0.001540932322503106,0.015
4754,0.75,0.75,50.47877835,0.0003169648815401654,0.015
4755,0.7,0.7,210.02244696,0.0006951637889820723,0.015
4756,0.65,0.65,95.26520869,0.004377253834156274,0.015
4757,0.65,0.65,331.59418275,0.00251512253044795,0.015
4758,0.75,0.75,122.17058728,0.0008594540006536341,0.015
4759,0.7,0.7,105.40644452,0.0001,0.015
4760,0.7,0.7,186.02203995,0.0001,0.015
4761,0.7,0.7,303.1243694,0.0014779412189352005,0.015
4762,0.35,0.35,105.04455338,0.0007139827586175391,0.03
4763,0.75,0.75,584.40058702,0.004016080839288546,0.015
4764,0.7,0.7,91.25337776,0.0005698419201178685,0.015
4765,0.75,0.75,91.84273131,0.006380472266466618,0.015
4766,0.7,0.7,155.34306255,0.0003218682519787867,0.03
4767,0.35,0.35,164.36514041,0.0008821821928804664,0.03
4768,0.7,0.7,108.24143093,0.0018754371432070302,0.015
4769,0.75,0.75,405.69049508,0.0034730909821344288,0.015
4770,0.75,0.75,31.24348439,0.032134700069539855,0.015
4771,0.85,0.85,84.20162569,0.013740827335800575,0.015
4772,0.6,0.6,186.2273968,0.0022016094680221577,0.03
4773,0.65,0.65,133.92108888,0.008049516390700364,0.015
4774,0.7,0.7,82.47840598,0.0003516071831823721,0.015
4775,0.6,0.6,88.19312322,0.006984671565189639,0.015
4776,0.6,0.6,148.91427465,0.004935725616147305,0.015
4777,0.35,0.35,241.63736865,0.02274068796022705,0.03
4778,0.45,0.45,139.54401718,0.015450322010000204,0.03
4779,0.65,0.65,87.62367138,0.0024879121881870633,0.015
4780,0.65,0.65,85.87179403,0.004576590071737666,0.03
4781,0.35,0.35,46.30703097,0.0016844094377489365,0.03
4782,0.9,0.9,191.03421607,0.002805780090220042,0.03
4783,0.7,0.7,119.59894881,0.0031103952309060497,0.015
4784,0.6,0.6,253.02850838,0.008129518737512305,0.015
4785,0.5,0.5,203.80167948,0.006231548254363777,0.015
4786,0.7,0.7,114.67489306,0.005685638613666392,0.015
4787,0.6,0.6,110.77318898,0.0012728711820823126,0.03
4788,0.55,0.55,214.06092458,0.0019387003994972656,0.03
4789,0.45,0.45,61.00767247,0.00450762975976881,0.03
4790,0.7,0.7,541.99682019,0.0039059269743646724,0.015
4791,0.75,0.75,360.25734327,0.0011547301054963446,0.015
4792,0.75,0.75,421.87467792,0.0008912599396906696,0.015
4793,0.7,0.7,525.36449286,0.0028380296351647885,0.015
4794,0.7,0.7,208.96936233,0.0007943748219791974,0.015
4795,0.9,0.9,381.30559827,0.0015289573576813358,0.015
4796,0.75,0.75,52.03988488,0.0014796343262010723,0.015
4797,0.75,0.75,56.15004585,0.0003739979136633306,0.015
4798,0.75,0.75,65.33359928,0.004515287742463405,0.015
4799,0.75,0.75,59.86184944,0.003641718423993951,0.015
4800,0.75,0.75,59.89241852,0.003088871756585061,0.015
4801,0.8,0.8,381.86607082,0.0005656433407036463,0.015
4802,0.75,0.75,63.28915876,0.0005372168103692461,0.015
4803,0.9,0.9,68.18812148,0.0029037315547411698,0.015
4804,0.9,0.9,530.09156609,0.00011130152557451372,0.015
4805,0.7,0.7,251.34017729,0.0019813784066261735,0.015
4806,0.7,0.7,121.43727888,0.003153891486472346,0.015
4807,0.7,0.7,285.35183012,0.0002628334290635519,0.015
4808,0.75,0.75,330.3551154,0.000847572769263679,0.015
4809,0.65,0.65,233.55551906,0.0010447194781867564,0.015
4810,0.95,0.95,384.60151096,0.0016536596499906792,0.015
4811,0.75,0.75,246.58358051,0.0010300766964072016,0.015
4812,0.75,0.75,255.80438548,0.0011923173225810333,0.015
4813,0.8,0.8,204.03603074,0.0014801307342860147,0.015
4814,0.75,0.75,260.2175646,0.0007839593776599342,0.015
4815,0.75,0.75,39.92081329,0.004283479866950383,0.015
4816,0.7,0.7,263.10076008,0.0012238657155611821,0.015
4817,0.75,0.75,320.42026607,0.00010611064155527699,0.015
4818,0.8,0.8,310.84638138,0.00020910650370589153,0.015
4819,1.85,1.85,2516.92619757,0.0001,0.015
4820,1.51,1.51,932.53550306,0.0002477117484985847,0.015
4821,0.65,0.65,130.47534325,0.0004905141339798702,0.015
4822,0.85,0.85,335.75008885,0.0015398357801506815,0.015
4823,0.7,0.7,280.87086627,0.0009719769217273191,0.015
4824,1.05,1.05,13.46833247,0.002078950758185436,0.015
4825,1.05,1.05,16.05743382,0.01451041322118305,0.015
4826,1.05,1.05,22.12552729,0.008587365964646347,0.015
4827,1.05,1.05,11.6615534,0.03275721397459794,0.015
4828,0.65,0.65,41.59980283,0.005072139424849285,0.015
4829,0.9,0.9,184.00476569,0.004940089440571488,0.015
4830,0.65,0.65,60.46196677,0.005391819310809357,0.015
4831,0.88,0.88,791.75056996,0.00040921978751006026,0.015
4832,0.9,0.9,856.45881574,0.0016474814364317843,0.015
4833,0.45,0.45,205.38861608,0.0010662713648876146,0.03
4834,0.45,0.45,204.83897534,0.0047256631624585845,0.03
4835,0.9,0.9,361.02132221,0.0015677744365214174,0.03
4836,1.12,1.12,370.31912337,0.0030082162375583287,0.015
4837,0.78,0.78,371.56897954,0.0001,0.03
4838,0.45,0.45,244.83934971,0.004496826189516022,0.03
4839,0.65,0.65,207.66463913,0.0006645329728650173,0.03
4840,1.5,1.5,207.94649636,0.001620609175432227,0.03
4841,1.1,1.1,197.48243319,0.005392884738134416,0.03
4842,1.06,1.06,822.67507484,0.001971616801828424,0.015
4843,1.25,1.25,202.08105808,0.0006927913052819447,0.03
4844,0.6,0.6,244.65224446,0.00022072145759050713,0.03
4845,0.9,0.9,203.61842523,0.0001,0.03
4846,0.8,0.8,197.54327642,0.0008352600148698092,0.03
4847,0.75,0.75,207.22496072,0.00522620439273885,0.03
4848,0.75,0.75,207.15243393,0.0002510228772767963,0.015
4849,1.1,1.1,321.37495517,0.0004262933305662544,0.015
4850,1.25,1.25,398.15381326,0.0009518934325828187,0.015
4851,0.6,0.6,16.60881749,0.009513019219768689,0.03
4852,0.3,0.3,179.0233917,0.0001,0.03
4853,0.4,0.4,145.39845936,0.01018580256296328,0.03
4854,0.95,0.95,80.45386875,0.004300601144180529,0.015
4855,1.03,1.03,173.4497654,0.0027327797123673724,0.015
4856,0.16,0.16,177.58868623,0.008367650167057605,0.03
4857,0.3,0.3,181.6160805,0.006227422136224329,0.03
4858,0.17,0.17,45.75988392,0.008784987319959097,0.03
4859,0.33,0.33,134.7048344,0.006280398203733659,0.03
4860,0.9,0.9,343.50326686,0.00033478575342594857,0.015
4861,0.9,0.9,125.32935756,0.019628282214901666,0.03
4862,0.8,0.8,602.59883312,0.00050945999747541,0.015
4863,0.85,0.85,583.71874555,0.0003837464561617585,0.015
4864,0.9,0.9,424.52270305,0.0025063441657081006,0.015
4865,1.56,1.56,388.34,0.0028866457228202106,0.015
4866,1.51,1.51,1611.08,0.0020179010353303384,0.015
4867,0.76,0.76,211.45,0.008328209978718379,0.015
4868,0.61,0.61,150.22,0.0047197443749167865,0.015
4869,0.87,0.87,36.54,0.023973727422003318,0.015
4870,0.43,0.43,23.83,0.0017624842635333537,0.03
4871,1.04,1.04,280.02,0.0038604385401042767,0.015
4872,0.79,0.79,66.39,0.0014309383943364794,0.015
4873,0.65,0.65,71.88,0.002267668336115752,0.015
4874,1.04,1.04,303.72,0.005083629658896353,0.015
4875,1.01,1.01,77.54,0.0077250451379932954,0.015
4876,0.47,0.47,251.85,0.019054993051419496,0.03
4877,0.93,0.93,158.61,0.0076855179370783665,0.03
4878,0.71,0.71,34.12,0.007532239155920324,0.03
4879,0.86,0.86,198.7,0.006160040261701058,0.015
4880,0.79,0.79,62.66,0.002250239387168848,0.015
4881,0.96,0.96,95.99,0.006333993124283786,0.015
4882,0.64,0.64,128.49,0.00014008872285781524,0.015
4883,0.71,0.71,84.0,0.007976190476190475,0.015
4884,0.9,0.9,96.3,0.006853582554517136,0.015
4885,0.67,0.67,16.26,0.009409594095940988,0.015
4886,0.7,0.7,123.69,0.0025790282157005413,0.015
4887,0.95,0.95,95.48,0.0032677000418936024,0.015
4888,0.71,0.71,129.04,0.0542157470551767,0.015
4889,1.01,1.01,20.23,0.012407315867523453,0.015
4890,0.9,0.9,303.0835884,0.010858390641913095,0.015
4891,0.45,0.45,201.10892733,0.011322222390772668,0.03
4892,0.25,0.25,225.22437011,0.01077592091306393,0.03
4893,0.51,0.51,128.21363183,0.008688623698586643,0.03
4894,0.5,0.5,90.35663652,0.0023241236957012934,0.03
4895,0.51,0.51,63.57455346,0.0024223528380249502,0.03
4896,0.7,0.7,42.04387316,0.027471303502524396,0.03
4897,1.15,1.15,282.55779952,0.01250717554427251,0.015
4898,0.45,0.45,246.92694912,0.028725094710310407,0.03
4899,0.7,0.7,209.7850155,0.00988154466161097,0.03
4900,0.65,0.65,197.9037963,0.013006319475034743,0.03
4901,0.54,0.54,193.38245882,0.01313976466896182,0.03
4902,0.45,0.45,177.11510936,0.0006380031630746895,0.03
4903,0.5,0.5,177.07493112,0.021414663137325974,0.03
4904,0.6,0.6,172.99959735,0.015462463733878738,0.03
4905,0.75,0.75,97.44676709,0.03462403218450375,0.015
4906,0.25,0.25,102.85715583,0.012570831747837189,0.03
4907,0.45,0.45,83.06494822,0.00403298872964733,0.03
4908,0.4,0.4,92.67471574,0.01462103216805616,0.03
4909,0.6,0.6,116.20452612,0.006609036890756873,0.03
4910,0.7,0.7,335.02050529,0.0031251818425075085,0.03
4911,0.4,0.4,104.64040277,0.024455181098879092,0.03
4912,0.2,0.2,58.09421397,0.005060744950466545,0.03
4913,0.4,0.4,199.82017219,0.01710037561548555,0.03
4914,0.45,0.45,87.46429821,0.010209880125670544,0.03
4915,0.45,0.45,153.20576252,0.009183727667008122,0.03
4916,0.35,0.35,72.39459097,0.0063678790614486195,0.03
4917,0.35,0.35,30.50329278,0.03445529659962174,0.03
4918,0.25,0.25,111.75161791,0.008966313139260041,0.03
4919,0.6,0.6,50.25076529,0.00589045755406447,0.03
4920,0.35,0.35,106.86784825,0.024179395789416032,0.03
4921,0.5,0.5,332.57408856,0.0001,0.03
4922,0.45,0.45,159.69488607,0.01346943570288869,0.03
4923,0.4,0.4,155.00821448,0.00954788109110797,0.03
4924,0.5,0.5,22.57417351,0.03703347099860217,0.03
4925,0.65,0.65,233.04340377,0.01636605000742348,0.03
4926,0.45,0.45,107.31285388,0.011787963456964402,0.03
4927,0.65,0.65,97.64899149,0.010568465523841922,0.03
4928,0.55,0.55,139.64391032,0.0131262437137402,0.03
4929,0.45,0.45,155.14546063,0.0025846711748552477,0.03
4930,0.45,0.45,142.88779657,0.0083072174705871,0.03
4931,0.6,0.6,30.47979487,0.004560398145487892,0.03
4932,0.35,0.35,28.57978902,0.014135863624370448,0.03
4933,0.75,0.75,9.25647801,0.010695212573621014,0.03
4934,0.65,0.65,172.54289583,0.007435832080064837,0.03
4935,0.6,0.6,248.08922555,0.01270107556269084,0.03
4936,0.6,0.6,155.55063845,0.007142368627160081,0.03
4937,0.45,0.45,73.58610516,0.011360840449188945,0.03
4938,0.9,0.9,151.35845241,0.003957492894928841,0.03
4939,0.75,0.75,62.55933432,0.03006745548759222,0.03
4940,0.2,0.2,224.2295606,0.0006823364394533746,0.03
4941,0.5,0.5,95.30343801,0.00045119043864385417,0.03
4942,0.5,0.5,38.00910116,0.021731637286631394,0.015
4943,0.6,0.6,41.04719118,0.018953793856157357,0.015
4944,0.6,0.6,55.35802491,0.0029264049839815864,0.03
4945,0.55,0.55,126.3430713,0.012434397738121154,0.03
4946,0.55,0.55,208.68337888,0.007202298563817466,0.03
4947,0.65,0.65,60.11783762,0.011810138689416138,0.03
4948,0.5,0.5,57.1042862,0.008738398344606218,0.03
4949,0.5,0.5,83.58099248,0.013053207046578972,0.03
4950,0.4,0.4,193.66661883,0.01456110514572151,0.015
4951,0.35,0.35,35.4681755,0.018749202365935087,0.03
4952,0.6,0.6,90.24270592,0.007213879430622461,0.015
4953,0.6,0.6,161.48963669,0.018081655639645245,0.015
4954,0.5,0.5,73.41669807,0.0073144123083278955,0.03
4955,0.65,0.65,43.13272499,0.0007418960895102034,0.015
4956,0.65,0.65,32.37768404,0.021156547180883556,0.03
4957,0.5,0.5,39.44941705,0.006793509766198197,0.03
4958,0.4,0.4,92.30984032,0.023659449441456894,0.03
4959,0.7,0.7,195.84356151,0.015629821968100296,0.015
4960,0.45,0.45,95.29962663,0.024784986925189573,0.03
4961,0.7,0.7,30.14384553,0.0001,0.015
4962,0.75,0.75,78.85053015,0.009207293833267917,0.03
4963,0.4,0.4,167.97092207,0.011781801133265643,0.03
4964,0.75,0.75,309.70900368,0.00041006234397764107,0.015
4965,0.4,0.4,377.57150287,0.003832386684379116,0.015
4966,0.5,0.5,120.28244837,0.0030345241965579737,0.03
4967,0.35,0.35,40.11482319,0.01916997106924051,0.03
4968,0.75,0.75,174.04018759,0.0022466075531997766,0.015
4969,0.6,0.6,24.47589112,0.014422355381028503,0.015
4970,0.25,0.25,76.08387811,0.018269310588905265,0.03
4971,0.65,0.65,154.62308332,0.00020695486930482734,0.03
4972,0.75,0.75,327.91995208,0.0016924862195167706,0.015
4973,0.5,0.5,73.2846786,0.004557569281609698,0.03
4974,0.65,0.65,180.92013632,0.015879934972624715,0.015
4975,0.5,0.5,193.64052307,0.0007229891645634077,0.015
4976,0.4,0.4,42.43258907,0.011524161280691817,0.03
4977,0.45,0.45,107.47612895,0.00023260979199977367,0.03
4978,0.5,0.5,118.86964782,0.015504378399360518,0.03
4979,0.65,0.65,198.39094035,0.006986206111805444,0.03
4980,0.35,0.35,725.52397829,0.0008449066031487889,0.015
4981,0.65,0.65,129.89024293,0.010709041484737487,0.03
4982,0.6,0.6,80.88067022,0.013662102415748239,0.03
4983,0.7,0.7,199.68666783,0.006435081590394227,0.03
4984,0.75,0.75,169.2178935,0.015222976404679098,0.03
4985,0.7,0.7,128.34477013,0.004082753036755943,0.015
4986,1.15,1.15,84.2957394,0.0003677528688953001,0.015
4987,0.56,0.56,315.01142097,0.0015491501815944502,0.03
4988,1.05,1.05,80.68402675,0.007238111724511811,0.015
4989,0.7,0.7,86.41708649,0.002233354627413121,0.015
4990,0.4,0.4,94.85603226,0.016793871323160486,0.03
4991,0.5,0.5,70.84144177,0.010954040186243384,0.03
4992,0.75,0.75,93.47591691,0.017394854779178452,0.015
4993,0.45,0.45,31.87361013,0.0008157218430531076,0.03
4994,0.65,0.65,39.5989826,0.005631457814272247,0.015
4995,0.6,0.6,28.09584353,0.0061219019751567,0.03
4996,0.5,0.5,102.7229571,0.005461291378653272,0.03
4997,0.5,0.5,184.16756166,0.009855155726885024,0.03
4998,0.75,0.75,674.94135225,0.0025542960055015655,0.015
4999,0.88,0.88,463.89,0.0014421522343659057,0.015
5000,1.41,1.41,543.44,0.0025301781245399674,0.015
5001,0.66,0.66,152.5,0.00275409836065574,0.015
5002,0.63,0.63,140.48,0.000982346241457858,0.015
5003,0.72,0.72,141.78,0.007441105938778387,0.015
5004,0.67,0.67,122.12,0.0011300360301342933,0.015
5005,0.76,0.76,99.88,0.0006107328794553459,0.03
5006,0.5,0.5,97.14,0.002707432571546221,0.015
5007,0.61,0.61,86.63,0.0023432990880757226,0.015
5008,0.5,0.5,61.85,0.002392886014551336,0.015
5009,0.91,0.91,54.34,0.008851674641148322,0.015
5010,1.04,1.04,292.41,0.0003830238363941045,0.015
5011,0.78,0.78,140.93,0.0005747534236855173,0.015
5012,0.6,0.6,73.42,0.002941977662762187,0.015
5013,0.98,0.98,93.01,0.00015052144930652393,0.015
5014,0.77,0.77,68.8,0.008183139534883723,0.015
5015,0.61,0.61,56.87,0.009794267627923334,0.015
5016,0.47,0.47,84.74,0.0037172527731885764,0.015
5017,0.63,0.63,201.95,0.00020797227036395058,0.015
5018,0.65,0.65,65.54,0.006133658834299666,0.015
5019,0.81,0.81,36.85,0.00618724559023067,0.015
5020,0.46,0.46,60.94,0.007433541188053821,0.015
5021,0.68,0.68,81.36,0.007055063913470991,0.015
5022,0.55,0.55,68.49,0.002131698058110672,0.015
5023,0.97,0.97,147.04,0.003774483133841133,0.015
5024,1.36,1.36,169.66,0.0010078981492396561,0.015
5025,1.37,1.37,355.06,0.0008871739987607727,0.015
5026,1.35,1.35,424.6,0.008483278379651436,0.03
5027,0.47,0.47,199.0,0.0010954773869346743,0.015
5028,0.78,0.78,137.56,0.0032931084617621423,0.015
5029,0.92,0.92,91.03,0.007964407338240142,0.015
5030,0.77,0.77,311.88,0.0008689239451070951,0.015
5031,0.44,0.44,270.67,0.0063472124727528,0.03
5032,1.1,1.1,40.63,0.00573467880876199,0.015
5033,0.81,0.81,379.85,0.0001,0.015
5034,0.62,0.62,152.16,0.00014458464773922346,0.015
5035,0.74,0.74,120.56,0.001128069011280691,0.015
5036,0.55,0.55,227.37,0.0006113383471874038,0.015
5037,0.71,0.71,110.23,0.0016148054068765303,0.015
5038,1.0,1.0,212.86,0.0016536690782674062,0.015
5039,0.73,0.73,163.57,0.0003117931160970848,0.015
5040,1.2,1.2,628.83,0.004904346166690521,0.015
5041,0.54,0.54,203.0,0.0016206896551724124,0.015
5042,0.73,0.73,105.52,0.0002653525398028812,0.015
5043,0.52,0.52,60.94,0.013029209058089925,0.015
5044,0.63,0.63,108.93,0.009391352244560728,0.015
5045,0.37,0.37,98.19,0.002474793767186071,0.03
5046,0.38,0.38,87.96,0.004661209640745795,0.03
5047,0.3,0.3,103.11,0.00703132576859665,0.03
5048,0.61,0.61,199.25,0.007247176913425345,0.015
5049,0.83,0.83,96.19,0.005426759538413559,0.015
5050,0.49,0.49,90.77,0.002280489148397046,0.03
5051,0.59,0.59,301.61,0.0031099764596664555,0.015
5052,0.59,0.59,127.14,0.0008809186723297161,0.03
5053,0.92,0.92,45.73,0.010124644653400397,0.03
5054,1.18,1.18,198.21148733,0.00010090232543738623,0.015
5055,1.13,1.13,554.74789484,0.002274907235770557,0.015
5056,1.36,1.36,76.48753551,0.008668078995868798,0.015
5057,0.73,0.73,101.961221,0.0027755650356521364,0.015
5058,1.21,1.21,227.67600551,0.0001800804608643732,0.015
5059,1.42,1.42,1022.87061724,0.0010402097607134116,0.03
5060,0.99,0.99,1013.55350582,0.0001,0.03
5061,0.66,0.66,393.02355324,0.007414313915737678,0.03
5062,0.64,0.64,243.74864438,0.0026625789105445045,0.03
5063,1.14,1.14,338.0256762,0.00331039941278875,0.015
5064,0.44,0.44,193.44350244,0.0021556681653308045,0.03
5065,0.52,0.52,91.4699232,0.006056635674533942,0.03
5066,0.46,0.46,164.9028868,0.00614300949884887,0.015
5067,0.97,0.97,350.9468032,0.0019547122063655257,0.015
5068,2.14,2.14,807.91483723,0.0010644686300706867,0.015
5069,0.66,0.66,151.49197902,0.0009109393176636838,0.015
5070,0.6,0.6,116.69589602,0.011071511887432356,0.03
5071,0.79,0.79,64.44765313,0.00013964821933617393,0.03
5072,0.84,0.84,68.71222122,0.0001,0.03
5073,0.74,0.74,110.13683184,0.002587690196264503,0.03
5074,0.69,0.69,68.55869392,0.006461616677192384,0.03
5075,0.66,0.66,76.07907263,0.023317844693344286,0.03
5076,1.13,1.13,263.97724279,0.0012652605825787218,0.015
5077,0.57,0.57,48.99032467,0.0054092313489458674,0.015
5078,0.99,0.99,338.99412243,0.0019852851582669254,0.015
5079,0.64,0.64,61.32805356,0.0010761795975707767,0.03
5080,1.08,1.08,3.96692785,0.02772926661623046,0.03
5081,0.6,0.6,44.55885764,0.002154453796271063,0.03
5082,0.62,0.62,35.48709118,0.0037478416961646277,0.03
5083,0.44,0.44,27.80590961,0.00284112266449967,0.03
5084,0.72,0.72,118.59227877,0.00031199333028888694,0.03
5085,0.56,0.56,116.77059661,0.0010790387619652698,0.03
5086,0.57,0.57,48.90874579,0.0025762263571633562,0.03
5087,0.53,0.53,52.15427598,0.00680672856308339,0.03
5088,1.27,1.27,227.12616985,0.0009378047458849449,0.015
5089,1.22,1.22,50.76634604,0.008686857227276624,0.015
5090,1.42,1.42,80.65694685,0.00188452459380441,0.015
5091,1.28,1.28,100.33409277,0.0019036400761387963,0.015
5092,2.01,2.01,371.87525002,0.0009573102807483259,0.015
5093,0.98,0.98,241.20169575,0.00029435945621870675,0.015
5094,1.5,1.5,247.4522508,0.0008163191053908165,0.03
5095,1.52,1.52,370.65228617,0.0016673308733257174,0.015
5096,1.28,1.28,307.16274127,0.0023245006768981297,0.03
5097,1.95,1.95,336.76143552,0.004038467165636103,0.015
5098,0.87,0.87,84.52587291,0.007275878720055679,0.03
5099,1.22,1.22,91.12227194,0.0026557722371029807,0.015
5100,1.12,1.12,423.39041867,0.004695429826317095,0.015
5101,1.05,1.05,28.20323418,0.02148689742929335,0.015
5102,1.26,1.26,138.33653346,0.0005204698874489207,0.015
5103,1.05,1.05,4.5329188,0.05316662632474239,0.03
5104,0.6,0.6,142.01141069,0.0099428629934695,0.03
5105,0.64,0.64,143.1842639,0.00039110443057562873,0.03
5106,0.49,0.49,223.23037025,0.01223847811093258,0.03
5107,0.95,0.95,1443.49476158,0.0007454131657687811,0.015
5108,0.95,0.95,1498.69464997,0.0005337978620368157,0.015
5109,0.45,0.45,63.07828305,0.010003442856867674,0.03
5110,0.7,0.7,321.05802005,0.0028001169379291446,0.015
5111,0.4,0.4,308.26982697,0.003240667469207811,0.015
5112,0.5,0.5,116.77467259,0.001661319151637794,0.03
5113,0.35,0.35,94.77388252,0.0002637857533664319,0.03
5114,0.65,0.65,77.38057565,0.0011113900262126094,0.03
5115,1.11,1.11,216.97479866,0.0007742834699584468,0.015
5116,1.01,1.01,220.41484179,0.0010026548040288393,0.015
5117,1.03,1.03,72.59803457,0.008140716253552982,0.015
5118,1.2,1.2,420.68952426,0.004780247389181803,0.015
5119,0.75,0.75,391.66531413,0.0038476728615794726,0.015
5120,0.9,0.9,339.31222546,0.0018213313686596098,0.015
5121,0.6,0.6,246.31573019,0.000970299378832375,0.015
5122,0.9,0.9,257.58606158,0.0021429730965025926,0.015
5123,0.9,0.9,273.26726565,0.0018150728694862248,0.015
5124,1.2,1.2,794.00191912,0.0001,0.015
5125,1.04,1.04,57.12548462,0.001172856570857747,0.015
5126,0.9,0.9,39.86996256,0.004539758464222648,0.015
5127,0.75,0.75,108.91340288,0.0037001873905640656,0.015
5128,0.75,0.75,267.5385779,0.002160436093130627,0.015
5129,1.1,1.1,225.78349364,0.0001,0.015
5130,0.65,0.65,49.64550436,0.0019538526448762213,0.03
5131,0.9,0.9,56.59314189,0.0006361194801655151,0.015
5132,0.65,0.65,62.66523232,0.001515992145610859,0.03
5133,0.9,0.9,237.27683896,0.0013823515242264918,0.015
5134,1.2,1.2,25.03864162,0.005870925517084821,0.015
5135,0.6,0.6,20.29721108,0.004335571012842819,0.03
5136,1.25,1.25,188.33359958,0.0001,0.015
5137,1.3,1.3,79.98367596,0.003775770447847769,0.015
5138,1.45,1.45,59.06399028,0.0010327781734830656,0.015
5139,0.9,0.9,79.05213679,0.001163788908633748,0.015
5140,0.75,0.75,9.54025009,0.008175886299014185,0.015
5141,0.6,0.6,237.27437663,0.007345925947655076,0.03
5142,0.8,0.8,572.47795409,0.0006078836704780606,0.015
5143,0.7,0.7,320.96884927,0.00842137798153187,0.015
5144,0.93,0.93,427.836026,0.0002524331599882617,0.015
5145,0.45,0.45,229.29435591,0.002023599744348368,0.015
5146,0.62,0.62,252.16935013,0.0012650228897189409,0.015
5147,0.5,0.5,129.70050566,0.0031842589810917783,0.03
5148,0.71,0.71,218.13896024,0.004336685198092057,0.015
5149,0.74,0.74,70.64262028,0.003538940076247126,0.03
5150,0.45,0.45,293.24418385,0.000903683737289578,0.015
5151,0.45,0.45,144.73047739,0.00504385816425448,0.015
5152,0.9,0.9,170.50226067,0.004334253382307367,0.015
5153,0.8,0.8,334.01024484,0.002131671141827005,0.015
5154,0.85,0.85,150.23520056,0.004399767814308031,0.015
5155,1.25,1.25,368.40020618,0.0007763296415210493,0.015
5156,1.12,1.12,71.43154583,0.01580534183996113,0.015
5157,0.9,0.9,499.35842336,0.00104734390276412,0.015
5158,1.07,1.07,321.86463121,0.0012179033108618896,0.015
5159,0.95,0.95,319.94518188,0.0001719044483708727,0.015
5160,1.24,1.24,512.81730546,0.0007312545735242358,0.015
5161,1.11,1.11,276.25097081,0.003341164728918985,0.015
5162,0.63,0.63,62.38929023,0.00035262462385605894,0.03
5163,0.6,0.6,180.6594567,0.00015498773499853871,0.03
5164,0.66,0.66,55.47408567,0.0027580445563385246,0.03
5165,0.95,0.95,499.35842336,0.00013617473305537324,0.015
5166,0.67,0.67,565.88,0.0013554110412101505,0.03
5167,0.66,0.66,730.15,0.0001,0.03
5168,0.78,0.78,131.54,0.000456135015964726,0.03
5169,0.68,0.68,54.03,0.012122894688136217,0.03
5170,0.46,0.46,88.04,0.004804634257155839,0.03
5171,0.88,0.88,50.31,0.0035181872391174722,0.03
5172,0.54,0.54,295.9,0.0016627238932071648,0.03
5173,0.8,0.8,201.04,0.0001,0.03
5174,1.45,1.45,632.08,0.00016611821288444497,0.015
5175,1.22,1.22,82.93,0.002544314482093335,0.015
5176,0.69,0.69,35.68,0.0024103139013452873,0.03
5177,0.45,0.45,87.35,0.004064109902690326,0.03
5178,0.74,0.74,38.67,0.009645720196534787,0.03
5179,0.64,0.64,18.64,0.00021459227467811177,0.03
5180,0.6,0.6,19.18,0.0037539103232533924,0.03
5181,0.33,0.33,56.89,0.016734048163121816,0.03
5182,1.3,1.3,383.41,0.000573798283821497,0.015
5183,1.45,1.45,232.98,0.0011975276847798091,0.015
5184,1.57,1.57,160.84,0.0010569510072121358,0.015
5185,1.18,1.18,259.27,0.001461796582713002,0.015
5186,1.42,1.42,237.36,0.00040023592854735503,0.015
5187,1.04,1.04,29.89,0.00906657745065239,0.015
5188,1.45,1.45,238.28,0.0007008561356387454,0.015
5189,1.39,1.39,236.85,0.00033354443740764273,0.015
5190,1.44,1.44,153.23,0.002616981008940807,0.015
5191,1.53,1.53,42.26,0.0032181732134406037,0.015
5192,1.82,1.82,144.82,0.011635133268885513,0.015
5193,1.01,1.01,31.77,0.003903053194837887,0.03
5194,1.31,1.31,222.68,0.005802047781569967,0.03
5195,0.59,0.59,216.78,0.0014392471630224203,0.03
5196,0.52,0.52,57.27,0.0003666841278156086,0.03
5197,1.3,1.3,318.41219234,0.0015765727948757857,0.015
5198,1.07,1.07,376.29882771,0.0006404484474921887,0.015
5199,1.01,1.01,204.73509306,0.0017290636143958782,0.015
5200,0.95,0.95,92.4231205,0.00012983764165374627,0.015
5201,0.75,0.75,217.00779839,0.0013409656342258415,0.015
5202,0.55,0.55,291.56932923,0.005785930929207015,0.03
5203,0.65,0.65,102.4220324,0.011042545959086044,0.03
5204,0.85,0.85,307.12009556,0.0024387853833995462,0.03
5205,0.8,0.8,387.76216266,0.00026046894134062126,0.03
5206,0.8,0.8,10.36402123,0.0022192158323087407,0.03
5207,0.75,0.75,77.14395633,0.016462728390119113,0.015
5208,0.83,0.83,44.58646317,0.021934908724898533,0.015
5209,0.72,0.72,140.47936719,0.004641250975441557,0.015
5210,0.95,0.95,145.59089778,0.006834218451647493,0.015
5211,0.95,0.95,155.297831,0.00772708795913576,0.015
5212,1.04,1.04,8.62847921,0.00405633474314185,0.015
5213,0.75,0.75,143.40805143,0.0019733898981127793,0.015
5214,0.65,0.65,117.41995996,0.014103224022254215,0.015
5215,1.45,1.45,670.710187,0.002324401850780298,0.015
5216,0.95,0.95,155.297831,0.00772708795913576,0.015
5217,0.81,0.81,241.1224325,0.0022768516156206242,0.03
5218,0.45,0.45,298.86096933,0.0033794978389592436,0.03
5219,0.8,0.8,194.10609893,0.007130121143174941,0.03
5220,1.5,1.5,152.67430973,0.007316227608792739,0.015
5221,0.6,0.6,197.64841881,0.0007235069263947216,0.03
5222,0.8,0.8,65.06194642,0.0032584331036065034,0.03
5223,0.85,0.85,139.94725422,0.0008431748136658821,0.03
5224,0.95,0.95,90.92808541,0.0008908138737857145,0.03
5225,0.8,0.8,321.24149522,0.00014630737529039496,0.015
5226,0.3,0.3,95.48650677,0.0007540332392033956,0.03
5227,0.51,0.51,82.85647667,0.006263843465937714,0.03
5228,0.5,0.5,174.37439595,0.003096784921077744,0.03
5229,0.3,0.3,175.62397675,0.0030576690605543955,0.03
5230,0.5,0.5,90.63066551,0.0016109337736672745,0.03
5231,0.65,0.65,352.81332693,0.006615396363593369,0.03
5232,0.8,0.8,368.11052119,0.007223374087228436,0.03
5233,1.2,1.2,1081.65814042,0.0022289852125217916,0.015
5234,0.9,0.9,324.52193469,0.0005146031196921311,0.03
5235,0.95,0.95,990.43924631,0.0026856770972173696,0.03
5236,1.4,1.4,252.38592579,0.015805160242251714,0.03
5237,0.9,0.9,201.65638807,0.003337360182045834,0.015
5238,0.85,0.85,131.83115349,0.004225101466947654,0.03
5239,0.85,0.85,132.06572703,0.003263526500725614,0.03
5240,0.65,0.65,52.42033801,0.018256272972094097,0.03
5241,0.5,0.5,75.93305573,0.00015803394035226467,0.03
5242,0.65,0.65,75.1392944,0.014892341070479898,0.03
5243,0.75,0.75,42.95765132,0.021742343245035673,0.03
5244,0.6,0.6,125.62538597,0.017982034304272393,0.03
5245,0.5,0.5,150.2717776,0.0026352253651653074,0.03
5246,0.4,0.4,140.72749758,0.003624025217318156,0.03
5247,0.6,0.6,354.82867821,0.0039230199966423405,0.03
5248,0.3,0.3,119.19526995,0.006971753160579175,0.03
5249,0.4,0.4,121.88610639,0.006341986161463105,0.03
5250,0.45,0.45,218.00809712,0.002587059872778729,0.03
5251,0.35,0.35,216.54028327,0.006825519841761315,0.03
5252,0.45,0.45,92.13286711,0.0036686148016695543,0.03
5253,0.4,0.4,280.75137486,0.011390861403954731,0.03
5254,0.55,0.55,98.36162293,0.025253751676787218,0.03
5255,0.75,0.75,159.74405274,0.00048828108879241024,0.03
5256,0.7,0.7,88.75284356,0.02392036034952253,0.03
5257,0.5,0.5,161.25455745,0.003292930186885702,0.03
5258,0.78,0.78,182.1054688,0.002729187669513854,0.015
5259,1.03,1.03,493.32101364,0.0016277433512815807,0.015
5260,1.05,1.05,714.93795666,0.0018742885134538435,0.015
5261,0.9,0.9,686.97056527,0.0018210387216638895,0.015
5262,1.52,1.52,149.49937938,0.0018862954560045883,0.015
5263,0.73,0.73,26.58073612,0.009217201468534804,0.015
5264,0.73,0.73,26.99383001,0.01789297775903124,0.015
5265,0.41,0.41,77.71727999,0.006510778556134595,0.03
5266,0.6,0.6,66.51659874,0.002059636280193842,0.03
5267,0.65,0.65,101.28361002,0.004995872480257001,0.015
5268,0.8,0.8,226.94788295,0.00145407833600591,0.015
5269,0.8,0.8,60.20302562,0.003787185073373722,0.015
5270,0.7,0.7,49.03105304,0.0008565999993052528,0.015
5271,0.84,0.84,70.65370317,0.010388698214924719,0.015
5272,0.85,0.85,69.60380319,0.018001889876328184,0.015
5273,0.61,0.61,26.54725425,0.03435383529353134,0.015
5274,0.85,0.85,112.00597841,0.001437423272270843,0.015
5275,0.77,0.77,726.57778064,0.0030554196111592224,0.015
5276,0.95,0.95,78.39127922,0.003559069360470623,0.015
5277,0.86,0.86,62.96350303,0.004478785112474381,0.015
5278,0.86,0.86,140.18213752,0.013575196053266745,0.015
5279,1.15,1.15,42.69888635,0.0011475709131697279,0.015
5280,0.9,0.9,29.21334032,0.012460060917812902,0.015
5281,1.05,1.05,84.37174058,0.0021571203669483426,0.015
5282,0.8,0.8,88.61747548,0.005190849745023677,0.015
5283,1.45,1.45,208.89710745,0.0011488909680448533,0.015
5284,0.95,0.95,102.81388842,0.0001,0.015
5285,1.12,1.12,188.72556984,0.006220672699493276,0.015
5286,0.8,0.8,267.62636612,0.004024267173724908,0.015
5287,0.71,0.71,83.65992869,0.00320344523592732,0.015
5288,0.72,0.72,303.53255694,0.00022073414685873128,0.015
5289,0.9,0.9,107.82592879,0.002448390688237541,0.015
5290,0.7,0.7,110.05481985,0.0024351500494505583,0.015
5291,1.01,1.01,225.67096624,0.004657222936167458,0.015
5292,0.65,0.65,66.57425951,0.014675341598853937,0.015
5293,0.81,0.81,212.6221692,0.003720214138422963,0.015
5294,0.72,0.72,64.89426164,0.0048232307771118935,0.015
5295,1.01,1.01,81.85989568,0.0026630867067335114,0.015
5296,0.8,0.8,191.93677677,0.00106806003231811,0.015
5297,1.2,1.2,217.21416564,0.004866165136540033,0.015
5298,0.85,0.85,39.24120175,0.0036186455477245903,0.015
5299,0.54,0.54,16.89922558,0.020947705462844062,0.015
5300,0.45,0.45,26.04385374,0.004185248507696465,0.03
5301,0.75,0.75,13.73629296,0.007352784357039528,0.03
5302,0.6,0.6,225.0457083,0.0024706092117909545,0.015
5303,0.9,0.9,158.11694944,0.003301353851366083,0.015
5304,0.61,0.61,30.46872387,0.005710774128329121,0.015
5305,0.75,0.75,187.89599087,0.004896325864858513,0.015
5306,0.71,0.71,315.14419991,0.005280122561275793,0.015
5307,0.6,0.6,165.19468686,0.007718165906150139,0.015
5308,0.83,0.83,714.93795666,0.0005287172075265316,0.015
5309,1.48,1.48,158.04559548,0.0021196414805649756,0.03
5310,1.59,1.59,807.19120416,0.0008461440071200489,0.015
5311,0.82,0.82,98.53409242,0.0017658862605475444,0.03
5312,0.9,0.9,94.12683646,0.005173869836865864,0.03
5313,0.91,0.91,86.13447437,0.003807999089784192,0.03
5314,0.88,0.88,73.72828491,0.007025797502713125,0.03
5315,0.82,0.82,186.97889806,0.0011338177847853754,0.03
5316,0.85,0.85,88.19480497,0.0025171550645813503,0.03
5317,0.86,0.86,199.1833308,0.0024148607118282,0.015
5318,0.7,0.7,193.73386199,0.00375257062721191,0.03
5319,0.84,0.84,87.51225468,0.0006627643204038613,0.03
5320,0.87,0.87,55.59536976,0.004352880483477155,0.03
5321,0.6,0.6,46.51914877,0.004299304808624935,0.03
5322,0.89,0.89,372.52068577,0.0007784802591581465,0.03
5323,0.88,0.88,195.9165531,0.0034096149071132253,0.03
5324,0.93,0.93,200.05173503,0.004413858244556508,0.03
5325,0.9,0.9,94.46593499,0.002064236171701913,0.03
5326,0.86,0.86,85.15938723,0.003041355843724997,0.03
5327,0.91,0.91,84.64551096,0.004064007601803723,0.03
5328,0.72,0.72,149.69232783,0.0036073993091566953,0.03
5329,0.83,0.83,110.01741281,0.004381124657352322,0.03
5330,0.51,0.51,94.92848163,0.0016644109047886384,0.03
5331,0.61,0.61,90.32375839,0.00013285541051321625,0.03
5332,0.54,0.54,190.84371796,0.001089897022670642,0.03
5333,0.67,0.67,83.31115233,0.003024805118549004,0.03
5334,0.66,0.66,92.481602,0.0032222625209282173,0.03
5335,0.85,0.85,93.32032997,0.000675094055285194,0.03
5336,0.87,0.87,87.91529764,0.006847499993290136,0.03
5337,0.79,0.79,176.33677267,0.0037485091169101076,0.03
5338,0.73,0.73,142.38436482,0.003947062591531529,0.03
5339,0.68,0.68,59.71102704,0.006330489002421295,0.03
5340,0.89,0.89,71.40889891,0.00022406171001411977,0.03
5341,0.94,0.94,85.51724081,0.001648790333557068,0.03
5342,0.8,0.8,86.28854487,0.001355915784375192,0.03
5343,0.87,0.87,84.51962103,0.004365850148204341,0.03
5344,0.88,0.88,44.40158309,0.0036259968405554337,0.03
5345,0.95,0.95,34.6378829,0.009844712535823018,0.03
5346,0.7,0.7,21.2353315,0.004944589633554834,0.03
5347,0.92,0.92,52.55049958,0.005080827054622652,0.03
5348,1.07,1.07,1699.43333194,0.0005525371206695575,0.015
5349,0.73,0.73,104.05429789,0.0008553226709970737,0.03
5350,0.83,0.83,90.42453148,0.002587793336277953,0.03
5351,0.81,0.81,91.16903012,0.001140738251389875,0.03
5352,0.86,0.86,39.04057222,0.005148490110937213,0.03
5353,0.62,0.62,32.13578768,0.009055324951039131,0.03
5354,0.85,0.85,17.43419056,0.03154720594037145,0.03
5355,0.63,0.63,9.3767728,0.016956793492959567,0.03
5356,0.92,0.92,8.11935919,0.021553425080089332,0.03
5357,0.9,0.9,8.0133644,0.05915118498791846,0.03
5358,0.61,0.61,8.31137336,0.003970462951263679,0.03
5359,0.64,0.64,110.99451213,0.00483807703367397,0.03
5360,0.29,0.29,47.25147436,0.007132052588083512,0.03
5361,0.44,0.44,325.89546082,0.0070390670499919355,0.03
5362,1.01,1.01,41.73506014,0.0019408142633144988,0.015
5363,0.95,0.95,198.15789711,0.001821779526654973,0.015
5364,0.7,0.7,75.27632333,0.0036399227257530305,0.015
5365,0.95,0.95,840.61814975,0.0010956223111217688,0.015
5366,0.75,0.75,32.88917758,0.006871561304635091,0.015
5367,0.9,0.9,414.27715733,0.00011827830507431924,0.015
5368,1.05,1.05,88.31087715,0.003861358996817531,0.015
5369,1.15,1.15,104.42847201,0.0003351576378197755,0.015
5370,0.83,0.83,265.36221752,0.00027132724723546417,0.015
5371,0.9,0.9,176.95070021,0.0006103394893144156,0.015
5372,0.75,0.75,81.10565609,0.0004315358716926217,0.015
5373,0.9,0.9,327.94024102,0.0017686149104361602,0.015
5374,0.83,0.83,350.23013149,0.0003426318560584112,0.015
5375,0.9,0.9,93.24016295,0.003045897722768832,0.015
5376,0.95,0.95,95.74021974,0.006883209603964084,0.015
5377,0.9,0.9,161.49703485,0.0015851684226758434,0.015
5378,1.15,1.15,484.51048013,0.0001,0.015
5379,0.9,0.9,81.11182943,0.0007643767923334316,0.015
5380,0.9,0.9,178.86395604,0.0001,0.015
5381,0.75,0.75,432.05989383,0.002138592387757149,0.015
5382,0.9,0.9,746.28662464,0.0001,0.015
5383,0.85,0.85,116.46238617,0.003486104083488058,0.015
5384,0.65,0.65,173.61280925,0.000570234422377449,0.015
5385,0.8,0.8,282.89457796,0.0019265127098938618,0.015
5386,0.85,0.85,162.16427242,0.00021583052467532012,0.015
5387,0.95,0.95,270.00517641,0.0022777341093125165,0.015
5388,0.91,0.91,282.89457796,0.00039944208480368145,0.015
5389,1.05,1.05,71.68908676,0.024648103077607123,0.015
5390,0.5,0.5,60.13248089,0.00044900858238979165,0.015
5391,0.9,0.9,139.6257314,0.002170087110462219,0.015
5392,0.75,0.75,31.38146389,0.013670490373035298,0.015
5393,0.62,0.62,76.02977941,0.009114849541558074,0.015
5394,1.2,1.2,220.54536338,0.0001,0.015
5395,0.55,0.55,164.93662664,0.006099312326762646,0.015
5396,0.85,0.85,346.0162569,0.0005982377875956956,0.015
5397,0.95,0.95,153.49842284,0.005876281875157801,0.015
5398,1.35,1.35,267.60892963,0.0027241243444601276,0.015
5399,1.2,1.2,657.6307958,0.0019433396491800971,0.015
5400,0.92,0.92,432.55196457,0.0010842627901741998,0.015
5401,0.95,0.95,149.73555378,0.0031321886363013113,0.015
5402,0.9,0.9,275.5920563,0.0006966819094052375,0.015
5403,1.1,1.1,273.75970743,0.0010337532964830576,0.015
5404,1.1,1.1,567.92352449,0.001604089213980149,0.015
5405,1.03,1.03,395.83383366,0.0018366292574789206,0.015
5406,1.2,1.2,267.74936481,0.001060693459353421,0.015
5407,0.9,0.9,400.75306811,0.0014797141860863592,0.015
5408,1.11,1.11,396.54812692,0.0005976575954116477,0.015
5409,0.9,0.9,626.48704657,0.0016041832077811479,0.015
5410,1.05,1.05,570.67969933,0.00028211972528376295,0.015
5411,1.1,1.1,266.10437361,0.0006764263118193105,0.015
5412,0.93,0.93,182.3460123,0.0008500322987320946,0.015
5413,1.3,1.3,619.58832733,0.004651475621594488,0.015
5414,1.2,1.2,718.75443619,0.000491127403499859,0.015
5415,0.99,0.99,53.38571374,0.0036901258070545385,0.015
5416,1.03,1.03,870.266,0.0006917425246993447,0.015
5417,1.09,1.09,136.187,0.0021220821370615396,0.015
5418,0.82,0.82,274.476,0.002335359011352541,0.015
5419,1.17,1.17,115.79,0.0016322653078849646,0.015
5420,1.08,1.08,254.176,0.00160912123882664,0.015
5421,1.11,1.11,112.118,0.006600189086498155,0.015
5422,1.1,1.1,242.051,0.0012228827809015448,0.015
5423,1.54,1.54,336.891,0.0005580439964261442,0.015
5424,0.83,0.83,90.642,0.0021071909269433603,0.015
5425,1.05,1.05,704.914,0.00020853607674127658,0.015
5426,1.06,1.06,250.988,0.0024025052990581212,0.015
5427,2.26,2.26,243.886,0.0015007011472573256,0.015
5428,1.09,1.09,121.423,0.007313276726814523,0.015
5429,1.12,1.12,827.357,0.00027436765507513695,0.015
5430,1.08,1.08,98.0,0.0036326530612244886,0.015
5431,0.85,0.85,31.687,0.017231041120964435,0.015
5432,0.76,0.76,405.377,0.0007326513344368321,0.015
5433,1.24,1.24,120.01,0.0028914257145237895,0.015
5434,0.94,0.94,45.08,0.012244897959183675,0.015
5435,0.97,0.97,171.053,0.001619381127486803,0.015
5436,0.95,0.95,200.433,0.00043406025953809875,0.015
5437,1.23,1.23,139.628,0.00019337095711461982,0.015
5438,0.97,0.97,392.24,0.001802467876810117,0.015
5439,1.2,1.2,111.26,0.00013481934208161176,0.015
5440,1.2,1.2,35.046,0.0012840267077555319,0.015
5441,0.96,0.96,163.607,0.0064911648034619565,0.015
5442,0.6,0.6,116.045,0.002998836658192941,0.015
5443,0.84,0.84,220.291,0.0014253873285790153,0.015
5444,0.78,0.78,50.862,0.0011010184420588967,0.015
5445,0.9,0.9,78.852,0.0037158220463653444,0.015
5446,0.78,0.78,136.614,0.002086169792261409,0.015
5447,0.77,0.77,170.223,0.005610287681453153,0.015
5448,0.96,0.96,365.746,0.0013315251568028082,0.015
5449,0.88,0.88,312.098,0.0010413395792347282,0.015
5450,0.98,0.98,155.684,0.004855990339405464,0.015
5451,0.88,0.88,212.154,0.002380346352178134,0.015
5452,1.22,1.22,108.979,0.0030648106515934258,0.015
5453,0.94,0.94,257.498,0.00011650575926803326,0.015
5454,0.92,0.92,821.993,0.0014221532300153405,0.015
5455,0.8,0.8,169.762,0.0025624109046783134,0.015
5456,1.06,1.06,125.38,0.0014037326527356812,0.015
5457,0.77,0.77,484.33689386,0.0015113447050589296,0.015
5458,0.95,0.95,357.8393692,0.004043713812806486,0.015
5459,0.72,0.72,421.2526163,0.0002183962696969488,0.015
5460,0.75,0.75,618.74789355,0.0003878801083637241,0.015
5461,0.85,0.85,186.77737152,0.004497332804097489,0.015
5462,0.95,0.95,212.23027212,0.0014324063997246872,0.015
5463,0.9,0.9,560.25287604,0.0005515366599884062,0.015
5464,0.95,0.95,64.9321503,0.0021560967772231575,0.015
5465,0.95,0.95,257.91531332,0.0004885324503538474,0.015
5466,1.05,1.05,693.12091402,0.0019102006204386388,0.015
5467,0.65,0.65,185.72427674,0.00047920498904186365,0.015
5468,1.2,1.2,322.99624522,0.0007770988168269206,0.015
5469,1.8,1.8,864.45086055,0.0009879104052908795,0.015
5470,1.45,1.45,907.58922094,0.0007327103326670763,0.015
5471,1.07,1.07,387.33712888,0.0009397498273726557,0.015
5472,1.45,1.45,690.2543668,0.0018427989175888258,0.015
5473,1.2,1.2,387.92861581,0.0007011599271480927,0.015
5474,0.95,0.95,327.26377806,0.0016806015112957714,0.015
5475,1.05,1.05,417.02250359,0.0027432572346856744,0.015
5476,1.2,1.2,707.89728141,0.0009422270963824862,0.015
5477,0.8,0.8,384.56612465,0.0025171223827397506,0.015
5478,0.7,0.7,363.14383813,0.0023048718224439944,0.015
5479,0.65,0.65,1012.30059753,0.0007142147320312862,0.015
5480,0.85,0.85,139.77231554,0.002411064012912895,0.015
5481,0.95,0.95,336.49896683,0.001714715517362946,0.015
5482,0.9,0.9,508.56553919,0.0005662986927087156,0.015
5483,0.85,0.85,138.02562356,0.0008766488198287404,0.015
5484,0.75,0.75,254.90948063,0.002212550112322591,0.015
5485,0.98,0.98,299.00184165,0.0003344461005596622,0.015
5486,0.95,0.95,196.75262381,0.0030596796542918738,0.015
5487,0.75,0.75,259.70289627,0.005471637091496499,0.015
5488,0.85,0.85,222.9104898,0.0005114160401436617,0.015
5489,0.9,0.9,277.42763241,0.0016580900611954292,0.015
5490,0.95,0.95,394.3815925,0.001731825249932272,0.015
5491,0.95,0.95,117.16746985,0.0004096700224170629,0.015
5492,0.85,0.85,326.70314556,0.003220048580177497,0.015
5493,1.05,1.05,264.66714129,0.003978582285914408,0.015
5494,0.95,0.95,372.39113974,0.0016112091185061879,0.015
5495,0.9,0.9,70.9484884,0.014151111921364064,0.015
5496,0.8,0.8,186.66528129,0.00488039336348084,0.015
5497,1.05,1.05,76.07669843,0.0013144629310118138,0.015
5498,0.6,0.6,163.79870275,0.005561704608799167,0.015
5499,0.85,0.85,71.73329683,0.014400564948912023,0.015
5500,0.75,0.75,77.31384565,0.00162972102785318,0.015
5501,1.15,1.15,107.85159186,0.005238680210983025,0.015
5502,1.1,1.1,188.07961961,0.0020789067992096825,0.015
5503,0.95,0.95,138.81729644,0.004660802483497782,0.015
5504,1.05,1.05,207.16053695,0.00012067935509374491,0.015
5505,0.85,0.85,162.68841505,0.0011801700812008736,0.015
5506,1.2,1.2,815.74035734,0.00013975034945155334,0.015
5507,0.85,0.85,179.82650665,0.0015959827355073626,0.015
5508,0.95,0.95,178.06962985,0.002560796023354007,0.015
5509,1.05,1.05,120.1300525,0.0036876700773938315,0.015
5510,0.95,0.95,364.72716968,0.0030543378519823135,0.015
5511,1.5,1.5,149.5817058,0.01712776295936585,0.015
5512,1.5,1.5,165.24700339,0.0026142682840694866,0.03
5513,0.6,0.6,328.57333657,0.002066509739007213,0.015
5514,0.95,0.95,81.38351334,0.0010690125853443494,0.015
5515,0.95,0.95,73.2246275,0.011184761574922316,0.015
5516,1.2,1.2,672.0797444,0.0009314370879587547,0.015
5517,1.5,1.5,848.67894486,0.0007423301871874836,0.015
5518,0.9,0.9,739.68565319,0.00017845418446434816,0.015
5519,0.95,0.95,675.56134699,0.0002768068375036388,0.015
5520,0.75,0.75,1058.08920282,0.0012163435715721424,0.015
5521,0.85,0.85,142.05698516,0.003526753713910792,0.015
5522,0.95,0.95,446.92562678,0.000906191043279248,0.015
5523,0.95,0.95,230.47567926,0.00431281948356324,0.015
5524,0.65,0.65,87.60512805,0.00373265820481841,0.015
5525,0.9,0.9,404.27240938,0.0010413770275484637,0.015
5526,1.35,1.35,300.34554824,0.0001,0.015
5527,0.95,0.95,225.88189052,0.002262244214547845,0.015
5528,0.95,0.95,287.79424524,0.0001,0.015
5529,1.05,1.05,360.6923271,0.0003853699941930376,0.015
5530,0.75,0.75,222.49171768,0.002800104230828193,0.015
5531,0.7,0.7,95.69007458,0.008663385451820596,0.015
5532,1.05,1.05,108.00791281,0.008073482556171246,0.015
5533,0.95,0.95,194.95125002,0.0023903411747921255,0.015
5534,0.75,0.75,1220.10527099,0.0001,0.03
5535,1.25,1.25,1347.8131101,0.0001,0.03
5536,0.75,0.75,7.37005222,0.009769265922514734,0.015
5537,1.15,1.15,226.15904467,0.0017730884943607673,0.015
5538,1.35,1.35,1094.63833476,0.00034806016553726366,0.015
5539,0.95,0.95,148.59670818,0.003553241565488894,0.015
5540,1.05,1.05,318.4629718,0.0006091760021690518,0.015
5541,0.95,0.95,190.12297278,0.003266307016557053,0.015
5542,1.5,1.5,216.74103369,0.0004752215039599694,0.015
5543,1.2,1.2,192.78324957,0.0028840679947046708,0.015
5544,1.15,1.15,364.21648323,0.0027264004945457897,0.015
5545,1.15,1.15,582.21920928,0.0001,0.015
5546,1.5,1.5,330.85698928,0.0003052678446352088,0.015
5547,1.12,1.12,118.92890309,0.000832430110997333,0.015
5548,1.5,1.5,1223.29837298,0.0002705799397032403,0.015
5549,1.05,1.05,331.53006844,0.0004765781901577177,0.015
5550,1.2,1.2,854.71170088,0.000264416644544954,0.015
5551,1.2,1.2,666.05109843,0.0011875965700897829,0.015
5552,0.75,0.75,378.82830644,0.0025684458723363814,0.015
5553,1.2,1.2,745.14566526,0.0009112312285452002,0.015
5554,0.75,0.75,162.66634611,0.0017151673143953913,0.015
5555,0.76,0.76,144.28487635,0.004248539524773277,0.015
5556,0.85,0.85,120.8506227,0.00124947639181672,0.015
5557,0.85,0.85,368.56981123,0.001087989270368544,0.015
5558,1.2,1.2,446.7326065,0.0013498007336520661,0.015
5559,1.2,1.2,80.56063975,0.012810225976389419,0.015
5560,0.9,0.9,117.80375425,0.0022664812484106374,0.015
5561,0.8,0.8,148.69164038,0.0009348205430027433,0.015
5562,1.2,1.2,29.13425553,0.015617354613076657,0.015
5563,0.8,0.8,252.90247955,0.0020521744228189404,0.015
5564,0.77,0.77,250.1391943,0.0030303127909291415,0.015
5565,1.2,1.2,441.78712849,0.0012675788041042392,0.015
5566,1.2,1.2,550.51252074,0.0008900796649299471,0.015
5567,0.85,0.85,41.84992011,0.0037515005903795027,0.015
5568,0.8,0.8,80.27778574,0.0025536329647151035,0.015
5569,1.2,1.2,226.63017211,0.0023871490497629484,0.015
5570,0.95,0.95,154.25649632,0.0006871671698033812,0.015
5571,1.05,1.05,178.06848809,0.0006682821945444643,0.015
5572,1.15,1.15,297.47491032,0.001109337253501521,0.015
5573,1.1,1.1,111.42885707,0.007287160806916462,0.015
5574,0.85,0.85,224.79681805,0.00151247692449266,0.015
5575,0.8,0.8,134.41657336,0.007573470849264627,0.015
5576,0.75,0.75,322.18355381,0.0013998231587760265,0.015
5577,0.9,0.9,60.6680081,0.0016318320495510086,0.015
5578,0.9,0.9,97.68323718,0.00567139271786365,0.015
5579,0.7,0.7,167.57987968,0.0009010628262076563,0.015
5580,0.85,0.85,36.37021993,0.0030519474507890274,0.015
5581,1.1,1.1,140.06094372,0.0001,0.015
5582,0.75,0.75,329.43628664,0.0003885425048512504,0.015
5583,1.05,1.05,377.67421865,0.0005322047152661807,0.015
5584,0.9,0.9,1294.45312253,0.0007632566856256333,0.015
5585,0.38,0.38,424.11950135,0.0015844590919799253,0.015
5586,1.01,1.01,304.7269944,0.006169456708952464,0.015
5587,0.99,0.99,289.1061183,0.004472406214033417,0.015
5588,1.2,1.2,120.62318429,0.009343145819219035,0.015
5589,0.93,0.93,171.93282849,0.0019135379955616512,0.015
5590,0.69,0.69,112.00509269,0.0068925437358164495,0.015
5591,0.77,0.77,1113.57062932,0.0004786404974828363,0.015
5592,0.76,0.76,417.67905036,0.000363915786221479,0.015
5593,0.96,0.96,260.67096088,0.0028771904529299023,0.015
5594,1.22,1.22,106.56235018,0.003941354514897205,0.015
5595,0.66,0.66,301.51,0.0007031275911246717,0.015
5596,1.2,1.2,276.83,0.0038760249972907544,0.015
5597,0.7,0.7,122.94,0.0033918984870668642,0.015
5598,1.1,1.1,176.54,0.0038348249688455877,0.015
5599,0.96,0.96,67.64,0.00263157894736842,0.015
5600,0.85,0.85,404.23,0.0021571877396531687,0.015
5601,0.79,0.79,362.67,0.0022224060440620952,0.015
5602,0.85,0.85,247.42,0.004728801228679977,0.015
5603,1.43,1.43,373.07,0.0001,0.015
5604,1.02,1.02,378.12,0.0016820057124722302,0.015
5605,0.77,0.77,361.56,0.003075561455913265,0.015
5606,0.89,0.89,449.44,0.000562922748309007,0.015
5607,1.02,1.02,375.34,0.0008339105877337873,0.015
5608,0.96,0.96,88.98,0.005877725331535173,0.015
5609,0.87,0.87,349.94,0.0001743155969594786,0.015
5610,1.04,1.04,364.49,0.002200334714258279,0.015
5611,1.17,1.17,206.48,0.002968810538550949,0.015
5612,0.77,0.77,244.09,0.0011061493711335983,0.015
5613,1.09,1.09,283.8,0.0016666666666666661,0.015
5614,0.88,0.88,296.39,0.001477782651236547,0.015
5615,0.5,0.5,178.71,0.002227071792289184,0.015
5616,0.95,0.95,91.3,0.014928806133625407,0.015
5617,0.93,0.93,218.03,0.0013667843874696165,0.015
5618,1.02,1.02,131.76,0.001077717061323618,0.015
5619,1.0,1.0,123.76,0.0020361990950226263,0.015
5620,0.9,0.9,137.34,0.0040556283675549695,0.015
5621,0.75,0.75,46.84,0.024679760888129794,0.015
5622,0.74,0.74,57.61,0.014407220968581836,0.015
5623,0.56,0.56,39.99,0.022705676419104773,0.015
5624,0.9,0.9,192.07,0.0003019732389233083,0.015
5625,1.01,1.01,754.97,0.0007602951110640155,0.015
5626,1.3,1.3,384.74,0.001990954930602485,0.015
5627,0.73,0.73,203.87,0.00040712218570657864,0.015
5628,1.12,1.12,362.89,0.0017112623660062278,0.015
5629,0.62,0.62,139.52,0.0008242545871559648,0.015
5630,0.77,0.77,66.93,0.005797101449275361,0.03
5631,0.66,0.66,70.89,0.0016504443504020312,0.03
5632,0.57,0.57,63.68,0.008432788944723617,0.03
5633,0.51,0.51,64.46,0.0031492398386596316,0.015
5634,0.76,0.76,140.4,0.0014387464387464383,0.03
5635,0.57,0.57,135.82,0.0010234133411868634,0.03
5636,0.55,0.55,133.78,0.0008371953954253259,0.03
5637,2.62,2.62,541.09,0.0016374355467667114,0.015
5638,0.87,0.87,625.63,0.0015824049358246887,0.015
5639,0.89,0.89,108.54,0.0004053805048829928,0.015
5640,1.3,1.3,113.88,0.0003600280997541265,0.015
5641,1.06,1.06,119.97,0.002500625156289071,0.015
5642,0.95,0.95,66.9,0.0074887892376681595,0.015
5643,1.15,1.15,160.0,0.002587500000000001,0.015
5644,0.96,0.96,118.0,0.008898305084745761,0.015
5645,1.3,1.3,296.66,0.0010685633385019886,0.015
5646,1.4,1.4,302.73,0.0037591252931655265,0.015
5647,1.24,1.24,329.68,0.0001,0.015
5648,0.76,0.76,334.82,0.001980168448718714,0.015
5649,1.15,1.15,224.84,0.0001,0.015
5650,0.66,0.66,463.83,0.00014444947502317696,0.015
5651,1.02,1.02,815.99,0.00040441672079314706,0.015
5652,0.62,0.62,246.96,0.0030976676384839655,0.015
5653,0.92,0.92,94.67,0.005302630189077847,0.015
5654,0.89,0.89,197.89,0.0019505786042751032,0.015
5655,0.89,0.89,155.6,0.006349614395886889,0.015
5656,1.13,1.13,378.54,0.0037855972948697626,0.015
5657,0.87,0.87,165.02,0.0053023875893831035,0.03
5658,0.9,0.9,234.99,0.0004212945231711996,0.015
5659,1.05,1.05,433.11873405,0.00469848067057999,0.015
5660,1.05,1.05,107.99752447,0.002222273160221079,0.015
5661,0.75,0.75,287.93144531,0.005358914509454625,0.015
5662,0.85,0.85,148.33846115,0.004638041912166622,0.015
5663,1.05,1.05,61.93922804,0.005085630059783353,0.015
5664,1.15,1.15,256.02135755,0.006952544963567629,0.015
5665,0.95,0.95,163.7501144,0.0025587768383262856,0.015
5666,0.9,0.9,528.98162373,0.00021928928113239753,0.015
5667,0.85,0.85,247.84042084,0.0002824398044626886,0.015
5668,1.25,1.25,203.91274098,0.0008925386374844078,0.015
5669,1.35,1.35,259.58702466,0.0009977386209469878,0.015
5670,0.85,0.85,251.92235219,0.0025166484612760233,0.015
5671,1.11,1.11,225.24467839,0.0019445520450504258,0.015
5672,0.95,0.95,65.50164953,0.0002442686575804775,0.015
5673,1.15,1.15,317.36211805,0.0004096267090690344,0.015
5674,0.95,0.95,109.05692671,0.0038236910995013682,0.015
5675,0.75,0.75,103.32560107,0.005816564276193665,0.015
5676,0.75,0.75,94.9323269,0.004655948236322017,0.015
5677,0.8,0.8,155.49315624,0.0014791647784485155,0.015
5678,0.95,0.95,111.34232782,0.0029368884807998616,0.015
5679,0.69,0.69,133.71851598,0.005272269100753746,0.015
5680,1.09,1.09,392.64890832,0.0007742285628672797,0.015
5681,0.65,0.65,273.38795891,0.005014851442127109,0.015
5682,1.05,1.05,377.27267806,0.006324338174365598,0.015
5683,1.05,1.05,384.49578892,0.0007542345283275354,0.015
5684,0.85,0.85,245.28604216,0.03514264376436543,0.015
5685,0.9,0.9,120.28166429,0.013368621140152333,0.015
5686,1.15,1.15,329.82598856,0.0012885582541737348,0.015
5687,0.95,0.95,259.14244479,0.00016979078836605135,0.015
5688,1.25,1.25,417.66459767,0.0018148533637483482,0.015
5689,0.87,0.87,1278.6,0.0005529485374628499,0.015
5690,1.14,1.14,1197.37,0.00044263677894051115,0.015
5691,0.8,0.8,266.21,0.0030877878366702967,0.015
5692,0.76,0.76,145.04,0.004529784886927744,0.03
5693,1.11,1.11,344.73,0.004696429089432311,0.03
5694,1.44,1.44,87.14,0.0015033279779664882,0.015
5695,1.36,1.36,254.0,0.0020393700787401567,0.015
5696,1.25,1.25,333.4,0.0026754649070185963,0.015
5697,0.96,0.96,473.3,0.006049017536446227,0.015
5698,0.79,0.79,255.14,0.002567217997961904,0.015
5699,0.71,0.71,156.06,0.009118287838011021,0.015
5700,1.4,1.4,222.86,0.007699901283316881,0.03
5701,1.16,1.16,172.04,0.0006393861892583126,0.015
5702,0.82,0.82,172.49,0.0009913618180764118,0.015
5703,0.71,0.71,68.34,0.015364354697102721,0.015
5704,0.99,0.99,345.74,0.0036038641753919137,0.015
5705,0.2,0.2,79.49,0.0008177129198641333,0.03
5706,1.24,1.24,65.67,0.0009136592051164923,0.015
5707,0.98,0.98,56.08,0.012428673323823112,0.015
5708,0.74,0.74,114.06,0.0057162896721024035,0.015
5709,1.0,1.0,72.15,0.004961884961884963,0.015
5710,0.88,0.88,108.06,0.003535073107532853,0.015
5711,1.2,1.2,186.37,0.001464828030262382,0.015
5712,0.87,0.87,694.48,0.0006839649809929733,0.015
5713,0.88,0.88,571.94,0.000479071231248033,0.015
5714,1.04,1.04,555.09,0.00010628907024086213,0.015
5715,1.1,1.1,92.27,0.005613959033271917,0.015
5716,1.24,1.24,697.21,0.0022159751007587384,0.015
5717,1.04,1.04,216.12,0.00423375902276513,0.015
5718,0.89,0.89,329.36,0.0024653874180228315,0.015
5719,0.86,0.86,401.19,0.002345522071836288,0.015
5720,1.04,1.04,203.22,0.0006889085719909464,0.015
5721,0.98,0.98,44.98,0.0017785682525566936,0.015
5722,1.1,1.1,158.73,0.0006678006678006699,0.015
5723,1.35,1.35,116.77,0.010088207587565299,0.015
5724,1.05,1.05,154.31,0.0007646944462445718,0.015
5725,1.32,1.32,91.87,0.001741591379122675,0.015
5726,1.39,1.39,106.22,0.0037469403125588415,0.015
5727,0.64,0.64,105.05,0.0027891480247501203,0.015
5728,0.51,0.51,146.82,0.0002043318348998791,0.015
5729,1.78,1.78,361.61,0.0015099139957412677,0.015
5730,0.98,0.98,507.43,0.002914687740180912,0.015
5731,1.04,1.04,40.2,0.0007462686567164241,0.015
5732,0.98,0.98,106.91,0.0032270133757365984,0.015
5733,1.05,1.05,644.07604872,0.0011365117542481745,0.015
5734,1.45,1.45,389.67441734,0.0017578777808303528,0.015
5735,0.95,0.95,249.56375323,0.0017831115065411129,0.015
5736,0.75,0.75,169.31452212,0.0011871397531839785,0.015
5737,1.35,1.35,237.26631637,0.005858395836652994,0.015
5738,0.95,0.95,275.80096925,0.00039158673116229485,0.015
5739,0.85,0.85,136.93689958,0.0001460526714226928,0.015
5740,0.85,0.85,319.82006675,0.0020511533458993005,0.015
5741,1.05,1.05,191.10035796,0.0001,0.015
5742,0.95,0.95,132.48714596,0.013261663894023853,0.015
5743,0.95,0.95,316.01706852,0.004319386944485919,0.015
5744,0.62,0.62,207.54,0.0025585429314830903,0.03
5745,0.96,0.96,99.97,0.00591177353205962,0.015
5746,0.99,0.99,215.67,0.0008856122780173447,0.015
5747,0.88,0.88,105.79,0.005350222138198316,0.015
5748,1.14,1.14,25.25,0.00047524752475247567,0.015
5749,0.83,0.83,252.59,0.0017181994536600823,0.03
5750,0.97,0.97,151.82,0.0023251218548280845,0.03
5751,1.02,1.02,355.4,0.0013562183455261684,0.015
5752,1.5,1.5,267.76,0.009941738870630415,0.015
5753,1.3,1.3,120.82,0.00907134580367489,0.015
5754,1.47,1.47,125.14,0.0001,0.015
5755,0.82,0.82,190.87,0.004573793681563369,0.015
5756,1.11,1.11,426.59,0.00042195081928784014,0.015
5757,0.73,0.73,182.32,0.002243308468626591,0.015
5758,0.9,0.9,152.25,0.002489326765188834,0.015
5759,0.82,0.82,261.23,0.002354247215097807,0.015
5760,1.09,1.09,505.93,0.0005692487102958913,0.015
5761,1.04,1.04,183.72,0.0007402569126932295,0.015
5762,0.68,0.68,172.08,0.0021908414690841507,0.015
5763,1.25,1.25,288.77446198,0.0028880670204755195,0.015
5764,1.25,1.25,295.77608005,0.00013523744040842709,0.015
5765,1.05,1.05,130.19013571,0.005422837883606044,0.015
5766,1.05,1.05,173.60305798,0.0015207105397326251,0.015
5767,0.95,0.95,345.1214448,0.0036016307265992293,0.015
5768,1.05,1.05,131.51587186,0.0046230161531166545,0.015
5769,1.05,1.05,107.78912963,0.002421394447621166,0.015
5770,0.85,0.85,59.25466432,0.0029364776933057464,0.015
5771,0.95,0.95,580.51511207,0.0009818865833957262,0.015
5772,1.05,1.05,102.14827596,0.002623637036272112,0.015
5773,1.35,1.35,452.69005735,0.0008438444666449887,0.015
5774,1.05,1.05,256.00495544,0.0057264516520016615,0.015
5775,1.2,1.2,419.78964605,0.000476429092241541,0.015
5776,1.45,1.45,648.31342015,0.0018802634067299746,0.015
5777,0.8,0.8,769.51484344,0.0013086167324575034,0.015
5778,0.9,0.9,816.49469081,0.0008511996560694456,0.015
5779,0.75,0.75,92.95403521,0.0007530603684052834,0.015
5780,0.9,0.9,311.39503817,0.0001,0.015
5781,0.85,0.85,180.68320637,0.0002213819469092701,0.015
5782,1.05,1.05,208.65169714,0.001907485083780326,0.015
5783,0.9,0.9,198.3035514,0.0006656461725879112,0.015
5784,1.7,1.7,874.79707219,0.0001,0.015
5785,1.2,1.2,380.42223108,0.0039009287017401618,0.015
5786,1.56,1.56,1040.04944738,0.0005595887786548253,0.015
5787,1.25,1.25,378.79795857,0.001166848949420409,0.015
5788,1.4,1.4,727.04248203,0.0002695853472726129,0.015
5789,1.3,1.3,809.83492929,0.0002099193228786052,0.015
5790,1.2,1.2,322.44989701,0.0005210111758689438,0.015
5791,1.15,1.15,440.50232463,0.0003586814215627853,0.015
5792,1.05,1.05,46.92666614,0.004986503820703764,0.015
5793,1.45,1.45,98.10060496,0.001712527665537853,0.015
5794,1.75,1.75,433.43979618,0.0010220565898753553,0.015
5795,1.05,1.05,465.72905873,0.0015094613205304725,0.015
5796,1.6,1.6,233.00874288,0.0006695027751827341,0.015
5797,1.45,1.45,75.00990311,0.003332893253219932,0.015
5798,1.45,1.45,170.52714181,0.0009617237365224091,0.015
5799,1.2,1.2,585.05554085,0.0027689678789237296,0.015
5800,1.15,1.15,418.1467691,0.0011885778791731908,0.015
5801,1.15,1.15,480.59496337,0.0018747595557016667,0.015
5802,0.95,0.95,256.45109828,0.0021290608761747737,0.015
5803,1.15,1.15,194.39163664,0.004969349590841533,0.015
5804,1.05,1.05,115.36258883,0.005192324531505574,0.015
5805,0.95,0.95,592.9515368,0.0009359955503196534,0.015
5806,0.5,0.5,226.0394524,0.002229699261118897,0.015
5807,0.65,0.65,339.92530118,0.0034507581398857496,0.015
5808,1.45,1.45,686.23784686,0.0006572065386128558,0.015
5809,1.2,1.2,105.19417832,0.00037074295006480257,0.015
5810,1.65,1.65,706.87510058,0.00011034481188543787,0.015
5811,1.45,1.45,100.89432267,0.002081385695871681,0.015
5812,1.95,1.95,295.42263944,0.00013201425616509327,0.015
5813,0.95,0.95,164.93977531,0.004110591267180499,0.015
5814,1.2,1.2,121.39554464,0.0013756682792209582,0.015
5815,1.2,1.2,1067.20204438,0.0009492110751985214,0.015
5816,0.9,0.9,445.8864141,0.00019511695635671125,0.015
5817,0.6,0.6,82.73560664,0.004024869261537573,0.03
5818,0.75,0.75,104.78616053,0.0023667247539716683,0.03
5819,0.6,0.6,135.17270574,0.0025744842355184187,0.015
5820,0.73,0.73,36.63818631,0.006823481869018313,0.03
5821,0.6,0.6,229.46722532,0.0017518841718654895,0.015
5822,0.6,0.6,104.99062396,0.002390689668590099,0.03
5823,0.7,0.7,243.11696794,0.00018920933569454765,0.015
5824,0.4,0.4,129.08408475,0.013688751819577046,0.03
5825,0.6,0.6,49.5182999,0.031200586512866123,0.03
5826,0.6,0.6,49.92416402,0.0053901753846533436,0.03
5827,0.64,0.64,52.94594951,0.009311382732061236,0.03
5828,0.47,0.47,145.71646157,0.0027450570490818987,0.03
5829,0.46,0.46,127.19750206,0.010825684291743866,0.03
5830,0.7,0.7,55.65618672,0.0001,0.03
5831,1.5,1.5,1176.80793281,0.0001,0.03
5832,1.03,1.03,367.45461098,0.0007021275343692518,0.015
5833,0.8,0.8,265.84867604,0.00027083076384840305,0.015
5834,0.41,0.41,208.57531133,0.0003979377974830419,0.03
5835,0.6,0.6,298.20119358,0.002310520597615108,0.03
5836,0.72,0.72,130.12360404,0.0009068300933605167,0.015
5837,0.4,0.4,117.25203934,0.00043496045175055235,0.03
5838,0.35,0.35,63.89644723,0.0020658425581136946,0.03
5839,0.4,0.4,67.94871096,0.001515849212513155,0.03
5840,0.8,0.8,24.85186912,0.004788372231697968,0.03
5841,0.9,0.9,90.12732289,0.001264877246372186,0.015
5842,0.85,0.85,79.12675126,0.005118370128317587,0.015
5843,0.6,0.6,40.6933376,0.0029980337616740513,0.03
5844,0.75,0.75,612.51409699,0.0009485495972339808,0.015
5845,0.85,0.85,209.78307345,0.0006721228633043465,0.015
5846,0.77,0.77,313.39980411,0.00016592224793397957,0.015
5847,0.95,0.95,279.12041696,0.0031527611257692783,0.015
5848,0.52,0.52,83.49080354,0.0071385107668110945,0.03
5849,0.66,0.66,91.58370447,0.0019326582280582436,0.03
5850,0.42,0.42,75.24475578,0.007987267601176075,0.015
5851,0.66,0.66,123.86541778,0.0006700821059467787,0.015
5852,0.95,0.95,69.48349731,0.0001,0.015
5853,0.7,0.7,72.15477425,0.007012702974398121,0.015
5854,0.58,0.58,59.55219311,0.0004197998208701052,0.015
5855,0.6,0.6,162.86152077,0.0014859249677630268,0.015
5856,0.55,0.55,100.21834079,0.0010876252703923832,0.03
5857,0.65,0.65,165.11161562,0.0009084763627122464,0.03
5858,1.07,1.07,99.97189789,0.0007302052030693919,0.015
5859,0.9,0.9,45.07022917,0.006944717294855508,0.015
5860,0.6,0.6,82.80730943,0.008248064146769124,0.015
5861,0.75,0.75,41.65778457,0.002856608944242759,0.03
5862,0.6,0.6,137.74294385,0.0026861630052202466,0.015
5863,0.51,0.51,166.15711651,0.0011916432119119212,0.015
5864,0.75,0.75,49.16850874,0.001627057684890035,0.015
5865,0.56,0.56,94.616759,0.0015959117771091695,0.03
5866,0.48,0.48,76.33281976,0.004401776340195824,0.03
5867,0.49,0.49,76.69421895,0.0012778016562616068,0.03
5868,0.4,0.4,228.73099204,0.0010929869965163293,0.03
5869,0.45,0.45,121.78517286,0.0018557267251227841,0.03
5870,0.53,0.53,122.22889812,0.00674144995720264,0.015
5871,0.65,0.65,70.18264156,0.004573780536966158,0.03
5872,0.8,0.8,124.23527776,0.003324337558916567,0.015
5873,0.4,0.4,70.46509979,0.003150495786731365,0.03
5874,0.8,0.8,142.99561531,0.0001818237569287328,0.015
5875,0.3,0.3,23.72906226,0.0053099443467008855,0.03
5876,0.9,0.9,69.80354858,0.0013036586513321383,0.015
5877,0.62,0.62,288.48315597,0.001452424487631343,0.015
5878,0.84,0.84,180.77257257,0.0033356830155553724,0.015
5879,0.91,0.91,102.0355773,0.006968157762361188,0.015
5880,0.31,0.31,160.60429076,0.0029638062454465396,0.03
5881,0.56,0.56,110.6217467,0.00768384178840669,0.03
5882,0.4,0.4,145.36674584,0.0016991506453055258,0.03
5883,0.82,0.82,41.10570962,0.0023597695039621596,0.03
5884,0.95,0.95,21.44168238,0.00032646691971005196,0.03
5885,0.35,0.35,48.75520941,0.009147740423990929,0.03
5886,0.45,0.45,56.37424299,0.004345956362437712,0.03
5887,1.2,1.2,1170.72881573,0.0003023757468370381,0.03
5888,0.45,0.45,241.14114877,0.0008667123013473892,0.015
5889,0.65,0.65,104.20464117,0.0009500536529701288,0.03
5890,0.56,0.56,139.07092217,0.0011936355739202054,0.03
5891,0.9,0.9,159.77824642,0.0007009715183980168,0.015
5892,0.82,0.82,242.90352138,0.0008274890329216518,0.03
5893,0.9,0.9,327.85515162,0.000561223452158119,0.015
5894,0.81,0.81,131.45820994,0.002198417277489972,0.03
5895,0.51,0.51,509.77125137,0.0014300531817767817,0.015
5896,0.7,0.7,283.41214573,0.0022828943986627215,0.03
5897,0.5,0.5,242.87092912,0.0003540975460159267,0.03
5898,1.38,1.38,104.77,0.0001,0.015
5899,0.83,0.83,66.84,0.002139437462597244,0.015
5900,0.97,0.97,63.9,0.005978090766823163,0.015
5901,1.2,1.2,544.87,0.0004202837374052528,0.015
5902,1.31,1.31,1423.82,0.0006714331867792278,0.015
5903,1.14,1.14,346.41,0.004846857769694869,0.015
5904,1.59,1.59,223.98,0.0025046879185641594,0.015
5905,1.04,1.04,111.61,0.0029567243078577193,0.015
5906,1.31,1.31,234.78,0.006171735241502683,0.015
5907,1.0,1.0,301.31,0.001062029139424514,0.015
5908,1.25,1.25,485.85,0.0005269115982299058,0.015
5909,1.1,1.1,297.48,0.003206938281565146,0.015
5910,0.93,0.93,640.92,0.0010438120202209322,0.015
5911,0.87,0.87,477.97,0.002157039144716195,0.015
5912,1.1,1.1,476.73,0.0006397751347723028,0.015
5913,1.43,1.43,946.81,0.0001,0.015
5914,1.17,1.17,341.84,0.0009478118417973317,0.015
5915,1.29,1.29,521.11,0.0037439312237339526,0.015
5916,0.91,0.91,30.4,0.01286184210526316,0.015
5917,0.61,0.61,81.85,0.0001588271227855822,0.015
5918,1.09,1.09,74.81,0.005747894666488439,0.015
5919,0.73,0.73,64.68,0.008225108225108226,0.015
5920,1.26,1.26,15.22,0.00459921156373195,0.015
5921,1.33,1.33,827.22,0.0005536616619520807,0.015
5922,1.66,1.66,368.81,0.0041322089965022644,0.015
5923,0.51,0.51,298.09,0.0012143983360729984,0.015
5924,0.99,0.99,1605.53,0.0005705281122121669,0.015
5925,0.65,0.65,212.17,0.005283499080925673,0.015
5926,0.78,0.78,165.17,0.0009444814433613862,0.015
5927,0.81,0.81,391.77,0.0003267223115603546,0.015
5928,1.1,1.1,231.7,0.007837721191195511,0.015
5929,1.2,1.2,690.58,0.002285035767036404,0.015
5930,0.73,0.73,56.76,0.008738548273431995,0.015
5931,0.72,0.72,314.01,0.0030763351485621477,0.015
5932,0.97,0.97,48.38,0.0033484911120297716,0.015
5933,0.88,0.88,203.31,0.0023510894692833594,0.015
5934,1.02,1.02,114.51,0.0034931447035193423,0.015
5935,0.76,0.76,78.0,0.010230769230769226,0.015
5936,0.64,0.64,42.55,0.0015511163337250256,0.015
5937,0.95,0.95,146.49,0.0020615741688852483,0.015
5938,0.83,0.83,229.03,0.004588918482294896,0.015
5939,0.66,0.66,349.86,0.002232321500028583,0.015
5940,1.2,1.2,308.13,0.00234641222860481,0.015
5941,0.9,0.9,275.96,0.0036708218582403246,0.015
5942,1.03,1.03,289.0,0.0004913494809688578,0.015
5943,0.84,0.84,51.97,0.007234943236482584,0.015
5944,1.03,1.03,104.68,0.007852502865876958,0.015
5945,1.14,1.14,119.33,0.008178999413391435,0.015
5946,0.95,0.95,43.04,0.0003949814126394133,0.015
5947,0.84,0.84,148.9,0.0011685695097380787,0.015
5948,0.98,0.98,84.96,0.002236346516007535,0.015
5949,0.84,0.84,149.26,0.002900978158917326,0.015
5950,0.9,0.9,27.47,0.007972333454677833,0.015
5951,1.01,1.01,90.12,0.005004438526409233,0.015
5952,0.9,0.9,288.99,0.0023080383404270035,0.015
5953,0.74,0.74,307.57,0.0014858406216471042,0.015
5954,0.99,0.99,22.71,0.009687362395420509,0.015
5955,0.9,0.9,240.68,0.004686720957287685,0.015
5956,0.95,0.95,167.35,0.0029638482222886153,0.015
5957,0.94,0.94,241.48,0.0026006294517144273,0.015
5958,0.5,0.5,100.0,0.001999999999999993,0.03
5959,0.75,0.75,231.80107385,0.004408952827635918,0.015
5960,0.7,0.7,251.15398713,0.001242265765179771,0.015
5961,0.7,0.7,291.34900372,0.001547971656815522,0.015
5962,0.7,0.7,426.45520945,0.005203360050078525,0.015
5963,0.5,0.5,171.82199462,0.0012512949839483146,0.015
5964,1.2,1.2,193.92307846,0.012489488199309808,0.015
5965,1.2,1.2,159.31451736,0.0019646671576873313,0.015
5966,1.35,1.35,370.03939976,0.0018268324952381827,0.015
5967,1.4,1.4,760.30403347,0.0006300111256990989,0.015
5968,1.3,1.3,1135.08213491,0.0011822932973096318,0.015
5969,0.9,0.9,173.76707236,0.0036543171924105743,0.015
5970,0.95,0.95,398.11577207,0.0024766665105310955,0.015
5971,1.11,1.11,326.49076049,0.0007259010933243824,0.015
5972,0.9,0.9,294.22190065,0.0015702434080513447,0.015
5973,0.8,0.8,587.57265227,0.0016678788507496305,0.015
5974,0.9,0.9,273.28829628,0.0033078621086422193,0.015
5975,1.11,1.11,867.25756356,0.0001,0.015
5976,1.11,1.11,621.72995205,0.001757997980306569,0.015
5977,0.9,0.9,297.01228095,0.0023837398161969834,0.015
5978,0.75,0.75,148.31192103,0.002076704272057124,0.015
5979,1.11,1.11,103.90935279,0.0006159214573238957,0.015
5980,0.9,0.9,439.58505012,0.00229307161316071,0.015
5981,0.71,0.71,47.75,0.002827225130890048,0.015
5982,0.56,0.56,79.95,0.0032770481550969412,0.015
5983,1.05,1.05,300.65,0.0001,0.015
5984,1.06,1.06,335.06,0.0013430430370679884,0.015
5985,0.82,0.82,300.75,0.0012136325852036582,0.015
5986,1.34,1.34,135.02,0.007547030069619316,0.015
5987,0.77,0.77,135.19,0.0037206894001035524,0.015
5988,0.99,0.99,131.28,0.003458257160268127,0.015
5989,1.15,1.15,142.93,0.003862030364514101,0.015
5990,1.09,1.09,42.86,0.012575828278114806,0.015
5991,1.0,1.0,125.63,0.003000875587041317,0.015
5992,0.98,0.98,161.74,0.0001,0.015
5993,1.03,1.03,266.47,0.0011258302998461357,0.015
5994,1.24,1.24,27.35,0.05945155393053014,0.015
5995,1.12,1.12,200.29,0.007244495481551748,0.015
5996,1.43,1.43,82.44,0.0032629791363415835,0.015
5997,1.14,1.14,159.21,0.0006029771999246284,0.015
5998,1.08,1.08,299.1,0.002798395185556669,0.015
5999,0.63,0.63,127.67,0.0035247121485078733,0.015
6000,1.6,1.6,396.39,0.0016902545472892857,0.015
6001,0.9,0.9,48.29,0.0009939946158624984,0.015
6002,1.01,1.01,203.65,0.003235944021605695,0.015
6003,0.87,0.87,154.84,0.0036553862051149563,0.015
6004,0.84,0.84,148.02,0.00016214025131738969,0.015
6005,0.56,0.56,126.58,0.0008848159266866811,0.015
6006,0.88,0.88,261.68,0.0003706817487007047,0.015
6007,0.75,0.75,225.5,0.0024523281596452325,0.015
6008,1.01,1.01,456.96,0.0009563200280112031,0.015
6009,1.6,1.6,137.97,0.00707400159454954,0.015
6010,0.74,0.74,282.03,0.0009467077970428659,0.015
6011,1.23,1.23,264.46,0.0001,0.015
6012,0.99,0.99,339.29,0.0004922043089982016,0.015
6013,0.71,0.71,107.01,0.0011307354452854913,0.015
6014,0.66,0.66,105.52,0.003629643669446551,0.015
6015,0.66,0.66,96.95,0.0029809179989685464,0.015
6016,0.81,0.81,162.31,0.004306573840182372,0.015
6017,1.06,1.06,281.68,0.0017182618574268674,0.015
6018,0.8,0.8,255.56,0.0012169353576459538,0.015
6019,1.31,1.31,165.33,0.0010403435553136134,0.015
6020,0.93,0.93,145.06,0.00042740934785605533,0.015
6021,0.63,0.63,106.45,0.0015782057303898556,0.015
6022,0.82,0.82,22.67,0.002426113806793145,0.015
6023,0.98,0.98,91.06,0.00024159894575005755,0.015
6024,1.12,1.12,141.27,0.0005025837049621273,0.015
6025,1.1,1.1,227.87,0.0016237328301224347,0.015
6026,1.17,1.17,727.39,0.0002735808850822815,0.015
6027,1.09,1.09,126.92,0.0027812795461708145,0.015
6028,0.95,0.95,152.85,0.0031795878312070643,0.015
6029,0.58,0.58,105.38,0.0024577718732207285,0.015
6030,0.87,0.87,180.9,0.0001,0.015
6031,1.35,1.35,96.93,0.0038068709377901554,0.015
6032,1.01,1.01,99.95,0.00650325162581291,0.015
6033,0.95,0.95,78.91,0.0068939297934355655,0.015
6034,1.93,1.93,333.94,0.0008714140264718224,0.015
6035,1.06,1.06,519.79,0.0014486619596375463,0.015
6036,1.1,1.1,89.06,0.0003031664046710098,0.015
6037,0.95,0.95,166.05,0.0061969286359530255,0.015
6038,1.06,1.06,101.28,0.0006516587677725102,0.015
6039,1.25,1.25,292.09,0.001930911705296313,0.015
6040,1.0,1.0,146.8,0.00244550408719346,0.015
6041,1.23,1.23,194.19,0.0003553221072145834,0.015
6042,0.9,0.9,83.7,0.0015890083632019115,0.015
6043,0.9,0.9,146.36,0.0008813883574747168,0.015
6044,1.29,1.29,300.31,0.0009856481635643149,0.015
6045,1.03,1.03,196.41,0.00756580622167914,0.015
6046,0.99,0.99,311.83,0.004444729500048104,0.015
6047,1.14,1.14,135.79,0.0001,0.015
6048,1.02,1.02,559.88,0.0013592198328213191,0.015
6049,0.96,0.96,218.13,0.0016274698574244735,0.015
6050,1.07,1.07,81.68,0.0025710088148873647,0.015
6051,1.4,1.4,90.17,0.0034934013529998934,0.015
6052,1.06,1.06,143.14,0.009466256811513201,0.015
6053,1.06,1.06,113.7,0.0003781882145998254,0.015
6054,0.61,0.61,30.3,0.030264026402640257,0.015
6055,0.76,0.76,105.9,0.0015675165250236107,0.015
6056,0.7,0.7,163.5,0.0016819571865443446,0.015
6057,0.93,0.93,137.23,0.0014792683815492262,0.015
6058,0.94,0.94,220.43,0.0010388785555505153,0.015
6059,0.83,0.83,108.95,0.00014685635612666373,0.015
6060,0.63,0.63,119.07,0.003728898966994212,0.015
6061,0.9,0.9,191.97,0.002656665103922487,0.015
6062,0.68,0.68,35.21,0.010479977279182043,0.015
6063,0.85,0.85,369.11,0.0025033187938554914,0.015
6064,0.72,0.72,576.01,0.0003697852467839086,0.015
6065,1.63,1.63,332.44,0.002923835880158827,0.015
6066,1.04,1.04,106.92,0.001328095772540212,0.015
6067,0.83,0.83,90.02,0.004299044656742941,0.015
6068,1.01,1.01,48.29,0.00227790432801823,0.015
6069,0.92,0.92,126.38,0.003457825605317299,0.015
6070,1.27,1.27,136.38,0.004047514298284203,0.015
6071,1.17,1.17,66.73,0.0023078075827963423,0.015
6072,0.99,0.99,235.55,0.0016769263426024217,0.015
6073,0.78,0.78,12.09,0.021836228287841212,0.015
6074,0.84,0.84,47.45,0.006512118018967337,0.015
6075,1.17,1.17,18.53,0.005774419859687005,0.015
6076,0.92,0.92,99.89,0.001211332465712279,0.015
6077,0.9,0.9,73.65,0.00281059063136456,0.015
6078,1.06,1.06,108.28,0.0025581824898411537,0.015
6079,1.02,1.02,51.82,0.001891161713624098,0.015
6080,0.87,0.87,208.47,0.000196670983834602,0.015
6081,0.82,0.82,121.09,0.001915930299777027,0.015
6082,0.76,0.76,47.67,0.0037969372771134895,0.015
6083,1.86,1.86,113.7,0.0033597185576077367,0.015
6084,1.05,1.05,806.54793831,0.0014679846587679515,0.015
6085,1.15,1.15,750.16546279,0.0012370604167094034,0.015
6086,0.75,0.75,232.62385056,0.002686740841471866,0.015
6087,0.85,0.85,485.76145286,0.0005599456243358851,0.015
6088,0.8,0.8,82.41725171,0.0001,0.015
6089,0.95,0.95,886.06243519,0.0001,0.015
6090,1.05,1.05,182.2775776,0.0015032018946470793,0.015
6091,0.95,0.95,192.24646478,0.0001,0.015
6092,0.75,0.75,913.91069641,0.001037300475554022,0.015
6093,0.65,0.65,310.4611967,0.0010275036087947925,0.015
6094,0.95,0.95,163.62855152,0.00012222805747660127,0.015
6095,1.05,1.05,39.67242749,0.023492386500294803,0.015
6096,1.15,1.15,260.60057065,0.0005602443603091162,0.015
6097,1.15,1.15,173.91426875,0.004375719171691024,0.015
6098,0.9,0.9,139.49158534,0.0009104491836582683,0.015
6099,0.9,0.9,162.73857003,0.005634804335757379,0.015
6100,0.95,0.95,361.74428606,0.0010228219608661073,0.015
6101,0.95,0.95,567.57133742,0.00010571358355187834,0.015
6102,0.9,0.9,30.39126974,0.029251821579205903,0.015
6103,0.85,0.85,221.7627213,0.0007891317304104521,0.015
6104,0.85,0.85,478.39464822,0.0022575503384463843,0.015
6105,0.85,0.85,147.96679923,0.0015544027524883321,0.015
6106,1.15,1.15,134.24097801,0.0009535091437613411,0.015
6107,0.9,0.9,192.77041817,0.0035275121901759982,0.015
6108,0.9,0.9,254.80637596,0.00012558555444084905,0.015
6109,0.85,0.85,104.72501076,0.005347337717475737,0.015
6110,0.85,0.85,127.76896297,0.007169190222003101,0.015
6111,0.85,0.85,105.6929225,0.009243759912117108,0.015
6112,0.95,0.95,273.17514858,0.0008748965681627814,0.015
6113,0.9,0.9,107.80061112,0.003051930750501665,0.015
6114,0.85,0.85,101.76475356,0.003056067932367525,0.015
6115,1.05,1.05,110.08154403,0.0014443838102113572,0.015
6116,0.95,0.95,39.06671183,0.0028412936436273337,0.015
6117,1.35,1.35,675.93031169,0.0011998278313222718,0.015
6118,1.35,1.35,115.61192037,0.004125872128699417,0.015
6119,1.1,1.1,414.89012255,0.00045072174495420575,0.015
6120,0.9,0.9,106.95736634,0.0007479615732654929,0.015
6121,1.25,1.25,379.08217455,0.0001556390776486332,0.015
6122,1.05,1.05,71.69299209,0.0033197107982496595,0.015
6123,1.35,1.35,388.42631353,0.0003115133959395213,0.015
6124,1.3,1.3,49.85978724,0.0006217435275201262,0.03
6125,1.15,1.15,488.75909467,0.0010782408056382452,0.015
6126,0.7,0.7,71.11216222,0.0018984094391947992,0.015
6127,0.85,0.85,214.51169157,0.002577948064054791,0.015
6128,0.85,0.85,182.27155256,0.001711731730036679,0.015
6129,0.95,0.95,59.35913999,0.001010796315615549,0.015
6130,0.75,0.75,86.74704569,0.006317218017525781,0.015
6131,1.25,1.25,765.53542742,0.0033780278578553996,0.015
6132,1.15,1.15,323.72512643,0.0014858284412594333,0.015
6133,1.05,1.05,307.61956674,0.000770432136393692,0.015
6134,0.95,0.95,119.24905163,0.0006540932521795973,0.015
6135,1.05,1.05,207.06658379,0.001695106924427615,0.015
6136,0.95,0.95,60.25401113,0.010688085123670008,0.015
6137,1.25,1.25,388.77988135,0.001800504690647363,0.015
6138,0.95,0.95,320.22981551,0.0013833814921152046,0.015
6139,0.95,0.95,141.30412469,0.000785539701997497,0.015
6140,0.95,0.95,148.90364196,0.0009469210970533338,0.015
6141,0.95,0.95,110.82917274,0.0017143500695952186,0.015
6142,0.95,0.95,171.82365132,0.0013385817274459695,0.015
6143,1.05,1.05,171.68073662,0.0005533527049704696,0.015
6144,1.05,1.05,46.98431525,0.006448960645435818,0.015
6145,0.95,0.95,180.20574771,0.0009378169239749633,0.015
6146,1.05,1.05,72.77107,0.03571474213585152,0.015
6147,1.0,1.0,56.61080681,0.025383845964657085,0.015
6148,0.95,0.95,89.03971552,0.001987876971150498,0.03
6149,0.9,0.9,191.27217242,0.0019710133221688677,0.015
6150,1.0,1.0,75.07751796,0.002317604586937791,0.015
6151,1.15,1.15,711.94907328,0.0006657779577073519,0.015
6152,0.9,0.9,72.03502938,0.0001,0.015
6153,1.05,1.05,68.63655684,0.00820262591715403,0.015
6154,1.1,1.1,56.3175752,0.0015092979358244806,0.015
6155,0.8,0.8,199.01338129,0.0005527266522832934,0.015
6156,0.85,0.85,202.61774374,0.00039976755492815614,0.015
6157,1.1,1.1,140.93278771,0.0015894101269104896,0.015
6158,0.95,0.95,59.05842907,0.007179330819948602,0.015
6159,1.2,1.2,77.93724553,0.00012830835798720313,0.015
6160,1.5,1.5,319.71423538,0.003531278482667857,0.015
6161,1.05,1.05,270.13890576,0.0031687401619983516,0.015
6162,1.05,1.05,274.589889,0.0014858522339837514,0.015
6163,0.85,0.85,165.53296901,0.0005074517813724776,0.015
6164,1.05,1.05,86.54324541,0.002715405447145922,0.015
6165,1.05,1.05,166.03595559,0.0008130768996407099,0.015
6166,0.8,0.8,174.85142141,0.00368312705042253,0.015
6167,1.5,1.5,342.06323757,0.004165896370867352,0.015
6168,0.97,0.97,748.79,0.0009254931289146497,0.015
6169,1.13,1.13,142.75,0.0003852889667250418,0.015
6170,1.28,1.28,135.35,0.00036941263391208505,0.015
6171,0.81,0.81,171.74,0.00013392337253988922,0.015
6172,0.9,0.9,329.48,0.0012018938934077938,0.015
6173,1.09,1.09,326.12,0.0009659021219183135,0.015
6174,1.2,1.2,112.96,0.002186614730878186,0.015
6175,0.85,0.85,178.52,0.0006721935917544258,0.015
6176,1.03,1.03,81.65,0.00244947948560931,0.015
6177,0.94,0.94,170.67,0.00028124450694322405,0.015
6178,0.94,0.94,86.13,0.010611865784279575,0.015
6179,1.2,1.2,167.93,0.00016673614005835514,0.015
6180,1.0,1.0,92.08,0.0008145091225021739,0.015
6181,1.14,1.14,1174.7,0.000997701540818933,0.015
6182,0.91,0.91,319.84,0.0007785142571285633,0.015
6183,0.93,0.93,62.7,0.016108452950558225,0.015
6184,1.13,1.13,192.3,0.003894955798231932,0.015
6185,0.81,0.81,254.17,0.0005704843215170932,0.015
6186,0.75,0.75,227.22,0.0002112490097702669,0.015
6187,0.89,0.89,210.29,0.00012839412240239734,0.015
6188,0.76,0.76,174.42,0.0001,0.015
6189,1.01,1.01,173.66,0.0009616491995854008,0.015
6190,0.83,0.83,336.76,0.0006028031832759243,0.015
6191,0.86,0.86,126.54,0.0032242769084874375,0.015
6192,0.63,0.63,55.07,0.0008897766479026762,0.015
6193,1.16,1.16,372.21,0.0012519814083447522,0.015
6194,0.87,0.87,58.44,0.013158795345653665,0.015
6195,0.82,0.82,173.35,0.0015575425439861579,0.015
6196,1.0,1.0,439.9,0.0026801545805864957,0.015
6197,0.97,0.97,51.62,0.001762882603642003,0.015
6198,0.9,0.9,217.67,0.0004640051454035925,0.015
6199,0.58,0.58,75.34,0.0014998672683833227,0.03
6200,0.85,0.85,70.84,0.0013128176171654429,0.015
6201,1.21,1.21,300.34,0.00018312579077045922,0.015
6202,0.78,0.78,252.26,0.0005272338063902324,0.015
6203,1.34,1.34,256.37,0.00023403674376877017,0.015
6204,1.23,1.23,332.65,0.00048699834661055145,0.015
6205,1.13,1.13,192.3,0.003894955798231932,0.015
6206,0.7,0.7,281.035,0.005675449677086484,0.015
6207,0.85,0.85,85.711,0.005110195890842479,0.015
6208,1.1,1.1,333.235,0.0007442195447657065,0.015
6209,1.15,1.15,527.105,0.0011439845950996475,0.015
6210,1.05,1.05,322.286,0.0013497328459815211,0.015
6211,1.15,1.15,101.799,0.004911639603532451,0.015
6212,0.95,0.95,640.284,0.0015227617744625831,0.015
6213,0.95,0.95,232.006,0.0003361982017706413,0.015
6214,0.9,0.9,96.609,0.0034572348331936005,0.015
6215,0.9,0.9,221.766,0.0014880549768675093,0.015
6216,1.12,1.12,1185.866,0.00042416259509927775,0.015
6217,1.45,1.45,200.149,0.00930306921343599,0.015
6218,0.7,0.7,220.533,0.0026617331646510943,0.015
6219,0.6,0.6,82.209,0.006191536206498065,0.015
6220,0.8,0.8,132.685,0.00149979274220899,0.015
6221,0.95,0.95,261.391,0.00521441059562112,0.015
6222,0.85,0.85,106.484,0.0037282596446414507,0.015
6223,1.05,1.05,131.796,0.0012519348083401625,0.015
6224,1.3,1.3,272.447,0.0008588826450649117,0.015
6225,0.75,0.75,166.56,0.0012367915465898145,0.015
6226,0.6,0.6,145.295,0.0030696169861316614,0.015
6227,0.95,0.95,327.556,0.0022927377303422923,0.015
6228,0.9,0.9,159.934,0.0006065001813247991,0.015
6229,1.05,1.05,172.353,0.0021641630839033853,0.015
6230,1.15,1.15,469.124,0.00044337957554932113,0.015
6231,0.9,0.9,115.884,0.00038831935383660225,0.015
6232,1.22,1.22,421.21,0.0030839723653284584,0.015
6233,0.87,0.87,160.66,0.0018672973982322935,0.03
6234,0.91,0.91,670.92,0.0007407738627556197,0.015
6235,1.07,1.07,487.01,0.00011909406377692415,0.015
6236,0.8,0.8,119.56,0.00021746403479424762,0.015
6237,1.06,1.06,210.6,0.0012820512820512823,0.015
6238,0.92,0.92,213.11,0.004298249730186288,0.015
6239,0.78,0.78,103.63,0.00298176203801988,0.015
6240,0.89,0.89,96.53,0.014586139024137574,0.015
6241,0.68,0.68,58.06,0.01577678263864967,0.015
6242,1.33,1.33,243.221,0.0013650137118094245,0.015
6243,0.95,0.95,168.722,0.0002133687367385405,0.015
6244,0.95,0.95,45.903,0.007319783020717598,0.015
6245,1.3,1.3,164.356,0.006394655503906154,0.015
6246,1.15,1.15,136.25,0.0016954128440366963,0.015
6247,0.85,0.85,119.369,0.0035687657599544264,0.015
6248,0.95,0.95,119.414,0.004094997236504933,0.015
6249,0.75,0.75,281.044,0.0019783379115014023,0.015
6250,1.65,1.05,582.886,0.0012163613468156725,0.015
6251,0.85,0.85,302.655,0.0010804381226148586,0.015
6252,0.8,0.8,63.185,0.0006488881854870606,0.015
6253,1.05,1.05,250.909,0.001426812111163808,0.015
6254,1.0,1.0,187.48,0.0008214209515681668,0.015
6255,1.05,1.05,44.452,0.0037793575092234305,0.015
6256,1.05,1.05,40.717,0.0001227988309551267,0.015
6257,0.9,0.9,12.76,0.03793103448275862,0.015
6258,1.05,1.05,282.69,0.0011532066928437506,0.015
6259,0.99,0.99,115.41,0.004947578199462784,0.015
6260,1.11,1.11,124.46,0.004202153302265788,0.015
6261,0.93,0.93,109.61,0.0019797463735060656,0.015
6262,0.89,0.89,329.16,0.0001792441365901073,0.015
6263,1.1,1.1,338.04,0.002902023429179978,0.015
6264,1.24,1.24,187.76,0.0008521516829995736,0.015
6265,0.74,0.74,228.84,0.0001573151546932356,0.015
6266,0.71,0.71,228.21,0.000569650760264669,0.015
6267,0.73,0.73,313.98,0.0012835212433912988,0.015
6268,0.77,0.77,154.13,0.0004671381301498739,0.015
6269,0.93,0.93,109.39,0.014169485327726484,0.015
6270,0.81,0.81,295.98,0.0017703898912088654,0.015
6271,1.51,1.51,298.55,0.0022977725674091453,0.015
6272,1.05,1.05,124.9,0.0002882305844675743,0.015
6273,1.06,1.06,368.79,0.0051519835136527555,0.015
6274,1.15,1.15,221.92,0.0009507930785868776,0.015
6275,1.74,1.74,299.39,0.0031731186746384306,0.015
6276,1.23,1.23,32.13,0.020043572984749458,0.015
6277,1.61,1.61,567.57,0.0018429444826188839,0.015
6278,0.97,0.97,323.66,0.0014552307977507256,0.015
6279,1.0,1.0,277.54,0.0018808099733371758,0.015
6280,0.97,0.97,9.39,0.0001,0.015
6281,1.01,1.01,1382.28,0.00016928552825766125,0.015
6282,0.78,0.78,246.36,0.0032026302971261554,0.015
6283,0.67,0.67,125.37,0.002153625269203155,0.015
6284,0.82,0.82,87.11,0.002491103202846976,0.015
6285,0.53,0.53,59.6,0.01817114093959732,0.015
6286,0.78,0.78,82.07,0.010235165102960886,0.015
6287,1.04,1.04,189.33,0.0014155178788358962,0.015
6288,1.81,1.81,410.5,0.0003775883069427533,0.015
6289,0.75,0.75,208.32,0.0029953917050691272,0.015
6290,0.92,0.92,147.53,0.004792245644953571,0.015
6291,0.84,0.84,269.5,0.004463821892393322,0.015
6292,1.69,1.69,236.3,0.00018197206940330152,0.015
6293,1.03,1.03,123.77,0.008370364385553854,0.015
6294,0.89,0.89,162.91,0.009164569394144008,0.015
6295,0.92,0.92,238.78,0.0010092972610771425,0.015
6296,0.77,0.77,151.17,0.0042402593107098005,0.015
6297,0.67,0.67,24.2,0.03942148760330579,0.015
6298,0.87,0.87,86.38,0.0008103727714748818,0.015
6299,1.42,1.42,63.34,0.0018629617934954267,0.015
6300,0.6,0.6,228.67,0.0033454322823282447,0.015
6301,1.06,1.06,236.89,0.009084385157668117,0.015
6302,0.91,0.91,1407.51,0.0001,0.015
6303,0.81,0.81,181.86,0.008808973935994717,0.015
6304,1.1,1.1,136.61,0.0051387160529975835,0.015
6305,1.12,1.12,107.52,0.00012090773809523718,0.015
6306,0.95,0.95,104.69,0.008921577992167353,0.015
6307,0.52,0.52,225.84,0.0005357775416223875,0.03
6308,0.69,0.69,77.9,0.0025545571245186114,0.015
6309,1.01,1.01,187.06,0.006869453651234896,0.015
6310,0.76,0.76,73.45,0.01113682777399591,0.015
6311,1.05,1.05,327.243,0.0021329715226910888,0.015
6312,1.25,1.25,83.521,0.0006704900563929983,0.015
6313,1.25,1.25,169.826,0.0018842815587719187,0.015
6314,1.05,1.05,182.655,0.0011278092578905585,0.015
6315,1.2,1.2,153.566,0.005671828399515517,0.015
6316,0.85,0.85,175.538,0.001367225330127948,0.015
6317,0.95,0.95,225.647,0.0026944741122195293,0.015
6318,0.85,0.85,40.078,0.006113079494984782,0.015
6319,1.05,1.05,237.812,0.001757690949153113,0.015
6320,1.25,1.25,185.935,0.001742544437572269,0.015
6321,1.45,1.45,155.036,0.004295776464821073,0.015
6322,1.15,1.15,39.416,0.001978891820580471,0.015
6323,1.0,1.0,161.516,0.00027861016865202165,0.015
6324,1.45,1.45,47.695,0.012433169095293007,0.015
6325,0.85,0.85,143.529,0.001929923569452861,0.015
6326,0.85,0.85,38.634,0.00807578816586426,0.015
6327,1.05,1.05,130.248,0.0006679565137276595,0.015
6328,0.85,0.85,484.658,0.0020633106231610744,0.015
6329,1.3,1.3,312.129,0.0018646136693482504,0.015
6330,0.95,0.95,301.704,0.0006728449075915469,0.015
6331,1.15,1.15,107.99,0.0014816186683952212,0.015
6332,0.95,0.95,88.969,0.0031022041385201592,0.015
6333,1.05,1.05,371.278,0.0011985628019974253,0.015
6334,0.95,0.95,358.858,0.001872606992180751,0.015
6335,3.2,1.05,403.607,0.0001907796445552237,0.015
6336,1.05,1.05,291.599,0.0010288101125175328,0.015
6337,0.95,0.95,121.855,0.0026917237700545735,0.015
6338,1.53,1.53,309.582,0.0011886996013980144,0.015
6339,1.2,1.2,141.926,0.0028113242112086582,0.015
6340,1.5,1.5,65.763,0.0012925201100923004,0.015
6341,1.05,1.05,243.52,0.0009239487516425759,0.015
6342,1.05,1.05,227.063,0.0018717272298877418,0.015
6343,0.7,0.7,139.978,0.000350055008644215,0.015
6344,1.05,1.05,942.05175268,0.0005063416087736203,0.015
6345,3.45,1.05,232.56080903,0.0022316743829913738,0.015
6346,0.95,0.95,209.65985334,0.004779169612291401,0.015
6347,0.95,0.95,511.83172708,0.0011820291083781088,0.015
6348,0.8,0.8,92.87382301,0.010347372045797299,0.015
6349,1.15,1.15,473.96556563,0.0001,0.015
6350,1.15,1.15,55.93122714,0.0019845800937311558,0.015
6351,1.0,1.0,100.10293416,0.003216688928271871,0.015
6352,0.85,0.85,671.82580308,0.0005715767364688042,0.015
6353,0.95,0.95,63.67825744,0.0015703947315804506,0.015
6354,0.95,0.95,367.10584385,0.0006346943365336463,0.015
6355,0.75,0.75,180.52001315,0.002293374528263488,0.015
6356,0.85,0.85,137.21146673,0.0011587952799373155,0.015
6357,0.95,0.95,215.30995943,0.0007106034500449677,0.015
6358,1.2,1.2,202.40736978,0.0008892956822453894,0.015
6359,0.75,0.75,138.18674648,0.0013098217058478648,0.015
6360,0.56,0.56,155.76075163,0.00038520615348933276,0.015
6361,0.95,0.95,117.48490736,0.00011916424257884365,0.015
6362,0.95,0.95,45.63688654,0.0015557590664685152,0.015
6363,1.35,1.35,237.94781842,0.0001,0.015
6364,1.05,1.05,193.46264104,0.0018298106450785384,0.015
6365,1.05,1.05,196.6727754,0.002572801441230891,0.015
6366,1.8,1.8,426.80696026,0.001794722371756478,0.03
6367,0.65,0.65,37.51164594,0.002959081032529073,0.03
6368,1.101,1.101,808.8191048,0.0013216799574292152,0.015
6369,0.9,0.9,637.59706569,0.0012829419142868382,0.015
6370,0.85,0.85,92.00513068,0.0010868959074446319,0.015
6371,0.85,0.85,177.74605965,0.004917127286652622,0.015
6372,1.06,1.06,48.74566547,0.004595280377039034,0.015
6373,0.8,0.8,1731.08751925,0.0006290843113881457,0.015
6374,1.02,1.02,125.55737731,0.0016406841590151044,0.015
6375,0.65,0.65,322.73208572,0.0028568588026909735,0.015
6376,0.85,0.85,104.11865595,0.004024254790622856,0.015
6377,0.7,0.7,227.94608319,0.0001,0.015
6378,0.7,0.7,173.27109912,0.0006867850472720003,0.03
6379,0.8,0.8,306.61413823,0.0001695942669186146,0.015
6380,0.84,0.84,180.20112473,0.005638144609376323,0.015
6381,0.6,0.6,3011.49253475,0.0011177181949346686,0.015
6382,0.8,0.8,276.85020601,0.0004262232696180013,0.015
6383,0.9,0.9,154.9387102,0.0001355374649297933,0.015
6384,0.83,0.83,324.30592036,0.0050847052010937885,0.015
6385,0.82,0.82,269.75451013,0.0011195364253760232,0.015
6386,0.9,0.9,102.62143445,0.003313147997026462,0.015
6387,0.9,0.9,85.93543312,0.00024436951368681143,0.015
6388,0.72,0.72,134.03439075,0.017525352910219418,0.015
6389,1.0,1.0,269.18492913,0.0015082568006767063,0.015
6390,0.76,0.76,142.61712216,0.00047680109491840284,0.015
6391,0.8,0.8,175.35541587,0.0021556220440903345,0.015
6392,0.85,0.85,233.29901979,0.004552097994050468,0.015
6393,0.8,0.8,30.73809803,0.013761424001809004,0.015
6394,0.99,0.99,233.77309486,0.0041707109219899716,0.015
6395,0.8,0.8,63.84176625,0.007612571339221051,0.015
6396,0.9,0.9,68.68070986,0.007381985437155186,0.015
6397,0.86,0.86,60.92396727,0.0037587834519234205,0.015
6398,1.03,1.03,244.87498316,0.001608984286249289,0.015
6399,0.69,0.69,127.24739542,0.003835049027049072,0.015
6400,1.04,1.04,138.73394827,0.0020903319167101795,0.015
6401,0.9,0.9,86.77369994,0.0014520528695575216,0.015
6402,1.2,1.2,234.99856967,0.0015787330132305973,0.015
6403,0.9,0.9,157.08244525,0.0009867429791617676,0.015
6404,0.9,0.9,263.79952205,0.0004131925605966047,0.015
6405,0.77,0.77,334.55658484,0.0004961791443423185,0.015
6406,0.89,0.89,103.75912589,0.003652690756105602,0.015
6407,1.05,1.05,246.46321507,0.003262150093155483,0.015
6408,0.86,0.86,320.55196109,0.0003556365701596584,0.015
6409,1.25,1.25,1403.31484453,0.0017651063905260692,0.015
6410,0.95,0.95,73.44596302,0.00010892361773269329,0.015
6411,0.75,0.75,385.96288721,0.0012436428887496517,0.015
6412,0.82,0.82,13.86483458,0.013631608722734582,0.015
6413,0.72,0.72,62.99280147,0.007524669310440817,0.015
6414,0.75,0.75,68.39020944,0.004576678483118266,0.015
6415,0.84,0.84,212.94061782,0.00273785248661584,0.015
6416,0.91,0.91,216.53100493,0.0015886870340402679,0.015
6417,0.9,0.9,207.82044724,0.00028389891747207887,0.015
6418,0.95,0.95,237.41208252,0.0009013863057368728,0.015
6419,0.95,0.95,672.78303415,0.00020809085974779045,0.015
6420,0.8,0.8,162.85052159,0.0005710758497546669,0.015
6421,0.9,0.9,460.64668988,0.0013068584084622932,0.015
6422,0.9,0.9,213.82209257,0.003802226375339784,0.015
6423,1.09,1.09,1286.75077686,0.0015589654469804562,0.015
6424,0.35,0.35,263.99834195,0.00030303220622177876,0.015
6425,0.6,0.6,491.97336495,0.001010217291032637,0.015
6426,0.9,0.9,83.73917006,0.004334888914469849,0.015
6427,0.9,0.9,306.66372317,0.0009847920610830995,0.015
6428,0.8,0.8,209.44822198,0.0009501154897318915,0.015
6429,0.8,0.8,214.65491532,0.0008991175427419494,0.015
6430,1.15,1.15,442.96652472,0.0001,0.015
6431,1.12,1.12,213.10220706,0.0006475765873280951,0.015
6432,0.9,0.9,134.82114915,0.0006378821167316725,0.015
6433,0.9,0.9,721.68784488,0.00023694454771984488,0.015
6434,0.8,0.8,133.31281049,0.003007962989648916,0.015
6435,1.12,1.12,471.68890856,0.001653632268736678,0.015
6436,0.8,0.8,136.76689098,0.003173282633612449,0.015
6437,0.9,0.9,162.99873643,0.007165699720019608,0.015
6438,1.2,1.2,267.98557273,0.0001,0.015
6439,1.12,1.2,346.14714181,0.0015426965457744882,0.015
6440,0.9,0.9,61.01412761,0.003966294520292986,0.015
6441,0.9,0.9,179.87153669,0.005009130497132685,0.015
6442,1.0,1.0,689.96897421,0.004059602829543294,0.015
6443,0.7,0.7,485.68633465,0.0001,0.015
6444,0.73,0.73,989.21654657,0.0017064008945796084,0.015
6445,1.2,1.2,160.16567104,0.0034152137374268672,0.015
6446,1.01,1.01,300.55535299,0.003985954627265813,0.015
6447,0.8,0.7,225.00593473,0.004417661254992089,0.015
6448,0.8,0.8,181.38608495,0.0031259288724176204,0.015
6449,0.9,0.9,251.09059769,0.0015492416027471656,0.015
6450,1.4,1.4,402.04864078,0.000497452247598665,0.015
6451,1.2,1.2,130.22198445,0.0015358389817565039,0.015
6452,1.2,1.2,865.23599629,0.00023115080840090888,0.015
6453,0.9,0.9,461.3673825,0.0004334940171025187,0.015
6454,1.2,1.2,310.53135742,0.0006440573398502078,0.015
6455,0.8,0.8,222.26772396,0.0008998157556874605,0.015
6456,1.2,1.2,723.00692713,0.00027662252254470913,0.015
6457,1.01,1.01,308.72159221,0.0006478328858318222,0.015
6458,1.25,1.25,151.009636,0.0013244187940430457,0.015
6459,0.9,0.9,180.36761381,0.0011088465150438822,0.015
6460,1.2,1.2,158.37175206,0.001262851470660173,0.015
6461,1.2,1.2,66.45477788,0.003009565397406747,0.015
6462,0.7,0.7,144.13540632,0.001387584113482654,0.015
6463,1.2,1.2,1181.10913538,0.00016933236227628786,0.015
6464,1.02,1.02,374.44482432,0.000534124087208853,0.015
6465,1.07,1.07,384.61907934,0.0005199950047803036,0.015
6466,0.7,0.7,228.74151929,0.0008743493556429428,0.015
6467,0.8,0.8,261.78854301,0.000763975373789981,0.015
6468,0.7,0.7,331.52721198,0.0006032687296030006,0.015
6469,1.03,1.03,162.89120438,0.0012278133786366402,0.015
6470,1.6,1.6,314.87561563,0.0006351714457146555,0.015
6471,1.0,1.0,259.96237345,0.0007693421064970636,0.015
6472,0.8,0.8,393.16453203,0.0005086928848015683,0.015
6473,0.9,0.9,77.50040363,0.002580631721027326,0.015
6474,0.9,0.9,79.06410049,0.002529593061332497,0.015
6475,1.02,1.02,392.59649123,0.0005094289033847494,0.015
6476,0.8,0.8,498.36719404,0.0004013105244322058,0.015
6477,0.7,0.7,217.82592042,0.0009181643746270887,0.015
6478,0.6,0.6,207.16874355,0.0009653965968651515,0.015
6479,1.01,1.01,137.36862024,0.0014559365861764827,0.015
6480,1.2,1.2,266.68076898,0.0007499603393411488,0.015
6481,0.9,0.9,45.57491429,0.004388379070279087,0.015
6482,0.52,0.52,138.28309705,0.0014463083649889897,0.015
6483,0.7,0.7,108.07306828,0.0018505998134690812,0.015
6484,1.35,1.35,178.93990011,0.0011176937054120013,0.015
6485,0.95,0.95,162.2218924,0.0012328792189579912,0.015
6486,0.82,0.82,23.26766458,0.008595619870329044,0.015
6487,0.9,0.9,1215.35528464,0.00016456093335640633,0.015
6488,1.2,1.2,955.64248817,0.0002092832858268867,0.015
6489,0.9,0.9,24.61967475,0.008123584167170985,0.015
6490,1.05,1.05,48.4680591,0.004126428904185258,0.015
6491,0.95,0.95,428.70378619,0.00046652258842276703,0.015
6492,0.8,0.8,202.92525224,0.0009855845824622113,0.015
6493,1.6,1.6,459.33756433,0.00043540963232938226,0.015
6494,0.9,0.9,733.18705509,0.00027278168458040895,0.015
6495,1.2,1.2,513.83691629,0.0004904279782377024,0.015
6496,0.7,0.7,83.42314529,0.008223137567101912,0.015
6497,0.8,0.8,340.51892818,0.0008927550712813955,0.015
6498,1.12,1.12,434.9904827,0.0006505889467820313,0.015
6499,1.27,1.27,830.67976693,0.001995955681125574,0.015
6500,0.75,0.75,10.63940053,0.009023064760961687,0.015
6501,0.71,0.71,17.04373416,0.006101949198672505,0.03
6502,0.95,0.95,10.9235657,0.01281632791387878,0.03
6503,0.95,0.95,1507.79547598,0.0010100839432550476,0.015
6504,1.1,1.1,1346.84202728,0.0005071121825470096,0.015
6505,1.2,1.2,21.85466883,0.0032487337397919163,0.015
6506,1.17,1.17,24.77767294,0.005569530291814398,0.03
6507,0.9,0.9,28.48664157,0.003124271416175944,0.015
6508,1.35,1.35,661.63302141,0.0004186610870927922,0.015
6509,0.95,0.95,457.81553415,0.0004674371751000547,0.015
6510,0.95,0.95,171.06373135,0.007593661086125965,0.015
6511,0.95,0.95,219.21251542,0.0044842330198010035,0.015
6512,0.7,0.7,159.92252972,0.013081333841221584,0.015
6513,0.45,0.45,80.2498846,0.0011838023253680648,0.03
6514,0.75,0.75,128.34003903,0.025089598104667182,0.015
6515,0.6,0.6,140.86467392,0.0367657827607031,0.03
6516,0.5,0.5,88.94025023,0.006296361867116826,0.03
6517,0.5,0.5,138.75910603,0.016164704891620297,0.03
6518,0.75,0.75,188.38330255,0.0002070247175417708,0.015
6519,1.2,1.2,102.36914621,0.0037218245350842047,0.015
6520,1.11,1.11,574.01516238,0.0011916061540325463,0.015
6521,1.1,1.1,562.4511599,0.00044626096965401504,0.015
6522,0.7,0.7,182.14236502,0.00021411822557435958,0.015
6523,0.95,0.95,132.01737697,0.00043933610355839685,0.015
6524,1.05,1.05,148.98801408,0.004161408579263877,0.015
6525,1.65,1.65,876.02298433,0.0003219093620193987,0.015
6526,1.5,1.5,26.94107346,0.0023755549345508544,0.015
6527,1.5,1.5,872.69394889,0.0006176277498951016,0.015
6528,0.5,0.5,212.07897353,0.0019190964253814964,0.015
6529,0.65,0.65,149.68416703,0.004656471114011043,0.015
6530,1.05,1.05,189.50197565,0.003155639923799395,0.015
6531,0.66,0.66,226.15698013,0.0007295817263971039,0.015
6532,0.65,0.65,224.25178479,0.0007848321036321513,0.015
6533,0.75,0.75,220.00731913,0.0029089941304263132,0.015
6534,0.71,0.71,123.23552084,0.000632934396416995,0.015
6535,0.75,0.75,87.2147204,0.010181767434755198,0.015
6536,0.45,0.45,29.77323587,0.003862529437583776,0.015
6537,0.5,0.5,120.03318782,0.0018328264373842125,0.015
6538,0.5,0.5,122.57762266,0.008378364482142416,0.015
6539,1.11,1.11,104.64957077,0.005561417937194651,0.015
6540,1.1,1.1,177.78055215,0.0013331041957842086,0.015
6541,1.2,1.2,180.78110598,0.006792745255888934,0.015
6542,1.1,1.1,199.60284719,0.000576144086214025,0.015
6543,0.8,0.8,364.14218261,0.0024441002512285144,0.015
6544,0.5,0.5,199.20797049,0.004081162003710149,0.015
6545,0.8,0.8,123.64758978,0.0013910501636629686,0.015
6546,0.6,0.6,128.43158808,0.0031300710830547023,0.015
6547,0.6,0.6,125.38062604,0.006157251119113971,0.015
6548,0.8,0.8,233.92018997,0.001453487191693904,0.015
6549,0.6,0.6,99.82184793,0.004137370811744701,0.015
6550,0.58,0.58,61.51689719,0.002487121538777344,0.015
6551,0.6,0.6,79.9135395,0.0042045440873007545,0.015
6552,0.65,0.65,166.38150451,0.002464216207248913,0.015
6553,0.66,0.66,46.15197414,0.020930848961513118,0.015
6554,0.65,0.65,58.31862544,0.01841607191350839,0.015
6555,0.75,0.75,112.75932111,0.002642797039450888,0.015
6556,0.52,0.52,110.9315065,0.0024790071700684837,0.015
6557,0.63,0.63,111.54978316,0.004105790141636331,0.015
6558,1.03,1.03,287.56465043,0.008391156549985554,0.015
6559,0.65,0.65,32.994809,0.002182161442425661,0.015
6560,1.55,1.55,136.82839489,0.002952603517163132,0.015
6561,1.2,1.2,97.12029412,0.016309670541594934,0.015
6562,1.82,1.82,333.46465911,0.0005907672510957647,0.015
6563,0.61,0.61,121.7773591,0.005682501288533842,0.015
6564,1.1,1.1,248.14661822,0.009764388559395295,0.015
6565,0.93,0.93,91.49110828,0.00462340010906249,0.015
6566,1.4,1.4,133.25613397,0.008795092316454652,0.015
6567,0.67,0.67,78.73635724,0.004508717604472203,0.03
6568,1.41,1.41,291.18084878,0.0022803697522761224,0.015
6569,0.93,0.93,515.44620184,0.0007217048038613207,0.015
6570,0.58,0.58,385.13895226,0.0009269381814150992,0.015
6571,0.96,0.96,85.76615975,0.007951854227680986,0.015
6572,1.24,1.24,115.26799976,0.0018912447552998119,0.015
6573,0.9,0.9,158.20359655,0.002022710020368373,0.015
6574,1.98,1.98,414.20254931,0.0001,0.015
6575,1.05,1.05,100.66370189,0.0020265497510008057,0.015
6576,1.21,1.21,168.4312864,0.000445285443120626,0.015
6577,0.64,0.64,169.89183238,0.0035610893797812754,0.03
6578,0.88,0.88,176.43297081,0.002272817819475676,0.015
6579,1.08,1.08,211.33198584,0.003000019128576227,0.015
6580,0.91,0.91,114.60405101,0.01167497996980272,0.015
6581,0.94,0.94,94.9471775,0.013270536662345754,0.015
6582,0.48,0.48,51.55227809,0.0016876072837773547,0.03
6583,1.47,1.47,33.23250544,0.006680206534557316,0.015
6584,0.65,0.65,104.12014646,0.00024010723044461783,0.03
6585,0.75,0.75,73.23332901,0.0015703232606604155,0.03
6586,0.52,0.52,88.22641704,0.003060307888028449,0.03
6587,0.49,0.49,69.43945376,0.0002880206988540627,0.03
6588,0.48,0.48,71.81298828,0.009970341259276184,0.03
6589,0.61,0.61,80.20981582,0.01898770099931143,0.03
6590,0.56,0.56,132.77679262,0.0020410193276440116,0.03
6591,0.46,0.46,138.98676203,0.003065040107258913,0.03
6592,0.82,0.82,136.15788828,0.0015056050192143891,0.03
6593,0.57,0.57,137.82528669,0.0014438569639807497,0.03
6594,0.49,0.49,122.90644902,0.0027093777637804232,0.03
6595,0.45,0.45,154.48057912,0.0012105081497314845,0.03
6596,0.62,0.62,132.13223742,0.00729572145922117,0.03
6597,0.54,0.54,127.07666475,0.0021640479826962123,0.03
6598,0.31,0.31,118.82905787,0.0022890024113257764,0.03
6599,0.61,0.61,195.65497295,0.00146686790359958,0.03
6600,0.56,0.56,99.43566479,0.005320022761623857,0.03
6601,0.63,0.63,110.17685945,0.002886268510351877,0.03
6602,0.58,0.58,62.39872961,0.008573892503001555,0.03
6603,0.46,0.46,68.12780734,0.0037429650234799263,0.03
6604,1.2,1.2,116.23817393,0.010839812407572633,0.03
6605,0.5,0.5,104.82287964,0.004111697765604343,0.03
6606,0.81,0.81,368.09137206,0.002703133177046625,0.015
6607,0.75,0.75,63.63185547,0.0039759959556621765,0.03
6608,0.78,0.78,183.23402846,0.00044751512963598543,0.03
6609,0.78,0.78,181.07949008,0.001303295033003114,0.015
6610,0.4,0.4,113.67360232,0.005999633917469401,0.03
6611,0.95,0.95,248.57189606,0.0015086178523958434,0.015
6612,0.92,0.92,151.77308642,0.005567522015475389,0.015
6613,0.87,0.87,73.47350774,0.002531524704907194,0.015
6614,0.89,0.89,129.3315869,0.0047552188505621765,0.015
6615,0.82,0.82,86.32070602,0.001424918836640455,0.015
6616,0.8,0.8,138.38451886,0.001112841243143662,0.015
6617,0.63,0.63,99.20096705,0.0009677325015552868,0.015
6618,1.01,1.01,134.68854689,0.004833373104334334,0.015
6619,0.95,0.95,134.91029488,0.0005040386284863157,0.015
6620,0.55,0.55,101.46539487,0.006751070164144513,0.015
6621,0.85,0.85,124.2757921,0.0089317475370169,0.015
6622,0.92,0.92,102.0886374,0.00039181637661861034,0.015
6623,1.02,1.02,99.59665598,0.00256032692554665,0.015
6624,1.1,1.1,224.00460568,0.001616038201094545,0.015
6625,0.94,0.94,277.2166423,0.0007322792683576177,0.015
6626,1.02,1.02,131.26271729,0.002171218194198638,0.015
6627,0.97,0.97,165.46778672,0.0031667795308503006,0.015
6628,0.49,0.49,148.95396994,0.002369859629402233,0.03
6629,0.53,0.53,151.30147971,0.008294697463669643,0.03
6630,1.01,1.01,134.86824489,0.004826933134118876,0.015
6631,0.95,0.95,109.57853048,0.0058040566634180255,0.015
6632,0.5,0.5,196.15974387,0.0002039154375451771,0.015
6633,0.66,0.66,36.15025801,0.006666619085632348,0.015
6634,0.77,0.77,29.63389372,0.019302222158337448,0.03
6635,1.01,1.01,88.47595704,0.0030403740066737585,0.015
6636,1.15,1.15,151.27481938,0.005632133645850125,0.015
6637,1.14,1.14,128.08903423,0.002545104676288108,0.015
6638,0.9,0.9,260.00864288,0.002326845728275355,0.015
6639,0.92,0.92,410.58828178,0.0013444124552384822,0.015
6640,1.07,1.07,159.71403587,0.006236145712394992,0.015
6641,0.95,0.95,73.13055986,0.0008614729617906225,0.015
6642,0.99,0.99,66.62444358,0.0038724526035283564,0.015
6643,0.8,0.8,77.67137508,0.013145125845247222,0.015
6644,0.95,0.95,67.76148464,0.0015052798878581403,0.015
6645,1.13,1.13,200.33597249,0.0032445496029548356,0.015
6646,0.65,0.65,86.86274378,0.006354853369565061,0.03
6647,1.02,1.02,190.1929725,0.008743751034229193,0.015
6648,0.9,0.9,82.59814099,0.011622537607913309,0.015
6649,0.93,0.93,78.93405408,0.02441278384164808,0.015
6650,1.9,1.9,280.2234484,0.0016022927508874373,0.015
6651,1.44,1.44,185.25393312,0.00409707900510998,0.015
6652,1.01,1.01,236.60435537,0.0004226464886650985,0.015
6653,2.03,2.03,298.54703735,0.0027131403050916947,0.015
6654,1.2,1.2,103.57513585,0.001264782314065391,0.015
6655,0.9,0.9,185.4643483,0.0036934322217657112,0.015
6656,0.88,0.88,68.9508473,0.009804085467706766,0.015
6657,2.08,2.08,224.66421081,0.004415478533156053,0.03
6658,0.36,0.36,216.18520987,0.0017346237525939037,0.03
6659,0.83,0.83,61.9910073,0.013647140720037955,0.015
6660,0.97,0.97,189.29345434,0.0020285962942505004,0.015
6661,0.93,0.93,183.53764488,0.0004086355147960821,0.015
6662,0.83,0.83,65.82344381,0.007064352350542868,0.015
6663,1.03,1.03,57.44680607,0.010322593031149869,0.015
6664,0.61,0.61,185.29025358,0.004150245278108914,0.03
6665,2.47,2.47,145.10169119,0.005279056320556453,0.015
6666,0.66,0.66,119.46461959,0.006185931889594031,0.015
6667,0.59,0.59,71.97689255,0.009350223052940065,0.03
6668,1.28,1.28,47.52922516,0.010646081401424643,0.015
6669,0.89,0.89,71.35186813,0.006012456453394898,0.015
6670,0.58,0.58,86.64833137,0.0005424224478057666,0.015
6671,0.65,0.65,119.53271539,0.003045191425731226,0.015
6672,0.6,0.6,80.65918741,0.005207094361924219,0.015
6673,1.01,1.01,100.42046691,0.0005775715029485101,0.015
6674,1.09,1.09,43.71347462,0.00045752482898829273,0.015
6675,0.57,0.57,126.68199424,0.0030706810571914244,0.03
6676,0.55,0.55,83.49415973,0.0010539659334805184,0.03
6677,0.59,0.59,134.56904325,0.00026008953585987646,0.015
6678,0.7,0.7,119.98110185,0.002525397711206307,0.03
6679,0.91,0.91,147.69918957,0.004556558515719147,0.015
6680,0.9,0.9,220.84615473,0.0009282479934985829,0.015
6681,0.44,0.44,74.37978444,0.00508202602153172,0.03
6682,0.67,0.67,92.07735037,0.000619044746302471,0.015
6683,0.56,0.56,60.76778736,0.013954761837489433,0.03
6684,0.85,0.85,82.70384539,0.008633214049879386,0.015
6685,1.03,1.03,147.33904771,0.0017171279707058188,0.015
6686,0.55,0.55,93.27865538,0.008126189179207708,0.03
6687,0.43,0.43,35.33717245,0.011319524802556758,0.03
6688,0.51,0.51,124.88169724,0.003435251197583742,0.03
6689,0.56,0.56,23.17835932,0.014927717498168465,0.03
6690,0.73,0.73,112.51758598,0.0006487874705468365,0.03
6691,1.04,1.04,122.24175813,0.0024296116527066742,0.03
6692,0.56,0.56,141.23515665,0.0036464008835720763,0.03
6693,0.99,0.99,33.93235025,0.025933953690696707,0.03
6694,1.01,1.01,179.14987279,0.0002456044166527398,0.015
6695,1.5,1.5,459.5632769,0.00027634932202738995,0.015
6696,1.4,1.4,176.99345954,0.001943574643345826,0.015
6697,1.45,1.45,115.68389942,0.0050309507452459,0.015
6698,1.07,1.07,40.78982445,0.012257959104798256,0.015
6699,1.1,1.1,56.23282571,0.009300617448911046,0.015
6700,1.28,1.28,47.96422618,0.002897993172627499,0.015
6701,0.72,0.72,58.60478376,0.0032591196101360844,0.015
6702,0.66,0.66,62.2561305,0.0015098914636205894,0.03
6703,1.57,1.57,78.92576316,0.007069934805303196,0.015
6704,1.47,1.47,60.33656281,0.010093382381057116,0.015
6705,0.7,0.7,191.75259111,0.005329784562930489,0.015
6706,1.08,1.08,229.70733402,0.0001480144295133407,0.015
6707,0.57,0.57,118.1018064,0.0010499416036027756,0.03
6708,0.55,0.55,73.58349434,0.002799540873231103,0.03
6709,1.49,1.49,567.99779796,0.001741203933451955,0.015
6710,1.4,1.4,425.37021297,0.0005665652945402564,0.015
6711,0.72,0.72,71.84942406,0.011371002769872449,0.03
6712,1.2,1.2,326.01173177,0.005742124646363002,0.015
6713,1.25,1.25,49.05713761,0.006767618662127625,0.015
6714,0.9,0.9,210.34034509,0.0013977347040778332,0.03
6715,0.6,0.6,117.41204823,0.002350695726381843,0.03
6716,0.86,0.86,292.444,0.002701371886583414,0.015
6717,0.41,0.41,91.351,0.0057799038872043,0.03
6718,0.2,0.2,270.604,0.001005158829876868,0.03
6719,0.14,0.14,274.262,0.002275196709715528,0.03
6720,0.43,0.43,322.734,0.00012084255145104064,0.03
6721,0.32,0.32,322.546,0.0001,0.03
6722,0.34,0.34,306.198,0.0011757098348127687,0.03
6723,0.27,0.27,304.448,0.0017178631490435145,0.03
6724,0.22,0.22,57.007,0.003543424491729089,0.03
6725,0.55,0.55,54.094,0.0029578141753244377,0.03
6726,0.25,0.25,78.693,0.031133645940553796,0.03
6727,0.27,0.27,171.302,0.01258012165648971,0.03
6728,0.36,0.36,62.324,0.011857390411398501,0.03
6729,0.3,0.3,268.344,0.0006707807888382082,0.03
6730,0.44,0.44,264.789,0.0010196798205363517,0.03
6731,0.26,0.26,210.086,0.0009710309111506714,0.03
6732,0.27,0.27,208.056,0.004820817472219017,0.03
6733,0.76,0.76,50.559,0.01137285152000633,0.03
6734,0.41,0.41,206.88,0.0014936194895591645,0.03
6735,0.69,0.69,135.343,0.0009457452546492994,0.03
6736,0.94,0.94,456.494,0.00178972779488887,0.015
6737,0.47,0.47,219.589,0.0001,0.03
6738,0.25,0.25,209.045,0.00175081920160731,0.03
6739,0.46,0.46,175.888,0.0007447921404530155,0.03
6740,0.5,0.5,159.711,0.0005196886876921437,0.015
6741,0.77,0.77,724.205,0.00044876795934852725,0.015
6742,0.39,0.39,137.523,0.0002908604378903895,0.03
6743,0.5,0.5,139.111,0.002472845425595387,0.03
6744,0.55,0.55,118.435,0.001224300249081775,0.03
6745,0.48,0.48,81.037,0.001184644051482657,0.03
6746,0.74,0.74,100.455,0.0014135682643969928,0.03
6747,0.93,0.93,130.475,0.004406974516190841,0.03
6748,0.09,0.09,135.089,0.0028055578174388737,0.03
6749,0.32,0.32,138.575,0.0001,0.03
6750,0.36,0.36,138.959,0.0001,0.03
6751,0.28,0.28,141.233,0.0002265759418832711,0.03
6752,0.67,0.67,106.126,0.004937527090439666,0.03
6753,1.12,1.12,296.97,0.00336060881570529,0.015
6754,0.32,0.32,184.677,0.0030756401717593426,0.03
6755,0.31,0.31,87.723,0.0073298906786133655,0.03
6756,0.37,0.37,58.897,0.0038881437085080714,0.03
6757,0.59,0.59,90.814,0.005858127601471142,0.03
6758,0.55,0.55,65.437,0.0025826367345691283,0.03
6759,0.14,0.14,60.068,0.012818805353932207,0.03
6760,0.34,0.34,59.34,0.0004887091338051927,0.03
6761,0.24,0.24,60.5,0.0047107438016528915,0.03
6762,0.23,0.23,564.855,0.0002832585353763354,0.015
6763,1.02,1.02,179.639,0.0018258841342915504,0.015
6764,0.29,0.29,54.683,0.0037488799078324174,0.03
6765,0.35,0.35,66.607,0.008963021904604624,0.03
6766,0.51,0.51,212.709,0.0006158648670249025,0.03
6767,0.46,0.46,57.755,0.003913081118517873,0.03
6768,0.57,0.57,97.044,0.004503111990437326,0.03
6769,0.62,0.62,161.337,0.0021941650086464972,0.03
6770,0.48,0.48,43.327,0.00032312414891407236,0.03
6771,0.28,0.28,244.458,0.005661504225674758,0.03
6772,0.2,0.2,104.257,0.010272691521912196,0.03
6773,0.36,0.36,66.695,0.01475372966489242,0.03
6774,0.47,0.47,239.684,0.0023489260860132515,0.03
6775,0.57,0.57,266.948,0.003858429357028335,0.03
6776,0.52,0.52,260.635,0.004251155830951331,0.03
6777,0.29,0.29,293.532,0.004428818663723206,0.03
6778,0.17,0.17,243.622,0.00034890116656131204,0.03
6779,0.55,0.55,112.218,0.0007039868826747934,0.03
6780,0.45,0.45,67.679,0.002364101124425596,0.03
6781,0.48,0.48,22.768,0.05007027406886859,0.03
6782,0.52,0.52,67.185,0.009704547145940313,0.03
6783,0.53,0.53,54.819,0.006986628723617724,0.03
6784,0.5,0.5,149.33,0.004105002343802316,0.03
6785,0.63,0.63,276.091,0.0025353959382957056,0.015
6786,0.6,0.6,449.766,0.0022100381087054154,0.015
6787,0.91,0.91,303.989,0.00018092759935392307,0.015
6788,0.82,0.82,364.142,0.00236446221528964,0.015
6789,0.59,0.59,106.409,0.0038906483474142237,0.015
6790,1.08,1.08,102.461,0.0016689276895599284,0.015
6791,0.79,0.79,209.584,0.0011021833727765471,0.015
6792,0.53,0.53,208.792,0.0002921567876163835,0.015
6793,0.78,0.78,359.086,0.0008326696111794943,0.015
6794,0.67,0.67,164.792,0.005376474586144956,0.015
6795,1.18,1.18,165.09,0.002713671330789266,0.015
6796,0.4,0.4,84.596,0.0006265071634592645,0.015
6797,0.5,0.5,82.552,0.008515844558581256,0.015
6798,0.48,0.48,80.128,0.0018720047923322673,0.015
6799,0.53,0.53,73.744,0.011919613799088739,0.015
6800,0.84,0.84,174.181,0.005861718557133096,0.015
6801,0.5,0.5,69.122,0.0016926593559214143,0.015
6802,0.4,0.4,71.412,0.004565059093709735,0.015
6803,0.57,0.57,82.875,0.01864253393665159,0.015
6804,0.66,0.66,351.895,0.001892610011509115,0.015
6805,0.53,0.53,181.122,0.005885535716257551,0.015
6806,0.59,0.59,124.901,0.0072537449660130815,0.015
6807,0.65,0.65,141.275,0.004799150592815432,0.015
6808,0.38,0.38,235.021,0.002238097872105047,0.015
6809,0.96,0.96,109.377,0.005942748475456448,0.015
6810,0.88,0.88,298.019,0.0014059506273089973,0.015
6811,1.24,1.24,20.362,0.008594440624693058,0.015
6812,1.04,1.04,199.182,0.00012551334959986412,0.015
6813,1.1,1.1,176.702,0.0003112585030163775,0.015
6814,0.46,0.46,157.306,0.003064091643039681,0.015
6815,0.3,0.3,48.186,0.0013904453575727378,0.015
6816,0.91,0.91,73.179,0.010043865043250114,0.015
6817,0.25,0.25,32.864,0.003590555014605651,0.015
6818,0.41,0.41,108.212,0.0010257642405648172,0.015
6819,0.81,0.81,245.727,0.0020388479898423863,0.015
6820,0.96,0.96,87.022,0.0013100135597894796,0.015
6821,0.46,0.46,100.622,0.0017789350241497865,0.015
6822,0.51,0.51,94.552,0.0014383619595566448,0.015
6823,1.04,1.04,199.81,0.005315049296831989,0.015
6824,0.41,0.41,320.944,0.002237150406301412,0.015
6825,0.33,0.33,8.455,0.007687758722649314,0.015
6826,0.65,0.65,28.041,0.008416247637388118,0.015
6827,0.62,0.62,22.916,0.013396753360097755,0.015
6828,0.87,0.87,213.331,0.0021375233791619593,0.015
6829,0.88,0.88,45.667,0.010335690980357807,0.015
6830,0.99,0.99,246.412,0.0018708504455951832,0.015
6831,0.94,0.94,130.606,0.006339678115859917,0.015
6832,0.84,0.84,181.125,0.0021145617667356798,0.015
6833,0.92,0.92,118.734,0.0010275068640827386,0.015
6834,1.14,1.14,105.762,0.007204856186532022,0.015
6835,0.78,0.78,164.759,0.01548929041812587,0.015
6836,0.42,0.42,97.478,0.0002564681261412834,0.015
6837,0.31,0.31,178.788,0.002399489898650916,0.015
6838,0.64,0.64,69.798,0.0031806068941803486,0.015
6839,1.47,1.47,63.809,0.013509066119199485,0.015
6840,0.73,0.73,9.429,0.035210520733906014,0.015
6841,1.18,1.18,50.52,0.011579572446555818,0.015
6842,0.83,0.83,1925.298,0.0005017405097808234,0.015
6843,0.91,0.91,690.84,0.001084187366105031,0.015
6844,0.97,0.97,219.035,0.0009130960805350751,0.015
6845,1.11,1.11,486.56,0.0006720651101611311,0.015
6846,0.95,0.95,281.48,0.0026111979536734414,0.015
6847,1.05,1.05,165.97,0.0007772489004036901,0.015
6848,0.97,0.97,176.4,0.0012755102040816306,0.015
6849,1.15,1.15,143.32,0.0010047446274072016,0.015
6850,1.02,1.02,277.42,0.00021627856679402928,0.015
6851,1.15,1.15,448.96,0.0006771204561653606,0.015
6852,1.23,1.23,195.32,0.002657177964366169,0.015
6853,1.09,1.09,119.18,0.0034485651955025974,0.015
6854,0.92,0.92,140.28,0.002060165383518675,0.015
6855,0.9,0.9,115.98,0.0006725297465080134,0.015
6856,1.0,1.0,125.29,0.009218612818261628,0.015
6857,1.05,1.05,106.91,0.011364699279768029,0.015
6858,0.97,0.97,105.02,0.005237097695677021,0.015
6859,1.54,1.54,659.01,0.0008361026388066938,0.015
6860,1.07,1.07,352.07,0.0004828585224529211,0.015
6861,1.29,1.29,674.21,0.0010441850462022215,0.015
6862,1.1,1.1,283.83,0.0007152168551597798,0.015
6863,0.72,0.72,756.83,0.0008839501605380331,0.015
6864,1.56,1.56,1025.34,0.0004613103946008152,0.015
6865,1.31,1.31,429.99,0.001318635317100396,0.015
6866,1.03,1.03,241.2,0.0009618573797678247,0.015
6867,0.96,0.96,189.48,0.006512560692421364,0.015
6868,0.99,0.99,241.75,0.0016173733195449845,0.015
6869,0.83,0.83,296.09,0.005393630315106892,0.015
6870,1.16,1.16,315.29,0.0017666275492403802,0.015
6871,1.01,1.01,313.24,0.0002043161792874475,0.015
6872,0.96,0.96,149.6,0.005915775401069518,0.015
6873,0.61,0.61,299.97,0.001430143014301428,0.015
6874,0.56,0.56,296.46,0.006247048505700602,0.015
6875,0.74,0.74,168.0,0.015886904761904765,0.015
6876,0.73,0.73,186.02,0.005649930115041394,0.015
6877,0.5,0.5,120.86,0.0013403938441171597,0.015
6878,0.98,0.98,247.39,0.004026031771696513,0.015
6879,0.91,0.91,260.01,0.00030768047382792997,0.015
6880,0.85,0.85,59.51,0.011863552344143848,0.015
6881,1.02,1.02,242.82,0.0012643110122724632,0.015
6882,1.21,1.21,62.97,0.0016674606955693115,0.015
6883,1.19,1.19,62.62,0.009006707122325137,0.015
6884,1.0,1.0,175.36,0.0019673813868613175,0.015
6885,1.0,1.0,65.09,0.011076970348747888,0.015
6886,0.78,0.78,997.31,0.0005885832890475377,0.015
6887,0.89,0.89,192.98,0.015328013265623382,0.015
6888,0.67,0.67,185.85,0.009674468657519506,0.015
6889,0.92,0.92,174.04,0.006280165479200184,0.015
6890,0.99,0.99,955.18,0.0008270692434933731,0.015
6891,1.11,1.11,253.83,0.0001,0.015
6892,0.92,0.92,257.24,0.0003654175089410679,0.015
6893,1.14,1.14,166.55,0.005625938156709698,0.015
6894,0.87,0.87,233.46,0.0014520688768953976,0.015
6895,0.63,0.63,268.33,0.0018931912197667053,0.015
6896,0.87,0.87,141.43,0.0001272714417026076,0.015
6897,0.62,0.62,226.57,0.00025157787880125123,0.015
6898,0.6,0.6,374.06,0.002967438378869701,0.015
6899,1.01,1.01,252.21,0.001300503548630111,0.015
6900,0.74,0.74,304.78,0.0019751952227836486,0.015
6901,1.15,1.15,301.36,0.0014268648792142278,0.015
6902,1.28,1.28,224.48,0.00243674269422666,0.015
6903,1.13,1.13,155.89,0.001962922573609597,0.015
6904,1.25,1.25,155.2,0.028292525773195885,0.015
6905,0.91,0.91,159.72,0.0020160280490859007,0.015
6906,1.3,1.3,223.5,0.005521252796420581,0.015
6907,1.4,1.4,116.19,0.002538944831741113,0.015
6908,1.17,1.17,160.48,0.00324027916251246,0.015
6909,0.68,0.68,83.2,0.03133413461538462,0.015
6910,0.98,0.98,71.16,0.001405283867341198,0.015
6911,0.97,0.97,127.87,0.0017204973801517216,0.015
6912,0.66,0.66,51.04,0.0019984326018808664,0.015
6913,0.78,0.78,46.01,0.006411649641382307,0.015
6914,0.8,0.8,161.46,0.00602626037408646,0.015
6915,1.14,1.14,119.5,0.0001,0.015
6916,1.03,1.03,216.86,0.0017430600387346637,0.015
6917,1.02,1.02,355.4,0.00011254924029262813,0.015
6918,1.1,1.1,269.63,0.000567444275488631,0.015
6919,1.08,1.08,228.54,0.0001443948542924668,0.015
6920,1.12,1.12,121.68,0.003796844181459571,0.015
6921,0.96,0.96,249.2,0.0005337078651685394,0.015
6922,0.94,0.94,246.59,0.002076321018694998,0.015
6923,0.95,0.95,122.91,0.00890895777398096,0.015
6924,1.09,1.09,470.54,0.005500063756535045,0.015
6925,1.31,1.31,429.99,0.0001,0.015
6926,0.77,0.77,47.989,0.04759424034674613,0.015
6927,0.84,0.84,359.482,0.00042004884806471477,0.015
6928,1.07,1.07,525.33,0.0025564883025907524,0.015
6929,1.16,1.16,285.592,0.0025630970055183625,0.015
6930,0.95,0.95,247.72,0.0008113999677054724,0.015
6931,2.36,2.36,388.276,0.0004738897073215964,0.015
6932,0.85,0.85,121.379,0.0009886388914062535,0.015
6933,0.76,0.76,268.968,0.004773802087980726,0.015
6934,1.3,1.3,426.414,0.0035997879994559283,0.015
6935,0.88,0.88,119.942,0.0047189474912874545,0.015
6936,0.99,0.99,454.727,0.004272893406373495,0.015
6937,1.27,1.27,86.989,0.002540551104162596,0.015
6938,1.03,1.03,284.185,0.0017277477699385968,0.015
6939,1.15,1.15,248.359,0.0059067720517476715,0.015
6940,1.0,1.0,604.676,0.00056228459538662,0.015
6941,0.76,0.76,286.196,0.0001,0.015
6942,0.72,0.72,246.424,0.0035183261370645715,0.015
6943,0.97,0.97,80.839,0.006432538749860835,0.015
6944,0.86,0.86,90.964,0.0005276812805065745,0.015
6945,1.11,1.11,392.07,0.009916596526130538,0.015
6946,0.87,0.87,229.638,0.001532847351048171,0.015
6947,0.88,0.88,144.16,0.0031978357380688114,0.015
6948,1.03,1.03,179.592,0.00033965878212837954,0.015
6949,0.95,0.95,91.927,0.0031655552775571865,0.015
6950,1.04,1.04,251.827,0.005416416825836785,0.015
6951,0.98,0.98,183.862,0.003415605182147481,0.015
6952,0.87,0.87,94.28,0.008347475604582094,0.015
6953,0.81,0.81,134.049,0.01156293594133489,0.015
6954,0.86,0.86,62.674,0.0030794268755783977,0.015
6955,0.84,0.84,62.971,0.004335328960950288,0.015
6956,0.66,0.66,61.808,0.0014561221848304405,0.015
6957,0.72,0.72,96.961,0.0025680428213405355,0.015
6958,0.78,0.78,56.804,0.010738680374621511,0.015
6959,0.7,0.7,61.472,0.008231389901093185,0.015
6960,0.7,0.7,117.575,0.004473740165851582,0.015
6961,0.68,0.68,101.672,0.003934219844204889,0.015
6962,0.88,0.88,69.03,0.007431551499348108,0.015
6963,1.01,1.01,201.915,0.0034816630760468484,0.015
6964,1.0,1.0,90.623,0.005263564437284136,0.015
6965,0.95,0.95,105.317,0.002449746954432808,0.015
6966,1.01,1.01,78.871,0.005680161276007663,0.015
6967,1.08,1.08,245.802,0.0005166760237915061,0.015
6968,0.85,0.85,127.712,0.0009631044850914505,0.015
6969,0.84,0.84,154.189,0.007367581344972729,0.015
6970,1.04,1.04,132.35,0.0011711371363808103,0.015
6971,0.88,0.88,182.051,0.0013347908003801103,0.015
6972,1.29,1.29,241.49,0.006898836390740815,0.015
6973,1.21,1.21,138.814,0.012066506260175486,0.015
6974,0.99,0.99,128.599,0.008258229068655273,0.015
6975,0.84,0.84,62.952,0.005782183250730728,0.015
6976,0.95,0.95,158.627,0.0032087853896247136,0.015
6977,1.06,1.06,184.1,0.0036773492667028815,0.015
6978,1.07,1.07,136.861,0.0019216577403350838,0.015
6979,1.08,1.08,117.286,0.004561499241171155,0.015
6980,0.94,0.94,154.158,0.012694767705860222,0.015
6981,1.06,1.06,103.407,0.01068593035287747,0.015
6982,0.8,0.8,64.439,0.00020174118158258045,0.015
6983,1.02,1.02,178.566,0.012639584243360997,0.015
6984,0.79,0.79,135.212,0.0010428068514628881,0.015
6985,0.87,0.87,233.159,0.0013124091285346053,0.015
6986,1.02,1.02,187.278,0.01754076826963125,0.015
6987,1.0,1.0,124.12,0.00625201417982598,0.015
6988,1.13,1.13,309.357,0.002821982369883339,0.015
6989,1.11,1.11,128.733,0.006812550006602812,0.015
6990,0.91,0.91,348.813,0.0011123438633307817,0.015
6991,1.29,1.29,187.823,0.004440350755764734,0.015
6992,1.13,1.13,118.908,0.0009250849396171857,0.015
6993,1.37,1.37,702.248,0.0020078376869709846,0.015
6994,0.75,0.75,78.825,0.00440215667618142,0.015
6995,1.19,1.19,686.793,0.0015099163794622262,0.015
6996,0.92,0.92,45.029,0.01572320060405515,0.015
6997,0.7,0.7,263.147,0.0049022029512021835,0.015
6998,1.09,1.09,66.176,0.005379593810444872,0.015
6999,0.9,0.9,283.794,0.0021776358908222144,0.015
7000,0.88,0.88,98.371,0.003578290349798216,0.015
7001,0.91,0.91,175.007,0.009382481843583396,0.015
7002,1.01,1.01,77.988,0.026504077550392358,0.015
7003,1.05,1.05,226.351,0.0038126626345808077,0.015
7004,0.98,0.98,223.102,0.0007485365438230038,0.015
7005,1.24,1.24,216.676,0.0012830216544518064,0.015
7006,1.7,1.7,143.568,0.00817034436643263,0.015
7007,1.1,1.1,414.471,0.0001,0.015
7008,1.29,1.29,152.369,0.014195800983139611,0.015
7009,0.75,0.75,84.454,0.0008288535770952269,0.015
7010,1.0,1.0,453.88,0.002132722305455188,0.015
7011,0.62,0.62,306.548,0.0013537847253937395,0.015
7012,0.95,0.95,121.816,0.001272410849149539,0.015
7013,0.87,0.87,78.925,0.0008362369337979186,0.015
7014,0.88,0.88,242.935,0.0001,0.015
7015,0.82,0.82,108.439,0.0036794880070823233,0.015
7016,1.01,1.01,157.715,0.0021050629299686134,0.015
7017,1.01,1.01,166.248,0.0026225879409075598,0.015
7018,1.04,1.04,293.532,0.0025005791532098716,0.015
7019,0.91,0.91,299.146,0.002988507284068649,0.015
7020,0.98,0.98,70.301,0.0010952902519167573,0.015
7021,1.08,1.08,101.423,0.0009070920797057831,0.015
7022,1.09,1.09,129.943,0.0003847840976428112,0.015
7023,0.94,0.94,189.064,0.003876994033766342,0.015
7024,1.02,1.02,284.984,0.0017790472447575994,0.015
7025,0.78,0.78,71.535,0.006290626965820917,0.015
7026,0.89,0.89,106.23,0.007483761649251623,0.015
7027,1.07,1.07,138.836,0.023452130571321558,0.015
7028,1.11,1.11,105.067,0.0009232204212550127,0.015
7029,0.65,0.65,121.027,0.00887405289728738,0.03
7030,1.14,1.14,256.638,0.0020145107115859674,0.015
7031,1.2,1.2,214.873,0.00150321352612939,0.015
7032,0.94,0.94,92.459,0.009571810207767765,0.015
7033,1.14,1.14,182.339,0.0042119349124433055,0.015
7034,1.26,1.26,256.213,0.0059715939472236,0.015
7035,1.03,1.03,147.674,0.0182970597396969,0.015
7036,0.75,0.75,1110.99,0.0028038056148120146,0.015
7037,0.95,0.95,317.568,0.0009698710197501003,0.015
7038,1.09,1.09,189.41,0.014291748059764532,0.015
7039,0.93,0.93,185.268,0.009596908262624956,0.015
7040,1.0,1.0,192.854,0.003427463262364273,0.015
7041,0.72,0.72,200.661,0.0015498776543523651,0.015
7042,1.67,1.67,1315.083,0.0005208796707127995,0.015
7043,1.45,1.45,538.958,0.002610593033223368,0.015
7044,1.16,1.16,110.738,0.0015261247268327086,0.015
7045,1.1,1.1,156.489,0.007495734524471369,0.015
7046,0.88,0.88,135.653,0.002631714742762786,0.015
7047,1.02,1.02,716.698,0.0024598924512137608,0.015
7048,1.09,1.09,468.322,0.0002583692416755983,0.015
7049,1.19,1.19,947.578,0.0010553220948565712,0.015
7050,1.0,1.0,332.156,0.004720673418514194,0.015
7051,0.74,0.74,454.461,0.001588695179564364,0.015
7052,0.97,0.97,200.837,0.0026190393204439414,0.015
7053,0.97,0.97,173.899,0.00021851764529985944,0.015
7054,1.48,1.48,195.599,0.00043967504946344007,0.015
7055,1.69,1.69,204.791,0.0011816925548486018,0.015
7056,0.89,0.89,135.898,0.0013539566439535547,0.015
7057,1.26,1.26,285.523,0.0023535757189438317,0.015
7058,1.15,1.15,342.73,0.0016397747498030526,0.015
7059,0.93,0.93,266.395,0.0019106965220818722,0.015
7060,0.79,0.79,274.482,0.0013917123891548431,0.015
7061,0.75,0.75,93.322,0.0017895030110799148,0.015
7062,0.75,0.75,77.193,0.0005181817004132503,0.015
7063,1.07,1.07,324.383,0.0001,0.015
7064,1.09,1.09,23.512,0.07932119768628786,0.015
7065,1.17,1.17,1324.117,0.0009100404269411238,0.015
7066,0.9,0.9,90.623,0.0028248899286053134,0.015
7067,0.92,0.92,429.945,0.0009629138610752552,0.015
7068,1.34,1.34,102.129,0.007138031313339013,0.015
7069,0.82,0.82,360.403,0.0013040956928771395,0.015
7070,0.92,0.92,183.916,0.003017681985254141,0.015
7071,0.78,0.78,135.875,0.0011260349586016528,0.015
7072,1.22,1.22,156.477,0.009931171993328094,0.015
7073,0.96,0.96,279.779,0.008160012009478912,0.015
7074,1.11,1.11,297.327,0.003955241199083838,0.015
7075,0.87,0.87,141.146,0.01119408272285435,0.015
7076,1.24,1.24,68.012,0.0004263953419984696,0.015
7077,1.11,1.11,256.679,0.003292049602811296,0.015
7078,1.11,1.11,263.416,0.0013818446867312536,0.015
7079,0.84,0.84,217.401,0.0006439712788809645,0.015
7080,1.11,1.11,220.244,0.0015800657452643466,0.015
7081,1.47,1.47,92.125,0.003115332428765264,0.015
7082,0.84,0.84,82.271,0.002260820945412113,0.015
7083,0.7,0.7,62.668,0.00818599604263739,0.015
7084,1.17,1.17,89.945,0.0014786814164211464,0.015
7085,1.22,1.22,209.985,0.004033621449151127,0.015
7086,0.88,0.88,128.395,0.0019393278554460816,0.015
7087,1.15,1.15,509.356,0.0023814385223694234,0.015
7088,1.08,1.08,139.085,0.006729697666894344,0.015
7089,1.14,1.14,432.72,0.001400443704936217,0.015
7090,0.91,0.91,63.399,0.0014669001088345238,0.015
7091,1.24,1.24,256.642,0.005077111306800913,0.015
7092,1.4,1.4,139.897,0.0005789974052338536,0.015
7093,0.79,0.79,40.252,0.0069313326045910735,0.015
7094,1.47,1.47,643.948,0.00146906271935001,0.03
7095,1.56,1.56,154.149,0.005364939117347502,0.03
7096,1.26,1.26,518.292,0.0010785425976090701,0.03
7097,1.02,1.02,219.765,0.0003276226878711354,0.03
7098,0.68,0.68,260.297,0.0041375813013596,0.03
7099,0.89,0.89,66.265,0.0064287331170301085,0.03
7100,0.87,0.87,121.4,0.0009719934102141707,0.03
7101,1.12,1.12,211.15,0.004186597205777883,0.03
7102,1.23,1.23,196.745,0.002439706218709497,0.03
7103,0.94,0.94,133.921,0.003688741870207061,0.03
7104,0.92,0.92,170.98,0.0001462159316879162,0.03
7105,1.09,1.09,356.797,0.0024327558807949613,0.03
7106,1.0,1.0,62.783,0.002675883599063443,0.03
7107,0.98,0.98,173.07,0.004616629109608829,0.03
7108,0.98,0.98,388.02,0.0009380959744343072,0.03
7109,1.15,1.15,615.444,0.0016930866171414457,0.03
7110,0.92,0.92,147.712,0.003967179376083191,0.03
7111,0.95,0.95,253.887,0.0001,0.03
7112,1.04,1.04,422.302,0.002247206975103125,0.03
7113,1.21,1.21,179.126,0.00326027489030068,0.03
7114,1.09,1.09,159.654,0.0067708920540669165,0.03
7115,1.02,1.02,298.21,0.0003420408437007474,0.03
7116,0.92,0.92,43.523,0.0009190542931323675,0.03
7117,0.79,0.79,174.344,0.002426237782774286,0.03
7118,0.85,0.85,57.755,0.005107782875941483,0.03
7119,1.03,1.03,230.33,0.000890027352060088,0.03
7120,1.05,1.05,279.441,0.000400800168908643,0.03
7121,1.21,1.21,50.684,0.0018151684949885582,0.03
7122,1.77,1.77,661.8,0.0010048352976730131,0.03
7123,1.12,1.12,166.071,0.00205333863227174,0.03
7124,1.62,1.62,179.337,0.006624399872865054,0.03
7125,1.25,1.25,120.819,0.0001,0.03
7126,0.8,0.8,220.123,0.005837645316482149,0.03
7127,1.17,1.17,90.182,0.005998979840766449,0.03
7128,1.26,1.26,103.042,0.009889171405834516,0.03
7129,0.99,0.99,99.871,0.011024221245406574,0.03
7130,1.21,1.21,139.978,0.0006000943005329414,0.03
7131,1.53,1.53,140.973,0.0005036425414795753,0.03
7132,0.89,0.89,65.938,0.003867269252934573,0.03
7133,1.03,1.03,141.306,0.0010544492095169349,0.03
7134,1.28,1.28,154.566,0.0023420415874124976,0.03
7135,1.0,1.0,87.906,0.003560621573043935,0.03
7136,1.3,1.3,884.793,0.0019518689682219458,0.015
7137,1.11,1.11,177.763,0.0010238351062932102,0.015
7138,1.12,1.12,254.825,0.000800549396644757,0.015
7139,0.76,0.76,233.208,0.0032117251552262346,0.015
7140,0.75,0.75,262.56,0.002906002437538086,0.015
7141,0.7,0.7,249.382,0.0010345574259569656,0.015
7142,0.72,0.72,360.163,0.0018547157814656145,0.015
7143,0.75,0.75,285.398,0.00037841890973307326,0.015
7144,0.94,0.94,100.799,0.0007043720671832034,0.015
7145,0.79,0.79,112.237,0.0008018746046312701,0.015
7146,0.74,0.74,449.664,0.0002179405066894399,0.015
7147,0.9,0.9,37.461,0.0008275272950535261,0.015
7148,0.67,0.67,203.605,0.003069669212445667,0.015
7149,0.89,0.89,275.045,0.00011634459815666538,0.015
7150,0.95,0.95,342.814,0.002499897903819563,0.015
7151,1.0,1.0,120.95,0.00014055394791235602,0.015
7152,0.99,0.99,113.477,0.0011896683909514685,0.015
7153,1.01,1.01,41.734,0.009776201658120464,0.015
7154,0.7,0.7,183.512,0.0015639304241684463,0.015
7155,0.93,0.93,687.38,0.0019377927783758625,0.015
7156,0.88,0.88,394.482,0.0014195831495480138,0.015
7157,1.1,1.1,178.247,0.007332521725470832,0.015
7158,1.24,1.24,134.525,0.001040698754878273,0.015
7159,1.33,1.33,185.507,0.0002479690793339349,0.015
7160,1.33,1.33,115.466,0.020724715500666863,0.015
7161,0.85,0.85,103.715,0.008128043195294797,0.015
7162,0.9,0.9,97.403,0.01069782244900054,0.015
7163,1.04,1.04,244.141,0.009576433290598466,0.015
7164,0.92,0.92,104.952,0.0004954645933379073,0.015
7165,1.48,1.48,378.696,0.00722743308616938,0.015
7166,0.76,0.76,256.496,0.0016569459172852627,0.015
7167,1.44,1.44,181.196,0.00012693436941212902,0.015
7168,1.23,1.23,800.151,0.0003236889037194234,0.015
7169,1.09,1.09,108.521,0.0018521760765197526,0.015
7170,1.22,1.22,340.998,0.0007536701095021076,0.015
7171,0.67,0.67,139.895,0.0009149719432431474,0.015
7172,0.91,0.91,262.29,0.0022303557131419416,0.015
7173,0.68,0.68,184.935,0.000540730526941899,0.015
7174,0.82,0.82,113.906,0.0099555774059312,0.015
7175,0.94,0.94,135.17,0.004771768883628025,0.015
7176,0.94,0.94,269.292,0.00525080581673425,0.015
7177,0.8,0.8,95.75,0.0013472584856396867,0.015
7178,1.12,1.12,137.31,0.004194887480882678,0.015
7179,0.93,0.93,98.634,0.002321714621732872,0.015
7180,0.73,0.73,133.016,0.009946171889096045,0.015
7181,1.06,1.06,174.976,0.003834811631309433,0.015
7182,0.82,0.82,121.52,0.005110269914417377,0.015
7183,0.95,0.95,449.201,0.003871318184955064,0.015
7184,0.85,0.85,147.575,0.0013959003896323932,0.015
7185,0.93,0.93,95.562,0.003735794562692281,0.015
7186,0.66,0.66,284.536,0.0026956167233671657,0.015
7187,0.64,0.64,101.091,0.003590824108971125,0.015
7188,0.81,0.81,116.786,0.0015155926224033707,0.015
7189,0.94,0.94,305.891,0.0019909052571013856,0.015
7190,1.28,1.28,316.813,0.0028976083683434715,0.015
7191,1.23,1.23,858.733,0.0015301612957694653,0.015
7192,0.67,0.67,54.183,0.006699518299097511,0.015
7193,0.74,0.74,438.737,0.0034485352272545966,0.015
7194,0.97,0.97,75.946,0.0008163695257156379,0.015
7195,1.0,1.0,85.897,0.0006985110073692969,0.015
7196,0.75,0.75,124.846,0.003564391330118705,0.015
7197,1.09,1.09,171.614,0.005372522055310171,0.015
7198,0.74,0.74,59.03,0.011993901406064716,0.015
7199,0.63,0.63,375.32036175,0.00039965857248084767,0.015
7200,1.34,1.34,317.86628586,0.0010633402000640823,0.015
7201,0.51,0.51,243.95439419,0.00011477555095068851,0.015
7202,0.91,0.91,144.84842078,0.0010838916928093832,0.015
7203,0.78,0.78,325.77735556,0.00037448888916875796,0.015
7204,0.95,0.95,150.09300482,0.0002531763558573033,0.015
7205,0.81,0.81,128.14528497,0.001669979508415778,0.015
7206,1.14,1.14,116.80609334,0.0057788081143609876,0.015
7207,1.09,1.09,214.53575255,0.007238886672924386,0.015
7208,1.2,1.2,74.49868091,0.002671188235405225,0.015
7209,0.91,0.91,239.20537686,0.0010743905650181774,0.015
7210,0.92,0.92,221.35353671,0.00114296795867987,0.015
7211,1.04,1.04,120.43043136,0.0007473194190508616,0.015
7212,1.05,1.05,57.20367031,0.008181293218840664,0.015
7213,1.13,1.13,73.33274692,0.00036818476238799597,0.015
7214,0.99,0.99,276.5317749,0.0018261915838880293,0.015
7215,1.1,1.1,118.72064259,0.0026701337954744167,0.015
7216,1.09,1.09,171.24224292,0.0025577800928747543,0.015
7217,1.12,1.12,250.90660767,0.0013232015014792095,0.015
7218,1.17,1.17,199.55462025,0.0003457699947691342,0.015
7219,0.59,0.59,400.17795127,0.00015742996284544053,0.015
7220,1.49,1.49,1159.25634023,0.0013819204126001663,0.015
7221,0.76,0.76,252.8245371,0.002135868639151952,0.015
7222,0.72,0.72,86.74958831,0.0030893518369482244,0.015
7223,1.25,1.25,151.54225154,0.001999442379408116,0.015
7224,0.97,0.97,270.11015987,0.0017659461614830463,0.015
7225,1.0,1.0,287.47879575,0.003120230129181618,0.015
7226,0.65,0.65,109.76600273,0.0008108157151255718,0.015
7227,0.99,0.99,454.08865626,0.0006606639383394508,0.015
7228,1.33,1.33,351.38011204,0.00036712379437489227,0.015
7229,0.79,0.79,129.85601384,0.001925209257601527,0.015
7230,1.1,1.1,23.03274918,4.797473334010404,0.015
7231,1.02,1.02,57.87259714,0.00518380053472058,0.015
7232,0.98,0.98,641.23955939,0.0003633587425916913,0.015
7233,0.81,0.81,126.96300384,0.0014413647634756515,0.015
7234,1.08,1.08,68.57717528,0.005949501395094491,0.015
7235,1.1,1.1,143.07212973,0.0025441712560435566,0.015
7236,1.09,1.09,69.25060513,0.0009819408779511356,0.015
7237,0.85,0.85,152.25695263,0.0010574229762186696,0.015
7238,0.84,0.84,274.71949779,0.002249567304001144,0.015
7239,1.04,1.04,71.70277015,0.030110412686754455,0.015
7240,0.93,0.93,314.80874836,0.0014643811596773768,0.015
7241,1.04,1.04,123.60504369,0.002257189445276429,0.015
7242,0.79,0.79,362.21951209,0.001678540166132552,0.015
7243,1.06,1.06,52.89588555,0.0030437149945777087,0.015
7244,0.61,0.61,93.98141012,0.001649262336052307,0.015
7245,1.28,1.28,25.79161641,0.00876253726820997,0.015
7246,1.18,1.18,29.04810945,0.00444090863200736,0.015
7247,1.05,1.05,31.86538038,0.0038286064231818737,0.015
7248,0.81,0.81,156.68263342,0.004952686734080294,0.015
7249,1.07,1.07,175.73068485,0.0003755747043058356,0.015
7250,1.51,1.51,179.78542241,0.004905848250525017,0.015
7251,0.85,0.85,154.90508256,0.0010974462373379722,0.015
7252,1.0,1.0,197.51947636,0.005963968828334539,0.015
7253,1.08,1.08,30.44331427,0.006668130749484242,0.015
7254,0.96,0.96,30.43174395,0.010318173040490505,0.015
7255,0.88,0.88,31.22584724,0.01322622239280513,0.015
7256,1.42,1.42,30.37833782,0.00526691094647917,0.015
7257,1.13,1.13,136.19349036,0.0021293235031530837,0.015
7258,1.35,1.35,312.19625088,0.004493968124361867,0.015
7259,1.1,1.1,732.78200815,0.00012554893403055303,0.015
7260,1.6,1.6,779.00748182,0.0010205293511978044,0.015
7261,1.03,1.03,89.54575951,0.001116747465733787,0.015
7262,0.7,0.7,229.96206691,0.0012175921175277254,0.015
7263,0.82,0.82,142.06517855,0.0012177509067720805,0.015
7264,0.98,0.98,46.30782974,0.02530889498774422,0.015
7265,1.15,1.15,226.87090776,0.0014193093472373954,0.015
7266,0.88,0.88,146.26481944,0.006809566400268745,0.015
7267,0.93,0.93,385.92348994,0.000966512818532995,0.015
7268,1.68,1.68,1060.80193249,0.0004694561583528167,0.015
7269,0.83,0.83,139.25694755,0.0001,0.015
7270,1.17,1.17,140.00095684,0.0038642593037294874,0.015
7271,1.13,1.13,724.52597168,0.0001,0.015
7272,0.82,0.82,212.48088721,0.0006871206249045143,0.015
7273,0.93,0.93,319.69491892,0.001223041020861027,0.015
7274,0.8,0.8,79.18506907,0.0039022508110316038,0.03
7275,1.38,1.38,102.30948364,0.0008601353156042668,0.03
7276,1.72,1.72,282.24974155,0.00105934552272046,0.03
7277,1.25,1.25,249.1260118,0.0010436485460568023,0.03
7278,1.2,1.2,178.40542521,0.0020234810660890476,0.03
7279,1.31,1.31,295.82815024,0.00027042727318241186,0.03
7280,1.34,1.34,355.46321115,0.0015641562405325138,0.03
7281,1.2,1.2,96.28444508,0.004611336749472813,0.03
7282,1.3,1.3,371.00783754,0.00011859587735867344,0.03
7283,1.24,1.24,164.69615573,0.0011839984918632824,0.03
7284,0.8,0.8,306.92232062,0.0010751906193507917,0.03
7285,0.7,0.7,221.7375647,0.0016370703831401804,0.03
7286,1.13,1.13,125.58544308,0.00026276930821494916,0.03
7287,1.1,1.1,270.50389681,0.0001,0.03
7288,1.1,1.1,264.3541762,0.00026101346682640695,0.03
7289,1.3,1.3,1423.00161401,0.0001,0.03
7290,1.2,1.2,1391.38896959,0.00012218006877695296,0.03
7291,1.0,1.0,239.43231524,0.0023848075788251303,0.03
7292,0.7,0.7,85.29866988,0.001641291712953503,0.03
7293,1.2,1.2,792.25768655,0.0020763446387795726,0.03
7294,1.4,1.4,162.67547499,0.0001,0.03
7295,0.9,0.9,132.4377756,0.0008985351759411441,0.03
7296,0.9,0.9,59.81582549,0.005249446905192247,0.03
7297,0.95,0.95,53.69798264,0.0037990254004074933,0.03
7298,1.1,1.1,104.1391284,0.005089345456822542,0.03
7299,0.8,0.8,160.41606011,0.0003677935984685198,0.03
7300,0.8,0.8,112.17903292,0.0016134922479593876,0.03
7301,1.1,1.1,1072.3071024,0.0009157824263236933,0.03
7302,1.5,1.5,599.89685846,0.0019236640161151078,0.03
7303,1.1,1.1,260.26661085,0.0005494365932417447,0.03
7304,1.1,1.1,479.84242417,0.000125041048848035,0.03
7305,1.2,1.2,180.80703035,0.0008185522416551304,0.03
7306,1.1,1.1,180.16970683,0.0009824071044696144,0.03
7307,1.1,1.1,150.80402324,0.0007028990190222305,0.03
7308,1.1,1.1,146.30071128,0.0006835236761673223,0.03
7309,1.2,1.2,300.54842275,0.00037265209704049295,0.03
7310,0.9,0.9,171.63394218,0.00018061695493476186,0.03
7311,0.6,0.6,212.67601751,0.0032819873541556255,0.03
7312,1.2,1.2,367.28800628,0.005145825531147806,0.03
7313,1.33,1.33,1020.48342242,0.0014189353478826505,0.03
7314,0.99,0.99,176.83164943,0.006062263194713678,0.03
7315,1.56,1.56,278.10623978,0.0035310246932137358,0.03
7316,1.57,1.57,364.69816446,0.00461203308355143,0.03
7317,1.15,1.15,167.70814874,0.005378391013059132,0.03
7318,1.14,1.14,165.22434667,0.00265699340834319,0.03
7319,1.2,1.2,140.54000939,0.0028390491912717243,0.03
7320,1.15,1.15,167.13393559,0.0009872321824860532,0.03
7321,0.99,0.99,116.04896536,0.005377040614401567,0.03
7322,0.7,0.7,139.5912082,0.0035030859486464344,0.03
7323,1.13,1.13,215.2896516,0.0003901720281291942,0.03
7324,1.2,1.2,115.40347519,0.0038473711408516975,0.03
7325,1.0,1.0,284.56752769,0.0006536234176466655,0.03
7326,1.31,1.31,281.14629162,0.0006722478852947285,0.03
7327,1.4,1.4,128.54021983,0.0038820534200108697,0.03
7328,1.1,1.1,371.23600978,0.0008054175568183515,0.03
7329,1.4,1.4,456.24870383,0.0004098641780901942,0.03
7330,0.8,0.8,175.25836226,0.0032124002115503894,0.03
7331,1.38,1.38,174.00815054,0.0018275006027772221,0.03
7332,0.7,0.7,165.00030851,0.008806044140892857,0.03
7333,1.47,1.47,591.37625272,0.0020190191853464976,0.03
7334,0.4,0.4,175.47270636,0.0016583775678650813,0.03
7335,1.25,1.25,96.43294541,0.0032250388980418878,0.03
7336,1.0,1.0,110.35770376,0.0007249154093852819,0.03
7337,0.9,0.9,43.07320235,0.004109283506755596,0.03
7338,1.0,1.0,55.1566526,0.01220161065394313,0.03
7339,1.25,1.25,100.0,0.007330000000000006,0.03
7340,1.05,1.05,343.11099906,0.0009472153352424776,0.015
7341,0.97,0.97,340.03309442,0.0006587594080572676,0.015
7342,0.97,0.97,332.25969395,0.0009721311548809377,0.015
7343,1.12,1.12,226.57803392,0.0006090616888693002,0.015
7344,0.92,0.92,49.17681897,0.018463984027798135,0.015
7345,1.06,1.06,237.007045,0.0026412716972189594,0.015
7346,0.92,0.92,320.03846966,0.0006342987460715613,0.015
7347,0.9,0.9,43.83364729,0.023269795307056237,0.015
7348,1.1,1.1,557.55967874,0.0005972454836628944,0.015
7349,0.09,0.09,238.96761556,0.0007867174786819495,0.015
7350,1.1,1.1,341.65641583,0.0019259114405959386,0.015
7351,0.95,0.95,674.75971908,0.00041199851167618337,0.015
7352,0.99,0.99,219.38477118,0.0034824659701340726,0.015
7353,0.87,0.87,262.92248285,0.0019739658410882076,0.015
7354,1.06,1.06,179.73443881,0.005007387598942032,0.015
7355,1.1,1.1,134.76549736,0.00048231929739675543,0.015
7356,0.92,0.92,139.63217105,0.00195513682804691,0.015
7357,1.15,1.15,227.10035406,0.0006781143104660817,0.015
7358,0.86,0.86,229.93053116,0.0001,0.015
7359,0.9,0.9,311.27523795,0.0025540097735872597,0.015
7360,0.88,0.88,197.90139615,0.0016877091647541694,0.015
7361,0.87,0.87,131.30211045,0.0030007133826690153,0.015
7362,0.93,0.93,164.82037014,0.0007341325583556268,0.015
7363,0.95,0.95,133.24335349,0.0005253545348905815,0.015
7364,0.62,0.62,46.14940922,0.0008450812406738018,0.015
7365,0.91,0.91,240.99181517,0.003987687296857333,0.015
7366,0.92,0.92,225.7620713,0.001195949339254665,0.015
7367,0.99,0.99,189.59797618,0.0024578321424569977,0.015
7368,0.95,0.95,172.19800527,0.0011149954942796891,0.015
7369,0.93,0.93,165.47110778,0.0001,0.015
7370,1.05,1.05,226.21521091,0.0027982203206124803,0.015
7371,0.72,0.72,181.49459585,0.0003195687437874742,0.015
7372,0.95,0.95,133.1085233,0.0011719760397942945,0.015
7373,1.05,1.05,181.63465178,0.0019214395302869678,0.015
7374,1.12,1.12,166.55806044,0.0034042183158361963,0.015
7375,1.22,1.22,193.1295006,0.0001,0.015
7376,1.03,1.03,213.51316367,0.0001,0.015
7377,1.11,1.11,242.77876888,0.0004942771583923525,0.015
7378,0.99,0.99,218.42699179,0.0010072015285158167,0.015
7379,1.08,1.08,214.43457786,0.00013990280998238373,0.015
7380,1.09,1.09,225.10760034,0.0018968706492142621,0.015
7381,1.09,1.09,216.18214681,0.0011425550335434746,0.015
7382,1.2,1.2,1091.05847578,0.0008276366666364458,0.015
7383,0.93,0.93,99.83294572,0.009916566048012233,0.015
7384,1.11,1.11,223.29987766,0.008150474684859263,0.015
7385,0.7,0.7,118.53209048,0.0043195053586470794,0.015
7386,1.21,1.21,326.2230827,0.001918932268124261,0.015
7387,1.01,1.01,394.87931479,0.0023323581800930608,0.015
7388,1.21,1.21,451.28684357,0.002293441554405648,0.015
7389,0.87,0.87,222.75934442,0.0007541771162840458,0.015
7390,1.19,1.19,639.87402667,0.001406526851361251,0.015
7391,1.11,1.11,824.67093951,0.0024300601658047145,0.015
7392,1.35,1.35,180.23139377,0.00011651688177476333,0.015
7393,1.2,1.2,785.76092883,0.0010283025922440746,0.015
7394,1.28,1.28,81.57922082,0.001274834436448839,0.015
7395,1.22,1.22,122.25960901,0.004727644760852489,0.015
7396,1.09,1.09,347.90248817,0.0003707935539022806,0.015
7397,1.07,1.07,332.96508212,0.0019972064210635014,0.015
7398,1.32,1.32,468.53044154,0.0004652846019640937,0.015
7399,0.96,0.96,59.49290609,0.0033617453431749023,0.015
7400,1.08,1.08,214.37466796,0.0009702638934876892,0.015
7401,1.33,1.33,219.85222774,0.0016010754297030778,0.015
7402,1.29,1.29,206.35285787,0.0007850630307337837,0.015
7403,1.21,1.21,186.84800712,0.000428155489764584,0.015
7404,1.24,1.24,220.17631062,0.002897677766529195,0.015
7405,1.04,1.04,98.2658638,0.0024627066881795423,0.015
7406,0.95,0.95,108.03651501,0.0024713866415932203,0.015
7407,1.3,1.3,185.28282942,0.0001,0.015
7408,1.57,1.57,324.01269874,0.0011573620461737338,0.015
7409,1.28,1.28,168.72999781,0.0036685829907793315,0.015
7410,1.15,1.15,86.11825677,0.009126984561464208,0.015
7411,1.18,1.18,105.14423184,0.0013029720946411507,0.015
7412,1.52,1.52,206.13472368,0.00293012253936236,0.015
7413,1.18,1.18,210.94804203,0.002981776905568748,0.015
7414,1.38,1.38,72.17952725,0.0030756643671422702,0.015
7415,1.69,1.69,623.30988956,0.0016203817987116627,0.015
7416,0.67,0.67,266.11772055,0.002559017860939663,0.015
7417,1.23,1.23,339.588,0.0008745892080992252,0.03
7418,1.04,1.04,55.645,0.0011681193278821167,0.03
7419,1.09,1.09,144.826,0.011192741634789337,0.03
7420,1.0,1.0,266.471,0.005936856168213426,0.03
7421,1.48,1.48,527.729,0.00019517593310202727,0.03
7422,1.66,1.66,531.876,0.0016996442779896065,0.03
7423,0.91,0.91,101.069,0.003007846124924559,0.03
7424,0.99,0.99,152.094,0.0012032032821807557,0.03
7425,0.72,0.72,449.644,0.0036717936856713305,0.03
7426,0.82,0.82,65.481,0.015531222797452704,0.03
7427,0.8,0.8,288.34,0.0016993826732329897,0.03
7428,0.95,0.95,284.883,0.0001,0.03
7429,1.14,1.14,369.443,0.0036406157377457437,0.03
7430,0.92,0.92,154.2,0.0006485084306095956,0.03
7431,0.79,0.79,131.32,0.012024063356685957,0.03
7432,0.68,0.68,130.231,0.0035936144236011396,0.03
7433,0.96,0.96,102.533,0.0038719241610018175,0.03
7434,1.13,1.13,287.061,0.0001,0.03
7435,1.5,1.5,146.266,0.0007588913349650652,0.03
7436,1.22,1.22,891.67,0.0005001850460372108,0.03
7437,1.28,1.28,52.175,0.016080498322951615,0.03
7438,0.9,0.9,229.436,0.0001,0.03
7439,0.79,0.79,358.544,0.0004992413762327644,0.03
7440,0.77,0.77,189.001,0.011158671118142232,0.03
7441,1.13,1.13,260.463,0.005021826516626161,0.03
7442,1.14,1.14,479.199,0.001131054113218099,0.03
7443,1.01,1.01,240.005,0.007258182121205809,0.03
7444,1.04,1.04,715.556,0.0003982916780797032,0.03
7445,1.6,1.6,308.911,0.004697145779852448,0.03
7446,0.98,0.98,285.525,0.006741966552841257,0.03
7447,1.04,1.04,256.353,0.005738181335892305,0.03
7448,1.18,1.18,85.052,0.0018341720359309561,0.03
7449,1.26,1.26,305.724,0.005488610642278656,0.03
7450,1.05,1.05,145.517,0.0003367304163774705,0.03
7451,1.29,1.29,285.667,0.0010886801765692222,0.03
7452,1.22,1.22,239.524,0.0013986072376880813,0.03
7453,1.17,1.17,365.046,0.009242670786695377,0.03
7454,1.19,1.19,416.473,0.005378499926765961,0.03
7455,0.77,0.77,964.436,0.0011436736082021,0.03
7456,1.0,1.0,964.436,0.00020737508761597468,0.03
7457,0.96,0.96,659.971,0.002565264231307134,0.03
7458,0.98,0.98,329.046,0.012928283583450337,0.03
7459,1.13,1.13,694.689,0.0005570838173628769,0.03
7460,0.9,0.9,106.415,0.03450641356951557,0.03
7461,0.44,0.44,158.794,0.0004912024383792801,0.03
7462,0.48,0.48,127.911,0.0006957962958619559,0.03
7463,0.39,0.39,75.703,0.0023909224205117255,0.03
7464,1.07,1.07,232.821,0.0005540737304624563,0.015
7465,1.42,1.42,410.44,0.0008551798070363491,0.015
7466,1.03,1.03,449.677,0.0016055969062237995,0.015
7467,1.56,1.56,887.306,0.0009185106378182963,0.015
7468,0.72,0.72,174.638,0.004798497463324129,0.015
7469,1.4,1.4,69.137,0.0019092526433024239,0.015
7470,1.1,1.1,236.041,0.0013345139191920027,0.015
7471,1.69,1.69,113.303,0.0015004015780694239,0.015
7472,1.03,1.03,130.059,0.0063355861570517985,0.015
7473,1.0,1.0,141.941,0.004938671701622509,0.015
7474,0.95,0.95,227.465,0.010265315543050576,0.015
7475,0.58,0.58,135.593,0.01109939303651369,0.03
7476,1.23,1.23,176.299,0.00034033091509311165,0.015
7477,0.98,0.98,329.497,0.0025918293641520283,0.015
7478,0.61,0.61,236.552,0.0019615137475058357,0.015
7479,0.92,0.92,770.763,0.001257195791702507,0.015
7480,0.95,0.95,213.505,0.0007915505491674691,0.015
7481,1.12,1.12,760.908,0.0011525703501605985,0.015
7482,0.56,0.56,111.161,0.00014393537301751527,0.03
7483,0.75,0.75,128.025,0.0004296035930482305,0.03
7484,0.75,0.75,165.993,0.003668829408469032,0.03
7485,0.69,0.69,164.04,0.006675201170446226,0.015
7486,0.94,0.94,309.057,0.001999631136004033,0.015
7487,1.23,1.23,215.723,0.004839539594758086,0.015
7488,0.81,0.81,205.973,0.0009661460482684616,0.03
7489,0.74,0.74,209.06,0.003989285372620299,0.03
7490,2.19,2.19,596.511,0.0003051075336414591,0.015
7491,1.16,1.16,586.206,0.00023200035482407076,0.015
7492,0.83,0.83,164.559,0.004606250645665086,0.015
7493,0.91,0.91,127.935,0.011271348731777858,0.015
7494,1.13,1.13,307.277,0.0004491061810678961,0.015
7495,2.56,2.56,454.113,0.00026645350386357287,0.015
7496,2.2,2.2,101.396,0.0001,0.015
7497,1.34,1.34,390.197,0.0008918571900860308,0.015
7498,1.49,1.49,220.532,0.007985235702755151,0.015
7499,2.14,2.14,1706.024,0.00048475285224592387,0.015
7500,0.92,0.92,234.829,0.005135651899893111,0.015
7501,0.96,0.96,119.278,0.002297154546521564,0.015
7502,0.94,0.94,113.91,0.0015275217276797582,0.015
7503,0.66,0.66,660.994,0.00179729316756279,0.015
7504,1.01,1.01,127.038,0.00037783970150663613,0.015
7505,0.73,0.73,97.189,0.0015742522301906644,0.015
7506,0.78,0.78,1645.795,0.001385348722046184,0.03
7507,1.28,1.28,108.069,0.005986915766778634,0.015
7508,1.5,1.5,132.776,0.0020109055853467584,0.015
7509,1.55,1.55,142.332,0.004960233819520554,0.015
7510,1.01,1.01,44.056,0.009374432540403089,0.015
7511,0.95,0.95,124.859,0.006190983429308257,0.015
7512,0.96,0.96,133.035,0.001984440184913753,0.015
7513,0.79,0.79,413.867,0.0001,0.015
7514,0.98,0.98,554.401,0.0013672414010797223,0.015
7515,0.75,0.75,85.892,0.004889861686769431,0.015
7516,0.83,0.83,117.266,0.00625927378779868,0.015
7517,1.78,1.78,304.209,0.00026297709798197975,0.015
7518,1.09,1.09,171.727,0.002969830020905273,0.015
7519,0.91,0.91,78.589,0.0014251358332591087,0.015
7520,0.78,0.78,238.2,0.00416876574307305,0.015
7521,0.99,0.99,33.466,0.018287216876830218,0.015
7522,1.09,1.09,99.8,0.0035170340681362636,0.015
7523,0.88,0.88,78.777,0.01035835332647855,0.015
7524,0.93,0.93,27.441,0.002368718341168307,0.015
7525,1.08,1.08,166.355,0.000775450091671423,0.015
7526,1.0,1.0,167.632,0.0010081607330342684,0.015
7527,0.79,0.79,206.797,0.0023356238243301343,0.015
7528,1.01,1.01,113.891,0.0001,0.015
7529,0.78,0.78,117.258,0.008451448941650034,0.015
7530,0.86,0.86,133.802,0.00421518362954216,0.015
7531,1.19,1.19,523.549,0.0019386915073851742,0.015
7532,1.21,1.21,101.553,0.0024420745817455036,0.015
7533,1.37,1.37,66.217,0.0018575290333297995,0.015
7534,0.79,0.79,205.694,0.004939375966241116,0.015
7535,0.93,0.93,38.141,0.002149917411709204,0.015
7536,1.03,1.03,303.212,0.016536284843607776,0.015
7537,0.54,0.54,195.51,0.00020970794332770892,0.03
7538,0.93,0.93,572.324,0.0009784667426143243,0.015
7539,0.93,0.93,210.756,0.001589515838220497,0.015
7540,0.7,0.7,101.177,0.005920317858801903,0.03
7541,0.76,0.76,116.643,0.0012859751549600092,0.015
7542,0.62,0.62,31.674,0.020426848519290223,0.015
7543,0.64,0.64,286.089,0.0018665520170296618,0.015
7544,1.08,1.08,213.284,0.004426023517938519,0.015
7545,1.03,1.03,287.422,0.0013116602069431034,0.015
7546,1.08,1.08,319.516,0.0005195357978943163,0.015
7547,0.62,0.62,21.92,0.007572992700729943,0.015
7548,0.61,0.61,24.79,0.015974183138362276,0.015
7549,0.83,0.83,141.854,0.003207523228107773,0.015
7550,0.82,0.82,250.429,0.01815284970989782,0.015
7551,1.17,1.17,334.814,0.0013410430866092862,0.015
7552,0.73,0.73,227.42,0.006912320816111164,0.015
7553,0.31,0.31,290.874,0.004104870149961842,0.015
7554,0.83,0.83,151.299,0.0011764783640341248,0.015
7555,0.3,0.3,69.268,0.014898654501357049,0.03
7556,0.98,0.98,74.318,0.011343147016873436,0.03
7557,0.73,0.73,70.243,0.002946912859644388,0.015
7558,0.75,0.75,76.833,0.005245142061353851,0.03
7559,1.03,1.03,288.614,0.0016527264789649855,0.015
7560,0.86,0.86,145.159,0.003754503682169207,0.015
7561,1.15,1.15,181.054,0.009516497840423303,0.015
7562,1.2,1.2,62.89,0.008729527746859617,0.015
7563,0.79,0.79,52.076,0.009255703203010971,0.015
7564,0.59,0.59,102.503,0.0063022545681589714,0.015
7565,0.7,0.7,164.724,0.0003096088001748389,0.03
7566,0.82,0.82,99.847,0.017466724087854418,0.03
7567,0.47,0.47,111.036,0.000828560106632088,0.03
7568,0.68,0.68,100.79,0.007302311737275529,0.03
7569,0.38,0.38,115.751,0.0017364860778740462,0.03
7570,0.72,0.72,98.287,0.00262496566178641,0.015
7571,1.16,1.16,205.927,0.008313625702311983,0.015
7572,0.54,0.54,75.109,0.01817358771918146,0.03
7573,0.7,0.7,160.365,0.01977987715523961,0.015
7574,0.65,0.65,146.006,0.030793255071709384,0.015
7575,0.68,0.68,51.226,0.01727638308671381,0.015
7576,0.58,0.58,31.456,0.0022889114954222074,0.03
7577,0.64,0.64,235.593,0.0013540300433374467,0.015
7578,0.71,0.71,57.312,0.009073143495254041,0.015
7579,0.7,0.7,56.547,0.01407678568270641,0.015
7580,0.87,0.87,65.124,0.004575886002088325,0.015
7581,0.63,0.63,61.413,0.00035823034210995177,0.015
7582,0.6,0.6,52.775,0.007465656087162485,0.015
7583,1.83,1.83,316.935,0.0017637685960843683,0.015
7584,0.81,0.81,743.39,0.00026634740849352346,0.015
7585,0.73,0.73,276.883,0.0004659007595265855,0.015
7586,0.67,0.67,102.019,0.00011762514825670173,0.03
7587,0.45,0.45,111.759,0.005690816846965354,0.03
7588,0.69,0.69,123.572,0.00019421875505778744,0.03
7589,0.49,0.49,129.029,0.003286082973595079,0.03
7590,1.05,1.05,124.01,0.00529795984194823,0.015
7591,0.81,0.81,97.977,0.004623534094736513,0.015
7592,0.66,0.66,145.971,0.0025690034321885855,0.015
7593,0.73,0.73,232.565,0.0003740889643755498,0.015
7594,0.63,0.63,134.205,0.0019298833873551548,0.015
7595,0.73,0.73,132.4,0.00413141993957703,0.015
7596,0.95,0.95,124.553,0.0024567854648221976,0.015
7597,0.62,0.62,129.07,0.0009607189896955184,0.015
7598,0.96,0.96,242.747,0.001750794036589531,0.015
7599,0.87,0.87,16.324,0.012435677530017114,0.015
7600,1.33,1.33,16.199,0.014877461571702045,0.015
7601,1.17,1.17,231.675,0.0006215603755260607,0.015
7602,1.24,1.24,126.469,0.0007432651479809235,0.015
7603,1.05,1.05,298.159,0.00025825146985333314,0.015
7604,0.71,0.71,124.353,0.0007317877333076089,0.015
7605,0.69,0.69,171.932,0.001337738175557771,0.015
7606,0.7,0.7,221.001,0.0009321224790838029,0.015
7607,1.01,1.01,157.487,0.00107310444671624,0.015
7608,1.02,1.02,173.053,0.010320537638758067,0.015
7609,0.62,0.62,141.241,0.005734878682535528,0.015
7610,0.89,0.89,44.998,0.008955953597937697,0.015
7611,0.85,0.85,383.542,0.0009229758409769966,0.015
7612,0.88,0.88,256.189,0.004496680185331926,0.015
7613,0.77,0.77,36.619,0.004997405718342932,0.015
7614,0.94,0.94,262.054,0.00402207178673098,0.03
7615,0.57,0.57,391.81,0.0018580434394221683,0.015
7616,0.83,0.83,539.263,0.0024106975631556383,0.015
7617,0.71,0.71,984.606,0.0012725902543758603,0.015
7618,0.76,0.76,63.542,0.012039281105410603,0.015
7619,0.58,0.58,156.187,0.00019207744562607234,0.015
7620,0.8,0.8,625.524,0.003007078865079518,0.015
7621,1.59,1.59,599.782,0.00433991016736081,0.015
7622,0.8,0.8,225.581,0.0008378365199196665,0.015
7623,0.51,0.51,300.175,0.0018222703423003267,0.015
7624,0.75,0.75,417.124,0.0016206212061641145,0.015
7625,0.9,0.9,307.842,0.0016891782147984992,0.015
7626,0.9,0.9,426.249,0.004199423341755638,0.015
7627,0.8,0.8,1016.725,0.0013563156212348466,0.015
7628,0.7,0.7,975.158,0.0008634498204393531,0.03
7629,0.6,0.6,103.656,0.015252373234545029,0.03
7630,0.94,0.94,279.053,0.00017201033495429198,0.03
7631,1.35,1.35,80.445,0.0060165330349928525,0.015
7632,0.61,0.61,369.91,0.001543618718066556,0.03
7633,0.92,0.92,100.125,0.009158551810237201,0.015
7634,0.86,0.86,107.417,0.006535278400997979,0.015
7635,1.35,1.35,152.894,0.0003793477834316574,0.015
7636,0.35,0.35,39.782,0.013900759137298298,0.03
7637,1.09,1.09,506.346,0.0012718575835495888,0.015
7638,0.64,0.64,169.008,0.002609343936381714,0.015
7639,0.42,0.42,140.609,0.00046227481882382703,0.03
7640,0.47,0.47,304.4,0.005555190538764786,0.015
7641,1.09,1.09,123.849,0.0001049665318250442,0.015
7642,1.12,1.12,94.044,0.0037854621241121167,0.015
7643,1.03,1.03,131.549,0.006583098313176076,0.015
7644,1.25,1.25,142.617,0.0075166354642153405,0.015
7645,1.26,1.26,184.611,0.002291304418479939,0.015
7646,1.28,1.28,150.622,0.007747872156789843,0.015
7647,1.1,1.1,107.896,0.004013123748795135,0.015
7648,0.86,0.86,103.789,0.0007322548632321222,0.015
7649,0.41,0.41,64.914,0.03316695936161691,0.015
7650,0.71,0.71,96.438,0.0009332420829963277,0.015
7651,1.18,1.18,72.634,0.0017760277555965466,0.015
7652,1.5,1.5,233.484,0.00017131794898151114,0.015
7653,0.63,0.63,115.646,0.007107898241184297,0.03
7654,1.49,1.49,157.938,0.0034443895705909945,0.015
7655,0.81,0.81,743.39,0.0009362514965226863,0.015
7656,1.03,1.03,88.714,0.0020402642198525506,0.015
7657,0.69,0.69,479.164,0.0008911353941448014,0.015
7658,0.93,0.93,118.566,0.004292967629843296,0.015
7659,0.73,0.73,97.625,0.00410755441741357,0.015
7660,0.86,0.86,175.583,0.0037019529225494514,0.015
7661,0.68,0.68,109.777,0.001539484591490025,0.03
7662,0.66,0.66,148.976,0.002309096767264522,0.015
7663,0.78,0.78,198.772,0.0012023826293441771,0.015
7664,0.68,0.68,149.939,0.0006135828570285166,0.015
7665,0.52,0.52,47.276,0.04207208731703191,0.015
7666,0.68,0.68,318.147,0.008084313226275902,0.015
7667,0.87,0.87,134.795,0.0012760117215030278,0.015
7668,0.52,0.52,93.697,0.004237062019061445,0.015
7669,0.67,0.67,65.192,0.0005061970793962369,0.015
7670,0.69,0.69,63.277,0.0006005341593311986,0.015
7671,0.74,0.74,133.961,0.0012167720455953615,0.015
7672,0.56,0.56,131.411,0.0018111117029776772,0.015
7673,0.5,0.5,125.113,0.0006713930606731627,0.015
7674,1.03,1.03,99.334,0.0009664364668693507,0.015
7675,1.12,1.12,116.246,0.002821602463740698,0.015
7676,0.81,0.81,188.671,0.00244870700849627,0.015
7677,1.02,1.02,137.993,0.00253636054002739,0.015
7678,0.96,0.96,109.309,0.002826848658390444,0.015
7679,1.11,1.11,196.724,0.0003100790955856934,0.015
7680,0.71,0.71,403.497,0.0010260299333080536,0.015
7681,0.92,0.92,220.604,0.0005575601530344015,0.015
7682,0.99,0.99,224.987,0.0002044562574726512,0.015
7683,1.46,1.46,239.876,0.0037185879371008407,0.015
7684,1.17,1.17,163.17,0.009272537843966415,0.015
7685,0.84,0.84,147.275,0.0015888643693770157,0.015
7686,0.93,0.93,163.158,0.001354515255151449,0.015
7687,1.12,1.12,198.804,0.0029778072875797294,0.015
7688,1.36,1.36,190.063,0.014311044232701783,0.015
7689,1.47,1.47,466.274,0.0012095892114936712,0.015
7690,1.42,1.42,153.916,0.0015917773330907717,0.015
7691,0.97,0.97,163.667,0.0007087561939792363,0.015
7692,0.89,0.89,163.458,0.00022635784115797826,0.015
7693,1.16,1.16,256.555,0.0008146401356434348,0.015
7694,0.98,0.98,120.511,0.0004646878708167797,0.015
7695,1.08,1.08,207.889,0.002616781070667522,0.015
7696,1.01,1.01,42.545,0.03866494300152783,0.015
7697,1.68,1.68,213.094,0.0024965508179488867,0.015
7698,1.39,1.39,219.247,0.0007024041377989204,0.015
7699,0.6,0.6,205.347,0.004056548184292929,0.015
7700,1.33,1.33,220.197,0.0037421036617210942,0.015
7701,1.67,1.67,116.612,0.002898501011902713,0.015
7702,1.33,1.33,229.805,0.0026413698570527154,0.015
7703,1.13,1.13,79.366,0.0001,0.015
7704,1.37,1.37,115.078,0.006943116842489438,0.015
7705,1.39,1.39,144.866,0.0009318956829069608,0.015
7706,1.18,1.18,143.26,0.007182744660058635,0.015
7707,1.06,1.06,145.757,0.006510836529291915,0.015
7708,0.83,0.83,127.022,0.0026294657618365293,0.015
7709,1.23,1.23,143.042,0.0010905887781211153,0.015
7710,1.42,1.42,142.018,0.00037319213057500334,0.015
7711,1.38,1.38,215.738,0.002910938267713616,0.015
7712,1.11,1.11,211.493,0.001536693885849655,0.015
7713,1.61,1.61,142.949,0.001797843986316796,0.015
7714,1.16,1.16,156.459,0.003726215813727559,0.015
7715,0.81,0.81,207.437,0.0014847881525475194,0.015
7716,1.48,1.48,162.826,0.0013941262451942476,0.015
7717,1.07,1.07,119.925,0.0185616010006254,0.015
7718,0.97,0.97,138.969,0.00033100907396613183,0.015
7719,1.0,1.0,62.645,0.0005746667730864328,0.015
7720,1.0,1.0,69.466,0.0010652693403967388,0.015
7721,0.93,0.93,154.357,0.006653407360858265,0.015
7722,1.06,1.06,58.774,0.019107088168237644,0.015
7723,0.81,0.81,84.845,0.007413518769520907,0.015
7724,0.72,0.72,128.856,0.003577637052213326,0.015
7725,1.0,1.0,162.691,0.0007806209317048815,0.015
7726,0.97,0.97,208.05,0.005820716173996637,0.015
7727,0.86,0.86,51.865,0.02292490118577075,0.015
7728,1.35,1.35,117.643,0.003893134313133805,0.015
7729,0.82,0.82,131.388,0.003600024355344468,0.015
7730,1.01,1.01,113.287,0.002012587499006945,0.015
7731,0.73,0.73,120.403,0.0023172180095180346,0.015
7732,1.07,1.07,125.752,0.002115274508556524,0.015
7733,1.16,1.16,123.888,0.0001614361358646485,0.015
7734,1.11,1.11,119.912,0.0001,0.015
7735,1.44,1.44,122.147,0.005157719796638469,0.015
7736,1.05,1.05,115.601,0.0008563939758306606,0.015
7737,0.81,0.81,115.628,0.00147023212370706,0.015
7738,1.09,1.09,306.434,0.0009170000717936017,0.015
7739,0.98,0.98,84.17,0.0011524296067482631,0.015
7740,1.1,1.1,96.71,0.0001137421156033423,0.015
7741,1.16,1.16,81.255,0.0019814165282136436,0.015
7742,0.93,0.93,114.442,0.0015378969259537596,0.015
7743,0.7,0.7,779.749,0.0011926914943141955,0.015
7744,1.09,1.09,63.429,0.004934651342445866,0.015
7745,1.94,1.94,388.284,0.0012336331139063184,0.015
7746,1.11,1.11,134.834,0.0005414064701781347,0.015
7747,1.25,1.25,132.175,0.00013618309059958904,0.015
7748,1.0,1.0,91.422,0.005359760232766713,0.015
7749,0.79,0.79,82.151,0.007851395600783918,0.015
7750,0.97,0.97,190.433,0.002284267957759415,0.015
7751,0.7,0.7,164.802,0.00010315408793582275,0.015
7752,1.02,1.02,175.476,0.0010143837333880465,0.015
7753,1.09,1.09,297.945,0.00047995435399150483,0.015
7754,1.19,1.19,87.4,0.004496567505720811,0.015
7755,0.38,0.38,65.578,0.0018298819726127544,0.015
7756,0.61,0.61,56.876,0.0018988677122160585,0.03
7757,0.78,0.78,91.201,0.0001,0.015
7758,1.38,1.38,470.056,0.001716816719709993,0.015
7759,0.77,0.77,139.932,0.001036217591401535,0.015
7760,0.7,0.7,211.913,0.0033079612859994454,0.015
7761,1.04,1.04,153.978,0.002370468508488227,0.015
7762,1.05,1.05,220.081,0.003457817803445092,0.015
7763,0.95,0.95,109.032,0.0018985252036099562,0.015
7764,1.16,1.16,37.129,0.05090360634544428,0.015
7765,0.9,0.9,138.212,0.0010057013862761507,0.015
7766,1.19,1.19,106.874,0.001113460710743507,0.015
7767,1.22,1.22,144.196,0.010749257954450891,0.015
7768,0.6,0.6,107.71,0.0027016990065917776,0.03
7769,1.02,1.02,203.062,0.004299179560922277,0.015
7770,1.23,1.23,573.237,0.0004012302067033333,0.015
7771,1.31,1.31,312.979,0.0016263071963294675,0.015
7772,1.15,1.15,128.047,0.0005232453708403959,0.015
7773,1.14,1.14,131.975,0.005349498010986926,0.015
7774,1.17,1.17,173.95,0.0031848232250646755,0.015
7775,1.44,1.44,135.673,0.005808082669359418,0.015
7776,1.26,1.26,145.83,0.001515463210587671,0.015
7777,1.04,1.04,101.324,0.0008586317160791101,0.015
7778,0.9,0.9,102.339,0.004797779927495869,0.015
7779,1.38,1.38,304.983,0.002009948095467615,0.015
7780,0.91,0.91,75.417,0.0001325960990227639,0.015
7781,1.17,1.17,298.284,0.0012136085073285866,0.015
7782,0.92,0.92,333.273,0.0028115088831078406,0.015
7783,0.82,0.82,212.403,0.0002024453515251633,0.015
7784,1.05,1.05,112.9,0.003250664304694412,0.015
7785,0.95,0.95,169.363,0.003489546122824934,0.015
7786,0.55,0.55,147.189,0.004796554090319247,0.03
7787,1.6,1.6,607.442,0.0006683765692856282,0.015
7788,0.59,0.59,132.643,0.014897129890005497,0.015
7789,0.94,0.94,442.125,0.0009612666101215696,0.015
7790,0.71,0.71,128.722,0.00026413511287892277,0.015
7791,1.06,1.06,169.041,0.002064587881046611,0.015
7792,1.44,1.44,70.162,0.00017103275277216234,0.015
7793,1.25,1.25,98.417,0.017466494609671087,0.015
7794,1.28,1.28,86.506,0.0001,0.015
7795,1.6,1.6,302.357,0.0027384846390194353,0.015
7796,1.0,1.0,241.476,0.0007951100730507387,0.015
7797,0.92,0.92,250.639,0.0008538176421067697,0.015
7798,1.02,1.02,182.656,0.002436273651016119,0.015
7799,0.99,0.99,163.168,0.0007905961953324154,0.015
7800,1.54,1.54,445.417,0.002617771661162462,0.015
7801,0.99,0.99,214.039,0.007232326818944212,0.015
7802,0.95,0.95,409.45,0.0007693247038710454,0.015
7803,1.04,1.04,259.293,0.0017470583471208224,0.015
7804,1.43,1.43,256.526,0.005644652004085357,0.015
7805,1.16,1.16,130.825,0.0034091343397668625,0.015
7806,0.82,0.82,221.912,0.003952017015753988,0.015
7807,0.88,0.88,125.239,0.005389694903344796,0.015
7808,1.1,1.1,180.054,0.0004942961555977674,0.015
7809,1.46,1.46,278.818,0.0012015006204764366,0.015
7810,1.32,1.32,285.867,0.00017140838221970178,0.015
7811,1.25,1.25,281.512,0.001008837989144331,0.015
7812,1.34,1.34,289.319,0.0018629955170590237,0.015
7813,1.04,1.04,253.137,0.0014537582415845907,0.015
7814,1.12,1.12,54.23,0.00046099944680067043,0.015
7815,0.79,0.79,129.099,0.009403635969294886,0.015
7816,0.93,0.93,71.85,0.00020876826722338997,0.015
7817,1.03,1.03,123.653,0.0012777692413447265,0.015
7818,1.0,1.0,296.689,0.0016852663900582764,0.015
7819,0.62,0.62,98.053,0.00035694981285631385,0.03
7820,1.06,1.06,201.708,0.0004114859103258184,0.015
7821,1.04,1.04,116.239,0.0004903689811509078,0.015
7822,1.14,1.14,75.573,0.009738927923994004,0.015
7823,0.94,0.94,139.775,0.0018315149347165102,0.015
7824,1.16,1.16,71.128,0.0001,0.015
7825,1.17,1.17,76.872,0.004891247788531578,0.015
7826,0.87,0.87,88.098,0.0010102385979250427,0.015
7827,1.03,1.03,118.947,0.003346028062918776,0.015
7828,0.97,0.97,91.878,0.011221402294346858,0.015
7829,0.86,0.86,76.721,0.008680804473351499,0.015
7830,1.24,1.24,333.367,0.0017218260955643475,0.015
7831,0.89,0.89,244.713,0.0001,0.015
7832,0.65,0.65,95.375,0.001562254259501957,0.015
7833,0.96,0.96,87.763,0.00638082107494047,0.015
7834,1.01,1.01,27.0,0.004444444444444416,0.015
7835,0.61,0.61,78.606,0.0011831157926875807,0.015
7836,0.89,0.89,68.081,0.0024823372159633447,0.015
7837,1.22,1.22,171.109,0.0008824784201882999,0.015
7838,1.03,1.03,112.922,0.0012840721914241652,0.015
7839,0.63,0.63,84.638,0.00028356057562795825,0.015
7840,1.6,1.6,336.583,0.0013161686716203717,0.015
7841,1.01,1.01,95.986,0.00027087283562185943,0.015
7842,1.27,1.27,1245.179,0.0017258562825103853,0.015
7843,1.16,1.16,358.185,0.004265951952203467,0.015
7844,1.1,1.1,288.865,0.0014055008394924923,0.015
7845,0.85,0.85,125.783,0.006439661957498235,0.015
7846,0.98,0.98,99.37,0.009852068028580047,0.015
7847,0.6,0.6,84.102,0.016777246676654534,0.015
7848,1.43,1.43,80.44,0.03321730482347092,0.015
7849,1.04,1.04,80.778,0.0065240535789447525,0.015
7850,1.05,1.05,336.709,0.0010157138656822376,0.015
7851,1.39,1.39,219.909,0.0021781736991209966,0.015
7852,1.08,1.08,143.86,0.0017586542471847637,0.015
7853,0.8,0.8,41.33,0.006218243406726341,0.03
7854,0.69,0.69,140.042,0.006790819896888067,0.015
7855,1.08,1.08,107.281,0.0005033510127608828,0.015
7856,0.46,0.46,48.163,0.0014533978365135123,0.03
7857,0.77,0.77,160.157,0.0013674082306736478,0.015
7858,0.94,0.94,194.867,0.0013496384713676502,0.015
7859,0.9,0.9,106.223,0.0007060617756983051,0.015
7860,0.93,0.93,142.777,0.0037681139119045805,0.03
7861,1.37,1.37,441.924,0.0002217575872774481,0.015
7862,1.0,1.0,767.328,0.00040008966178739784,0.015
7863,1.08,1.08,155.004,0.0002774121958143083,0.015
7864,1.23,1.23,169.793,0.0012603582008681182,0.015
7865,1.08,1.08,262.631,0.002318842787028188,0.015
7866,0.91,0.91,163.865,0.0058706862356207945,0.015
7867,1.07,1.07,157.189,0.009561737780633506,0.015
7868,1.75,1.75,304.74,0.00030845967053881807,0.015
7869,1.13,1.13,148.145,0.0006345134834115186,0.015
7870,1.28,1.28,453.251,0.0010082713551652412,0.015
7871,0.9,0.9,321.493,0.0015770172289909878,0.015
7872,0.82,0.82,239.728,0.0001,0.015
7873,1.1,1.1,697.922,0.0017895982645625163,0.015
7874,1.07,1.07,693.695,0.0018523991091185608,0.015
7875,0.92,0.92,137.897,0.002958730066643941,0.015
7876,0.76,0.76,51.488,0.01209990677439402,0.015
7877,0.54,0.54,93.713,0.008163221751517938,0.015
7878,0.71,0.71,146.027,0.0033897840810261067,0.015
7879,0.99,0.99,242.291,0.004098377570772337,0.015
7880,0.81,0.81,184.22,0.0010259472369992403,0.015
7881,0.96,0.96,88.456,0.007043049651804299,0.015
7882,0.62,0.62,129.289,0.0042230970925600875,0.015
7883,0.71,0.71,88.821,0.015356728701545815,0.015
7884,0.99,0.99,139.758,0.0001,0.015
7885,2.65,2.65,352.632,0.00026373102838086153,0.015
7886,1.33,1.33,609.495,0.0014815544015947637,0.015
7887,1.43,1.43,204.43,0.00012229124883823486,0.015
7888,1.12,1.12,275.849,0.0014971959296571685,0.015
7889,0.81,0.81,128.518,0.0014550490981807948,0.015
7890,0.83,0.83,54.32,0.0009941089837997104,0.015
7891,1.07,1.07,39.249,0.00382175342046932,0.015
7892,1.11,1.11,158.574,0.0050764942550481145,0.015
7893,0.69,0.69,146.138,0.000711656105872526,0.015
7894,1.57,1.57,463.607,0.0018097224588929856,0.015
7895,0.83,0.83,86.611,0.0025862765699507014,0.015
7896,1.02,1.02,108.271,0.013272252034247391,0.015
7897,0.8,0.8,77.786,0.005270871365027127,0.015
7898,0.8,0.8,161.596,0.0014542439169286333,0.015
7899,0.99,0.99,95.776,0.007277397260273983,0.015
7900,1.15,1.15,90.886,0.0008142068085293648,0.015
7901,2.18,2.18,171.846,0.0020948989211270522,0.015
7902,1.52,1.52,207.903,0.002198140478973371,0.015
7903,1.41,1.41,651.623,0.0013136430113731402,0.015
7904,1.19,1.19,502.891,0.001779709718408163,0.015
7905,0.91,0.91,102.95,0.0005148130160271884,0.015
7906,1.02,1.02,105.874,0.004033095944235597,0.015
7907,1.07,1.07,85.53,0.0015667017420788068,0.015
7908,0.94,0.94,106.61,0.003104774411406072,0.015
7909,0.74,0.74,153.891,0.002969634351586506,0.015
7910,0.96,0.96,635.696,0.0016611713775137788,0.015
7911,0.79,0.79,55.715,0.004253791618056181,0.015
7912,1.04,1.04,106.682,0.01218574829868207,0.015
7913,0.66,0.66,105.769,0.00543637549754655,0.015
7914,1.51,1.51,106.093,0.0036477430179182456,0.015
7915,1.15,1.15,380.841,0.00040961976257808527,0.015
7916,1.11,1.11,64.281,0.004620338824847164,0.015
7917,1.34,1.34,272.961,0.0006118090130091837,0.015
7918,1.03,1.03,121.034,0.0036683907001338533,0.015
7919,1.06,1.06,42.51,0.00047047753469774996,0.015
7920,1.03,1.03,101.427,0.0019225649974858791,0.015
7921,0.95,0.95,109.281,0.0021778717251855267,0.015
7922,1.19,1.19,43.985,0.0033420484255996417,0.015
7923,1.09,1.09,131.402,0.014505106467177066,0.015
7924,0.95,0.95,83.57,0.008639463922460209,0.015
7925,0.67,0.67,90.481,0.009338977243841237,0.03
7926,1.04,1.04,66.757,0.0006740866126398718,0.015
7927,0.93,0.93,73.05,0.0039151266255989,0.015
7928,1.05,1.05,172.576,0.0006142221398108652,0.015
7929,0.96,0.96,251.766,0.00019065322561426104,0.015
7930,1.42,1.42,387.832,0.0003068338868375992,0.015
7931,0.76,0.76,115.586,0.0007353831778935238,0.03
7932,0.65,0.65,52.669,0.0016897985532286623,0.03
7933,0.87,0.87,20.49,0.0406051732552465,0.015
7934,1.28,1.28,1162.945,0.0001616585479106928,0.015
7935,1.3,1.3,296.769,0.00011456722231769126,0.015
7936,0.76,0.76,97.789,0.0039165959361482285,0.015
7937,1.04,1.04,212.668,0.006333816088927339,0.015
7938,1.03,1.03,11.3,0.006017699115044213,0.03
7939,0.49,0.49,29.55,0.002673434856175934,0.03
7940,0.43,0.43,63.676,0.00045543061750109794,0.03
7941,1.22,1.22,359.136,0.006872048471888086,0.015
7942,1.26,1.26,196.722,0.00043716513658868106,0.015
7943,1.2,1.2,659.442,0.0024793689209968452,0.015
7944,1.96,1.96,720.845,0.0016674874626306626,0.015
7945,2.21,2.21,120.814,0.005446388663565477,0.015
7946,0.95,0.95,190.439,0.00704687590251997,0.015
7947,1.81,1.81,524.321,0.0029314103383232806,0.015
7948,1.38,1.38,151.982,0.001348843942045769,0.015
7949,0.79,0.79,141.409,0.0005091613687954865,0.015
7950,0.75,0.75,83.312,0.0013323410793163128,0.03
7951,0.49,0.49,118.821,0.0009257622810782708,0.03
7952,0.6,0.6,102.994,0.0028545352156436345,0.03
7953,0.67,0.67,103.752,0.0023710386305806027,0.03
7954,0.8,0.8,101.614,0.004477729446729782,0.03
7955,0.84,0.84,84.795,0.0018515242644023826,0.015
7956,1.04,1.04,80.14,0.0022335912153731005,0.015
7957,1.32,1.32,183.148,0.0015124380282613024,0.015
7958,0.44,0.44,22.86,0.011986001749781318,0.015
7959,1.06,1.06,88.93,0.005701113235128749,0.015
7960,1.61,1.61,105.658,0.005839595676617001,0.015
7961,1.14,1.14,110.469,0.007812146394010986,0.015
7962,0.96,0.96,46.529,0.002965892239248638,0.015
7963,0.75,0.75,107.352,0.0007172665623369844,0.03
7964,0.65,0.65,67.801,0.0021533605699030844,0.03
7965,1.34,1.34,38.613,0.0010618185585165713,0.015
7966,1.23,1.23,896.867,0.0006333157536178716,0.015
7967,1.29,1.29,108.367,0.0004890787785949674,0.015
7968,1.44,1.44,875.763,0.0008666728327184393,0.015
7969,1.35,1.35,790.093,0.0005872726375249502,0.015
7970,0.8,0.8,110.471,0.0035393904282571896,0.03
7971,0.41,0.41,89.057,0.005771584490831707,0.03
7972,1.03,1.03,265.662,0.0025370583673991745,0.015
7973,0.96,0.96,114.839,0.0020463431412673346,0.015
7974,1.03,1.03,107.93,0.009645140368757514,0.015
7975,1.47,1.47,181.458,0.0039513275799358556,0.015
7976,0.52,0.52,107.897,0.000222434358693948,0.03
7977,1.1,1.1,438.79,0.0001,0.015
7978,0.89,0.89,94.076,0.0002870019983842959,0.03
7979,0.3,0.3,102.765,0.010441298107332249,0.03
7980,0.49,0.49,173.266,0.0042593469001419755,0.03
7981,0.96,0.96,489.092,0.0024433031004391817,0.015
7982,1.06,1.06,192.536,0.00043628204595504025,0.015
7983,0.66,0.66,273.145,0.004338355086126412,0.015
7984,0.93,0.93,197.408,0.00028874209758469963,0.015
7985,0.51,0.51,45.034,0.013523115868010836,0.03
7986,0.61,0.61,93.118,0.012650615348267799,0.03
7987,1.27,1.27,159.405,0.002540698221511252,0.015
7988,1.1,1.1,159.804,0.004305273960601741,0.015
7989,0.9,0.9,341.77,0.004488398630658047,0.015
7990,1.38,1.38,94.878,0.00024241657707792838,0.015
7991,1.35,1.35,544.443,0.0007218386497760109,0.015
7992,0.59,0.59,156.736,0.0005742139648836251,0.03
7993,0.62,0.62,89.551,0.003718551439961588,0.03
7994,0.97,0.97,152.239,0.002108526724426722,0.015
7995,1.02,1.02,82.716,0.0001,0.015
7996,0.94,0.94,144.606,0.0001244761628148257,0.015
7997,1.09,1.09,93.71,0.0030199551808771687,0.015
7998,1.12,1.12,101.762,0.0004422082899314079,0.015
7999,1.02,1.02,211.941,0.0022742178247719853,0.015
8000,0.95,0.95,113.193,0.0034189393337043694,0.015
8001,1.12,1.12,182.224,0.001585960136974272,0.015
8002,0.98,0.98,115.179,0.003333941083009911,0.015
8003,1.16,1.16,81.414,0.001191441275456304,0.015
8004,1.15,1.15,106.691,0.002502554104844827,0.015
8005,0.85,0.85,126.03,0.008013964928985175,0.015
8006,1.2,1.2,161.652,0.0014166233637690794,0.015
8007,0.93,0.93,79.135,0.004334365325077399,0.015
8008,0.47,0.47,107.537,0.0023154821131331593,0.03
8009,1.19,1.19,214.712,0.0006706658221245209,0.015
8010,0.8,0.8,151.383,0.002054391840563339,0.03
8011,0.63,0.63,136.202,0.0039059632017151,0.03
8012,0.76,0.76,138.638,0.002293743418110472,0.03
8013,0.85,0.85,89.238,0.00523319662027388,0.015
8014,1.01,1.01,107.137,0.0021934532421105635,0.015
8015,1.19,1.19,134.285,0.0009308560151915702,0.015
8016,1.12,1.12,329.284,0.002994375675708509,0.015
8017,1.01,1.01,153.913,0.001059039847186399,0.015
8018,1.18,1.18,60.621,0.008957292027515234,0.015
8019,0.89,0.89,60.252,0.014937263493328027,0.015
8020,0.4,0.4,43.27,0.0031661659348278357,0.03
8021,0.51,0.51,57.28,0.00851955307262572,0.03
8022,0.43,0.43,108.494,0.002055413202573421,0.03
8023,1.02,1.02,363.204,0.001101309456944303,0.015
8024,0.63,0.63,52.248,0.0023158781197366494,0.015
8025,0.52,0.52,55.946,0.0001,0.015
8026,0.66,0.66,168.008,0.0010416170658540005,0.015
8027,1.1,1.1,165.655,0.0037547915849204666,0.015
8028,0.6,0.6,85.396,0.0008431308257997937,0.03
8029,0.49,0.49,87.055,0.006547584860145887,0.03
8030,0.96,0.96,64.274,0.0005289852817624376,0.03
8031,1.0,1.0,134.043,0.0004252366777825055,0.015
8032,0.85,0.85,110.603,0.001871558637649964,0.015
8033,1.25,1.25,107.762,0.005103839943579376,0.015
8034,1.9,1.9,131.261,0.013484584149137988,0.015
8035,1.3,1.3,72.955,0.004605578781440594,0.015
8036,1.41,1.41,186.687,0.006267174468495396,0.015
8037,1.1,1.1,68.733,0.003695459240830453,0.015
8038,1.06,1.06,113.536,0.0028449126268320214,0.015
8039,1.27,1.27,173.17,0.0020384593174337345,0.015
8040,1.63,1.63,53.207,0.005356438062660931,0.015
8041,1.17,1.17,151.505,0.002963598561103593,0.015
8042,1.41,1.41,89.396,0.013568839769117177,0.015
8043,1.28,1.28,212.165,0.0014799802040864425,0.015
8044,1.08,1.08,28.221,0.004145848835973243,0.015
8045,1.09,1.09,28.698,0.008746254094361958,0.015
8046,0.97,0.97,62.704,0.000733605511610123,0.015
8047,0.68,0.68,23.499,0.004000170220009338,0.03
8048,0.37,0.37,133.459,0.0020081073588143093,0.03
8049,0.3,0.3,94.226,0.00015919173052022576,0.03
8050,0.7,0.7,190.024,0.004683618911295418,0.03
8051,0.95,0.95,112.407,0.0009874829859350454,0.015
8052,0.42,0.42,37.563,0.023853259856773973,0.03
8053,0.34,0.34,125.605,0.0013693722383662976,0.03
8054,0.42,0.42,118.464,0.0009707590491626167,0.03
8055,1.36,1.36,99.212,0.007519251703422977,0.03
8056,0.65,0.65,121.69,0.00016435204207413388,0.03
8057,0.56,0.56,60.283,0.0020569646500671925,0.03
8058,0.89,0.89,67.728,0.00947909284195608,0.015
8059,1.29,1.29,92.837,0.00509495136637331,0.015
8060,0.56,0.56,43.162,0.0024790324822761014,0.03
8061,1.21,1.21,371.654,0.0030296996668944757,0.015
8062,0.76,0.76,107.425,0.0008005585292064259,0.015
8063,1.26,1.26,62.341,0.0003208161563016245,0.015
8064,1.06,1.06,66.704,0.0321719836891341,0.015
8065,1.01,1.01,89.588,0.003437960441130507,0.015
8066,0.96,0.96,217.271,0.001992902872449613,0.015
8067,0.94,0.94,117.714,0.003075250182646075,0.015
8068,0.96,0.96,78.455,0.002651201325600665,0.015
8069,0.98,0.98,242.968,0.0016174969543314302,0.015
8070,0.84,0.84,79.717,0.004741774025615617,0.015
8071,0.68,0.68,90.628,0.0030564505450854152,0.015
8072,1.24,1.24,145.503,0.0038762087379641662,0.015
8073,0.53,0.53,57.778,0.03028834504482675,0.03
8074,0.7,0.7,102.755,0.01201887985986083,0.03
8075,0.96,0.96,484.066,0.004232893861580858,0.015
8076,0.81,0.81,134.193,0.003912275603049342,0.015
8077,1.11,1.11,156.737,0.001167560946043371,0.015
8078,0.8,0.8,140.753,0.006017633727167447,0.015
8079,0.98,0.98,81.002,0.0066541566874891945,0.015
8080,0.49,0.49,339.479,0.002801351482713218,0.03
8081,0.85,0.85,204.203,0.0009598291895809548,0.015
8082,0.59,0.59,393.559,0.0025485378304142456,0.015
8083,0.7,0.7,34.679,0.011159491334813589,0.03
8084,0.76,0.76,26.697,0.031576581638386336,0.015
8085,1.06,1.06,27.086,0.012294174112087433,0.015
8086,0.86,0.86,77.648,0.004777972388213482,0.015
8087,1.05,1.05,666.082,0.00030927123086947183,0.015
8088,2.26,2.26,1061.141,0.0005456390809515423,0.015
8089,0.81,0.81,221.853,0.0025602538617913646,0.015
8090,1.04,1.04,31.564,0.02322265872512991,0.015
8091,0.93,0.93,92.114,0.004201315760904971,0.015
8092,1.18,1.18,59.7,0.009815745393634846,0.015
8093,0.69,0.69,132.004,0.005174085633768673,0.015
8094,0.69,0.69,103.643,0.0005692617928851854,0.015
8095,1.16,1.16,121.436,0.004446786784808466,0.015
8096,1.0,1.0,110.419,0.0001,0.015
8097,1.05,1.05,185.808,0.003874967708602432,0.015
8098,1.02,1.02,121.235,0.012570627294098247,0.015
8099,1.21,1.21,451.124,0.005149360264583574,0.015
8100,0.81,0.81,448.327,0.0060625391734158325,0.015
8101,0.82,0.82,178.149,0.008908273411582448,0.015
8102,0.54,0.54,457.101,0.004513225742232021,0.03
8103,0.62,0.62,59.592,0.025825614176399513,0.03
8104,0.82,0.82,32.569,0.015751174429672384,0.015
8105,1.09,1.09,152.196,0.003561197403348313,0.015
8106,1.32,1.32,51.008,0.011409974905897128,0.015
8107,1.03,1.03,30.876,0.013635185904909941,0.015
8108,0.95,0.95,269.544,0.012498887009171048,0.015
8109,0.65,0.65,60.408,0.0014733147927426752,0.03
8110,1.14,1.14,126.581,0.0002844028724690157,0.015
8111,0.81,0.81,100.46,0.011507067489548077,0.015
8112,1.32,1.32,129.632,0.0030085164156998245,0.015
8113,0.88,0.88,279.761,0.0037424801884465685,0.015
8114,0.88,0.88,119.601,0.0037708714810076884,0.015
8115,0.64,0.64,440.855,0.004334758594095563,0.03
8116,0.66,0.66,94.974,0.011466296038915918,0.015
8117,1.23,1.23,79.115,0.001605258168488917,0.015
8118,1.27,1.27,111.977,0.011618457361779645,0.015
8119,1.09,1.09,242.272,0.005369997358341039,0.015
8120,1.02,1.02,134.089,0.0018122291910596586,0.015
8121,0.96,0.96,122.697,0.0001,0.015
8122,1.08,1.08,114.854,0.0001,0.015
8123,1.02,1.02,286.926,0.0014568216195116486,0.015
8124,1.01,1.01,242.053,0.004924541319463093,0.015
8125,0.33,0.33,133.921,0.0011872671201678653,0.03
8126,0.24,0.24,132.74,0.004550248606298033,0.03
8127,2.07,2.07,627.439,0.0001,0.015
8128,1.12,1.12,356.742,0.0018977300121656535,0.015
8129,1.02,1.02,324.291,0.0016096653931191437,0.015
8130,0.99,0.99,69.242,0.0067444614540307975,0.015
8131,0.45,0.45,203.792,0.004558569521865424,0.015
8132,0.97,0.97,47.646,0.011879276329597463,0.015
8133,0.89,0.89,114.507,0.0034757700402595444,0.015
8134,1.17,1.17,116.495,0.001218936435040141,0.015
8135,0.66,0.66,22.827,0.01958207385990271,0.015
8136,0.76,0.76,470.77,0.0006946067081589736,0.015
8137,1.19,1.19,622.229,0.0007858842966174844,0.015
8138,0.48,0.48,321.386,0.0001524646375386646,0.015
8139,1.26,1.26,270.235,0.003189816271023369,0.015
8140,1.74,1.74,235.262,0.005100696245037452,0.015
8141,2.06,2.06,263.316,0.00236977623843595,0.015
8142,1.27,1.27,336.241,0.0011152714868204652,0.015
8143,0.7,0.7,183.245,0.002668558487271134,0.015
8144,0.47,0.47,50.232,0.007963051441312319,0.03
8145,0.91,0.91,90.01,0.013787356960337756,0.015
8146,0.54,0.54,86.619,0.023816945473856762,0.015
8147,0.3,0.3,99.35,0.009380976346250633,0.03
8148,0.34,0.34,25.158,0.015859766277128512,0.03
8149,0.24,0.24,328.686,0.0038760397461406913,0.015
8150,0.43,0.43,274.845,0.0076734159253397365,0.03
8151,0.29,0.29,143.088,0.0017262104439226204,0.03
8152,0.66,0.66,250.845,0.0005939923060056972,0.015
8153,0.67,0.67,119.983,0.0007584407791103681,0.015
8154,0.58,0.58,151.485,0.0015513087104333724,0.015
8155,0.7,0.7,144.165,0.002559567162626156,0.015
8156,0.67,0.67,56.457,0.018917051915617187,0.015
8157,0.72,0.72,148.107,0.004071380826024426,0.015
8158,0.82,0.82,83.505,0.001353212382492061,0.015
8159,0.72,0.72,115.335,0.0035375211340876686,0.015
8160,0.86,0.86,132.772,0.0107100894766969,0.015
8161,1.21,1.21,301.242,0.005397653713625588,0.015
8162,1.31,1.31,60.71,0.0007082852907263921,0.015
8163,0.72,0.72,193.785,0.005583507495420186,0.015
8164,1.01,1.01,72.795,0.0026100693728965075,0.015
8165,1.07,1.07,72.559,0.011976460535564159,0.015
8166,0.97,0.97,166.544,0.010429676241713901,0.015
8167,0.81,0.81,208.706,0.00016770001820743123,0.03
8168,0.48,0.48,102.62,0.0052718768271292175,0.03
8169,0.37,0.37,90.852,0.012030555188658476,0.03
8170,0.78,0.78,211.704,0.0013320485205758985,0.015
8171,1.1,1.1,265.97,0.0010527503101853567,0.015
8172,1.3,1.3,707.752,0.005443997332398922,0.015
8173,0.7,0.7,822.419,0.009377215263752419,0.015
8174,2.37,2.37,324.259,0.008807774032486376,0.015
8175,2.03,2.03,248.488,0.014620424326325614,0.015
8176,1.13,1.13,198.26,0.0010037324725108525,0.015
8177,0.85,0.85,154.303,0.007679695145266135,0.015
8178,0.75,0.75,142.53,0.00972426857503684,0.015
8179,0.68,0.68,192.88,0.00787536291995023,0.015
8180,0.57,0.57,176.924,0.0018030340711265801,0.03
8181,0.69,0.69,119.54,0.006031453906642114,0.015
8182,0.49,0.49,209.144,0.002156408981371689,0.015
8183,1.05,1.05,155.237,0.003085604591688832,0.015
8184,0.55,0.55,66.347,0.012690852638401116,0.03
8185,0.39,0.39,55.319,0.003868471953578312,0.03
8186,0.43,0.43,88.052,0.00605324126652432,0.015
8187,0.69,0.69,28.992,0.002379966887417186,0.015
8188,0.84,0.84,616.121,0.0046273378118908476,0.015
8189,0.47,0.47,87.095,0.0003903783225213927,0.03
8190,0.44,0.44,87.253,0.012240266810310242,0.03
8191,0.62,0.62,99.898,0.008268433802478534,0.03
8192,0.71,0.71,151.518,0.0002837946646602995,0.015
8193,0.21,0.21,97.202,0.0002263327915063501,0.03
8194,0.42,0.42,95.993,0.007563051472503194,0.03
8195,0.41,0.41,96.64,0.007295115894039736,0.03
8196,0.24,0.24,96.602,0.005144821018198379,0.03
8197,0.59,0.59,96.335,0.004629677687237242,0.03
8198,0.37,0.37,127.58,0.01018968490358991,0.03
8199,0.58,0.58,99.675,0.006380737396538744,0.03
8200,0.64,0.64,54.055,0.005198409027841991,0.03
8201,0.77,0.77,118.893,0.015938701185099203,0.03
8202,0.89,0.89,34.33,0.010544713078939706,0.015
8203,1.19,1.19,39.681,0.0009324361785237472,0.015
8204,0.75,0.75,63.94,0.0044103847356897095,0.03
8205,0.75,0.75,142.492,0.0017053588973416076,0.015
8206,0.51,0.51,35.635,0.004040970955521261,0.015
8207,0.33,0.33,25.573,0.01540687443788364,0.03
8208,0.56,0.56,58.35,0.0019880034275921105,0.03
8209,0.7,0.7,593.674,0.012990294336622457,0.015
8210,1.3,1.3,115.267,0.04163377202495076,0.015
8211,0.7,0.7,224.61,0.004038110502649036,0.015
8212,0.59,0.59,187.714,0.0001385085822048425,0.015
8213,0.69,0.69,39.234,0.00458785747056124,0.015
8214,1.24,1.24,105.372,0.014368143339786654,0.015
8215,0.86,0.86,22.311,0.03227107704719648,0.015
8216,1.23,1.23,152.014,0.0031773389293091457,0.015
8217,0.81,0.81,165.821,0.0033530131889205885,0.015
8218,0.81,0.81,223.057,0.004487642172180211,0.015
8219,0.74,0.74,180.145,0.002481334480557324,0.015
8220,0.82,0.82,229.262,0.004841622248780869,0.015
8221,0.57,0.57,126.222,0.0023529971003470123,0.015
8222,0.57,0.57,185.653,0.00457304756723565,0.015
8223,0.36,0.36,29.543,0.007683715262498741,0.015
8224,0.57,0.57,141.696,0.00024700767841011843,0.015
8225,0.71,0.71,699.901,0.004219168139494016,0.015
8226,0.78,0.78,188.387,0.006746750041138724,0.015
8227,0.9,0.9,183.537,0.008608618425712526,0.015
8228,0.87,0.87,160.076,0.01063869661910592,0.015
8229,0.78,0.78,53.887,0.024903965706014414,0.015
8230,0.7,0.7,233.009,0.0007810857091357003,0.015
8231,0.89,0.89,229.953,0.0014046348601670794,0.015
8232,0.72,0.72,280.317,0.006378492920514989,0.015
8233,0.76,0.76,185.869,0.003346442924855677,0.015
8234,0.73,0.73,187.429,0.001317832352517486,0.015
8235,0.65,0.65,137.67,0.019016488704873977,0.015
8236,0.59,0.59,74.879,0.011365002203555056,0.015
8237,0.83,0.83,250.483,0.00027546779621771074,0.015
8238,0.68,0.68,133.832,0.022827126546715298,0.015
8239,0.62,0.62,134.294,0.005249676083816105,0.015
8240,0.61,0.61,381.746,0.0021558837551670495,0.015
8241,0.51,0.51,238.711,0.004633217572713448,0.015
8242,0.74,0.74,160.565,0.004210132967956903,0.015
8243,0.9,0.9,166.316,0.011520238581976481,0.015
8244,1.31,1.31,148.347,0.010799005035491114,0.015
8245,0.5,0.5,88.275,0.010954403851600118,0.015
8246,1.1,1.1,80.32,0.0018177290836653487,0.015
8247,0.5,0.5,79.901,0.00040049561332148573,0.015
8248,0.66,0.66,192.728,0.0005344319455398269,0.015
8249,0.87,0.87,210.49,0.005795999809967222,0.015
8250,1.04,1.04,195.579,0.0021474698203794882,0.015
8251,0.77,0.77,213.928,0.001724879398676189,0.015
8252,0.79,0.79,47.077,0.00042483590713086167,0.015
8253,0.89,0.89,155.914,0.014629860051053791,0.015
8254,1.1,1.1,214.35,0.002299976673664569,0.015
8255,0.99,0.99,227.186,0.00864489889341773,0.015
8256,0.77,0.77,93.289,0.006538820225321327,0.015
8257,0.74,0.74,238.26,0.0075002098547804884,0.015
8258,0.71,0.71,207.32,0.00248408257765773,0.015
8259,0.7,0.7,48.995,0.004796407796713939,0.015
8260,0.63,0.63,66.236,0.0016758258348934213,0.015
8261,0.89,0.89,56.325,0.015712383488681755,0.015
8262,0.81,0.81,37.188,0.016161127245347937,0.015
8263,1.1,1.1,61.427,0.006853663698373669,0.015
8264,0.98,0.98,72.478,0.0046358895112999605,0.015
8265,0.75,0.75,32.272,0.00839737233515124,0.015
8266,0.67,0.67,63.843,0.02933759378475324,0.015
8267,0.65,0.65,85.607,0.03174974009134767,0.015
8268,0.49,0.49,13.141,0.18354767521497609,0.015
8269,0.67,0.67,75.302,0.04410241427850523,0.015
8270,0.84,0.84,82.379,0.006105925053715147,0.015
8271,1.0,1.0,428.285,0.0012491681940763747,0.015
8272,1.05,1.05,470.039,0.0024934101212878055,0.015
8273,0.83,0.83,28.2,0.006489361702127654,0.015
8274,0.63,0.63,210.764,0.014186483460173465,0.015
8275,0.64,0.64,180.373,0.0034705859524429904,0.015
8276,0.6,0.6,146.241,0.0007179929021273133,0.015
8277,0.84,0.84,155.439,0.010454261800449052,0.015
8278,0.77,0.77,375.844,0.008764274539436574,0.015
8279,0.68,0.68,104.736,0.007666895814237693,0.015
8280,0.73,0.73,182.481,0.006822628109227816,0.015
8281,0.91,0.91,149.9,0.0008739159439626433,0.015
8282,0.77,0.77,171.681,0.006931460091681662,0.015
8283,0.74,0.74,41.094,0.004696549374604556,0.015
8284,0.69,0.69,60.477,0.021313887924334866,0.015
8285,0.94,0.94,217.233,0.004617162217526803,0.015
8286,0.76,0.76,458.111,0.0016808153482452933,0.015
8287,0.75,0.75,518.832,0.00419018102198785,0.015
8288,0.79,0.79,502.122,0.0061857476868171475,0.015
8289,0.82,0.82,165.396,0.004957798253887641,0.015
8290,0.83,0.83,90.084,0.0013209892988766015,0.015
8291,0.85,0.85,96.231,0.004624289470129172,0.015
8292,0.69,0.69,97.039,0.003101845649687241,0.015
8293,0.72,0.72,81.135,0.004437049362174158,0.015
8294,0.77,0.77,82.523,0.013608327375398367,0.015
8295,0.76,0.76,30.064,0.00399148483235764,0.015
8296,0.67,0.67,31.871,0.004612343509773784,0.015
8297,0.93,0.93,170.477,0.001636584407280747,0.015
8298,0.8,0.8,59.051,0.004335235643765548,0.015
8299,0.66,0.66,61.559,0.0024854204909111662,0.015
8300,0.88,0.88,168.254,0.001182735625898943,0.015
8301,1.0,1.0,301.423,0.0038086012016335835,0.015
8302,0.8,0.8,300.797,0.0029056140852468625,0.015
8303,0.87,0.87,384.597,0.0038767853103378333,0.015
8304,0.74,0.74,104.548,0.004629452500286949,0.015
8305,0.93,0.93,79.445,0.00040279438605324476,0.015
8306,1.02,1.02,94.617,0.00031706775737975465,0.015
8307,0.99,0.99,381.223,0.004763616046251144,0.015
8308,0.83,0.83,264.72,0.002100332426715016,0.015
8309,0.66,0.66,29.59,0.008313619466035808,0.015
8310,0.84,0.84,98.859,0.0005563479298799272,0.015
8311,0.68,0.68,102.459,0.0002928000468480099,0.015
8312,0.77,0.77,92.299,0.0018418401066100383,0.015
8313,0.88,0.88,93.099,0.0018582369305792763,0.015
8314,0.67,0.67,18.467,0.027833432609519697,0.015
8315,0.63,0.63,16.058,0.0013077593722754955,0.015
8316,0.68,0.68,101.451,0.0003351371598111472,0.015
8317,0.57,0.57,97.82,0.001277857288897976,0.015
8318,0.94,0.94,13.021,0.032562783196375046,0.015
8319,0.85,0.85,182.633,0.007901091259520461,0.015
8320,0.94,0.94,181.216,0.007681440932368004,0.015
8321,0.85,0.85,68.241,0.0024911709969080162,0.015
8322,0.87,0.87,70.535,0.0019422981498546886,0.015
8323,0.81,0.81,83.499,0.013676810500724553,0.015
8324,0.68,0.68,89.086,0.010057697056776596,0.015
8325,0.71,0.71,87.84,0.006705373406193082,0.015
8326,0.83,0.83,251.796,0.008558515623758913,0.015
8327,0.63,0.63,182.131,0.003991632396461889,0.015
8328,0.64,0.64,61.891,0.014848685592412475,0.015
8329,0.8,0.8,282.04,0.002013898737767691,0.015
8330,0.73,0.73,168.872,0.01075370694964233,0.015
8331,0.69,0.69,107.791,0.02037275839355791,0.015
8332,0.73,0.73,261.914,0.0019930206098184877,0.015
8333,0.73,0.73,229.372,0.0033133948345918447,0.015
8334,1.4,1.4,396.704,0.0033929579737033153,0.015
8335,0.82,0.82,110.577,0.002993389221990102,0.015
8336,0.55,0.55,72.347,0.0026953432761552005,0.03
8337,0.71,0.71,111.097,0.011854505522201313,0.015
8338,0.85,0.85,72.197,0.002160754601991768,0.015
8339,0.79,0.79,139.422,0.009618281189482292,0.015
8340,0.76,0.76,144.895,0.0026985058145553675,0.015
8341,0.77,0.77,45.993,0.01765486052225339,0.015
8342,0.81,0.81,144.932,0.00868683244556068,0.015
8343,0.78,0.78,81.559,0.000576269939552969,0.015
8344,0.79,0.79,67.888,0.0016497761018147551,0.015
8345,0.81,0.81,126.798,0.000607265098818593,0.015
8346,0.85,0.85,89.604,0.0033257443864113216,0.015
8347,0.49,0.49,155.568,0.005585981692893138,0.03
8348,0.7,0.7,140.119,0.00028547163482469133,0.015
8349,0.54,0.54,104.664,0.006716731636474826,0.015
8350,0.68,0.68,127.757,0.009862473289134853,0.015
8351,0.56,0.56,51.237,0.003103226184202836,0.015
8352,0.66,0.66,667.351,0.006828490554445862,0.015
8353,0.84,0.84,126.884,0.00864569212824313,0.015
8354,0.64,0.64,138.994,0.008115458221218183,0.015
8355,0.65,0.65,188.087,0.004742486189901479,0.015
8356,0.65,0.65,41.114,0.0024565841319258426,0.015
8357,0.59,0.59,88.507,0.0023274995198119867,0.015
8358,0.66,0.66,93.96,0.004512558535547036,0.03
8359,1.01,1.01,347.808,0.006431709448891342,0.015
8360,1.05,1.05,43.042,0.02339575298545606,0.015
8361,0.77,0.77,106.621,0.0035827838793483597,0.015
8362,0.6,0.6,148.595,0.0009623473198963553,0.015
8363,0.6,0.6,171.586,0.002494375998041803,0.015
8364,0.95,0.95,158.207,0.01580208208233517,0.015
8365,0.97,0.97,60.955,0.012008858994340076,0.015
8366,1.2,1.2,198.642,0.0027083899678819194,0.015
8367,1.06,1.06,151.293,0.0028289478032691587,0.015
8368,1.37,1.37,150.73,0.0071916672195316104,0.015
8369,0.9,0.9,136.688,0.0017704553435561215,0.015
8370,0.64,0.64,141.528,0.0059776157368153305,0.015
8371,0.78,0.78,114.921,0.004107169272804807,0.015
8372,0.74,0.74,254.407,0.001505461720785981,0.015
8373,0.63,0.63,62.089,0.010356101724943239,0.015
8374,0.65,0.65,162.132,0.0025658105741001073,0.015
8375,0.77,0.77,162.799,0.0032064079017684395,0.015
8376,0.74,0.74,199.672,0.0022086221403101033,0.015
8377,0.67,0.67,112.195,0.0001,0.015
8378,0.78,0.78,84.593,0.009409762037047995,0.015
8379,0.68,0.68,90.011,0.0018108897801379664,0.015
8380,0.99,0.99,92.82,0.006614953673777212,0.015
8381,1.01,1.01,169.516,0.00341560678638004,0.015
8382,0.82,0.82,162.255,0.0019660411081322553,0.015
8383,1.24,1.24,252.911,0.00018188216408144032,0.015
8384,0.85,0.85,163.124,0.003825310806503032,0.015
8385,1.28,1.28,562.471,0.006019865913087073,0.015
8386,0.78,0.78,705.754,0.006624121152696266,0.015
8387,0.89,0.89,145.213,0.004648344156514906,0.015
8388,1.25,1.25,1162.827,0.005628524277472057,0.015
8389,0.78,0.78,597.807,0.002661394061963141,0.015
8390,0.83,0.83,112.712,0.0034335297040244046,0.03
8391,0.96,0.96,119.022,0.001235065786157183,0.015
8392,0.78,0.78,164.173,0.0043064328482759085,0.015
8393,0.75,0.75,39.237,0.008690776562938025,0.015
8394,0.73,0.73,168.805,0.00700216225822694,0.015
8395,0.7,0.7,64.708,0.0029208135006490708,0.015
8396,1.0,1.0,95.49,0.0015708451146716972,0.03
8397,0.51,0.51,33.767,0.0064263926318595226,0.015
8398,0.81,0.81,170.449,0.0034849133758484904,0.015
8399,1.06,1.06,180.385,0.004052443384982121,0.015
8400,0.76,0.76,180.811,0.0030860954256101665,0.015
8401,0.89,0.89,196.005,0.0074079742863702456,0.015
8402,1.12,1.12,200.151,0.006000469645417703,0.015
8403,0.74,0.74,57.781,0.0009691767189906879,0.015
8404,0.69,0.69,132.13,0.03243018239612502,0.015
8405,0.39,0.39,121.095,0.0031050002064494774,0.015
8406,0.64,0.64,136.872,0.0012639546437547492,0.015
8407,0.82,0.82,135.946,0.0032145116443293618,0.015
8408,0.75,0.75,621.813,0.002669612890048938,0.015
8409,0.72,0.72,56.228,0.012235896706267319,0.015
8410,0.8,0.8,122.817,0.004119950821140398,0.015
8411,0.74,0.74,294.289,0.005525181029532193,0.015
8412,0.66,0.66,198.686,0.0002264880263330075,0.015
8413,0.59,0.59,99.534,0.001828520907428621,0.015
8414,0.73,0.73,54.251,0.002893955871781166,0.015
8415,1.19,1.19,119.991,0.005858772741288925,0.015
8416,0.91,0.91,64.192,0.0007010219341974067,0.015
8417,0.73,0.73,118.22,0.0022585010996447256,0.015
8418,0.93,0.93,20.957,0.012883523405067498,0.015
8419,0.64,0.64,151.168,0.005920565198983909,0.015
8420,0.61,0.61,56.669,0.0013587675801584635,0.015
8421,0.77,0.77,407.741,0.006170583777446958,0.015
8422,0.83,0.83,74.755,0.002153702093505446,0.015
8423,0.74,0.74,219.8,0.00013193812556869843,0.015
8424,1.22,1.22,222.535,0.00035949401217786,0.015
8425,0.94,0.94,128.024,0.004694432293944892,0.015
8426,0.71,0.71,105.547,0.005912058135238318,0.015
8427,1.15,1.15,120.903,0.001513610084117018,0.015
8428,0.88,0.88,210.944,0.0043139411407767,0.015
8429,0.74,0.74,118.174,0.0014724050975679886,0.015
8430,0.83,0.83,39.382,0.030191458026509577,0.015
8431,0.8,0.8,52.94,0.00793350963354741,0.015
8432,0.77,0.77,327.765,0.007285707747929157,0.015
8433,0.92,0.92,111.906,0.007693957428556115,0.015
8434,0.93,0.93,114.076,0.014025737227813034,0.015
8435,0.78,0.78,123.76,0.008734647705235951,0.015
8436,0.62,0.62,113.47,0.0028201286683704812,0.015
8437,0.66,0.66,32.023,0.015270274490210128,0.015
8438,0.75,0.75,49.729,0.0016087192583804234,0.015
8439,0.48,0.48,65.821,0.005530149952142945,0.015
8440,0.64,0.64,55.028,0.003652685905357282,0.015
8441,0.89,0.89,171.25,0.007719708029197076,0.015
8442,0.74,0.74,51.092,0.0012330697565176665,0.015
8443,0.89,0.89,156.824,0.0006950466765291025,0.015
8444,1.3,1.3,9.965,0.01796287004515808,0.015
8445,0.92,0.92,52.973,0.00011326524833406126,0.015
8446,0.79,0.79,52.899,0.0038753095521654487,0.015
8447,1.49,1.49,81.821,0.0005744246587062074,0.015
8448,0.76,0.76,133.29,0.002723385100157548,0.015
8449,0.91,0.91,78.487,0.0008536445526010699,0.015
8450,1.31,1.31,200.292,0.0034599484752261766,0.015
8451,1.23,1.23,242.008,0.003574262007867509,0.015
8452,0.65,0.65,38.297,0.0073896127634018195,0.015
8453,0.68,0.68,218.246,0.0017411544770579942,0.015
8454,0.75,0.75,5.011,0.013570145679505012,0.015
8455,0.96,0.96,225.575,0.006215227751302225,0.015
8456,0.45,0.45,113.352,0.01309196132401722,0.015
8457,0.64,0.64,845.771,0.004151241884623616,0.015
8458,0.64,0.64,322.652,0.004974399662794586,0.015
8459,0.64,0.64,137.908,0.006895901615569805,0.015
8460,0.8,0.8,329.164,0.006191442563585326,0.015
8461,0.85,0.85,369.505,0.0001569667528179587,0.015
8462,0.68,0.68,95.832,0.004518323733199765,0.015
8463,0.74,0.74,126.156,0.00940898570024415,0.015
8464,0.83,0.83,187.799,0.003679465811852037,0.015
8465,0.94,0.94,408.026,0.004546278913598639,0.015
8466,0.62,0.62,71.949,0.003085518909227363,0.015
8467,0.42,0.42,233.671,0.0015534661982017433,0.015
8468,0.86,0.86,495.728,0.000752428751250688,0.015
8469,0.95,0.95,261.905,0.003184360741490234,0.015
8470,1.19,1.19,264.673,0.005682483668526822,0.015
8471,0.78,0.78,215.27,0.005592976262368192,0.015
8472,0.99,0.99,221.185,0.003865542419241813,0.015
8473,0.87,0.87,220.054,0.0053804975142465,0.015
8474,1.03,1.03,91.318,0.0027814888630937995,0.015
8475,0.92,0.92,348.988,0.001959952777745943,0.015
8476,0.79,0.79,108.007,0.003684946346070159,0.015
8477,0.82,0.82,82.407,0.00247551785649276,0.015
8478,0.51,0.51,259.464,0.002667036660191781,0.015
8479,0.68,0.68,92.483,0.007731150589838131,0.015
8480,0.72,0.72,114.038,0.0061207667619565444,0.015
8481,0.9,0.9,192.81,0.005751776360147295,0.015
8482,0.77,0.77,74.234,0.0016299808712988719,0.015
8483,0.77,0.77,46.738,0.0027172750224656738,0.015
8484,1.09,1.09,61.391,0.010278379567037518,0.015
8485,0.72,0.72,207.207,0.006269093225614971,0.015
8486,0.73,0.73,276.135,0.0005830481467398242,0.015
8487,0.79,0.79,153.319,0.0009066064871281404,0.015
8488,1.13,1.13,164.459,0.001939693175806741,0.015
8489,0.61,0.61,165.881,0.000620927050114237,0.015
8490,0.82,0.82,192.22,0.004130683591717817,0.015
8491,0.81,0.81,58.013,0.00046541292468931146,0.015
8492,0.75,0.75,222.611,0.007138012047922154,0.015
8493,0.68,0.68,102.709,0.001548062974033441,0.015
8494,0.97,0.97,35.039,0.004908815890864482,0.015
8495,0.84,0.84,125.218,0.0048475458799853,0.015
8496,0.73,0.73,199.006,0.002411987578263974,0.015
8497,0.74,0.74,62.415,0.01586157173756309,0.015
8498,0.82,0.82,53.809,0.004515973164340544,0.015
8499,0.81,0.81,188.688,0.010514712117357754,0.015
8500,0.69,0.69,145.467,0.010476602940873181,0.015
8501,0.85,0.85,138.625,0.004313796212804334,0.015
8502,0.76,0.76,23.283,0.10359489756474684,0.015
8503,0.65,0.65,259.365,0.004958263451121005,0.015
8504,0.91,0.91,182.292,0.0025727952954600376,0.015
8505,0.77,0.77,102.572,0.0011016651717817684,0.015
8506,0.96,0.96,182.093,0.006447254974106635,0.015
8507,0.53,0.53,160.401,0.0003802968809421384,0.015
8508,0.71,0.71,167.001,0.0003712552619445356,0.015
8509,0.95,0.95,73.64,0.0005703422053231914,0.015
8510,0.55,0.55,127.252,0.0003221953289535614,0.03
8511,0.5,0.5,293.386,0.0018337616655191402,0.03
8512,0.71,0.71,168.461,0.00265343313882739,0.015
8513,0.77,0.77,327.375,0.0006689576174112239,0.015
8514,0.63,0.63,172.332,0.001375252419747929,0.015
8515,0.62,0.62,311.849,0.0011576115363525316,0.015
8516,0.52,0.52,332.55,0.004170801383250635,0.015
8517,0.67,0.67,155.234,0.0011144465774250488,0.015
8518,0.65,0.65,137.363,0.0019364748877062966,0.015
8519,0.7,0.7,302.897,0.004932369749452787,0.015
8520,0.49,0.49,66.869,0.0158668441280713,0.015
8521,0.49,0.49,36.852,0.00474872462824272,0.015
8522,0.71,0.71,107.462,0.009380059928160652,0.015
8523,0.68,0.68,140.247,0.0023387309532467673,0.015
8524,0.75,0.75,136.917,0.0002556293228744432,0.015
8525,0.64,0.64,235.38,0.002285665732007818,0.015
8526,0.69,0.69,252.388,0.0039027212070304497,0.015
8527,0.48,0.48,93.681,0.0029995409955060133,0.03
8528,0.49,0.49,430.433,0.0014125311024015365,0.03
8529,0.58,0.58,448.189,0.0013074841194228334,0.015
8530,0.58,0.58,63.197,0.0009494121556403072,0.03
8531,0.64,0.64,122.708,0.0052971281416044624,0.03
8532,0.4,0.4,191.089,0.0015908817357357058,0.015
8533,1.14,1.14,309.582,0.005332997396489459,0.015
8534,0.7,0.7,92.901,0.00041980172441631093,0.015
8535,0.66,0.66,133.148,0.0067293538017844795,0.03
8536,1.35,1.35,246.307,0.0015833898346372605,0.015
8537,0.4,0.4,55.674,0.019865646441786095,0.03
8538,0.33,0.33,77.62,0.004431847461994335,0.03
8539,0.39,0.39,131.467,0.0013615584138985469,0.03
8540,0.54,0.54,128.143,0.006641018237437862,0.03
8541,0.56,0.56,122.854,0.004289644618815824,0.03
8542,0.56,0.56,136.494,0.0014286342256802519,0.03
8543,0.7,0.7,76.729,0.0017985377106439534,0.03
8544,0.59,0.59,90.116,0.003007235119179733,0.03
8545,0.48,0.48,154.657,0.003446336085660534,0.03
8546,0.52,0.52,30.859,0.00042127094202663406,0.03
8547,0.32,0.32,19.712,0.022930194805194804,0.03
8548,0.55,0.55,117.865,0.0011962838841046962,0.03
8549,0.53,0.53,93.497,0.026781607966031,0.03
8550,0.42,0.42,59.191,0.0001,0.03
8551,0.73,0.73,219.65,0.003054860004552703,0.03
8552,0.55,0.55,265.739,0.0014450268872841412,0.03
8553,0.4,0.4,232.024,0.0012541806020066905,0.03
8554,1.43,1.43,133.47,0.0015509103169251439,0.015
8555,0.67,0.67,265.267,0.006182450135146855,0.015
8556,0.4,0.4,150.415,0.007306452149054285,0.03
8557,0.38,0.38,144.698,0.0024672075633388234,0.03
8558,0.7,0.7,53.86,0.008225027849981442,0.015
8559,0.71,0.71,264.8,0.006083836858006044,0.015
8560,0.83,0.83,169.724,0.00537932172232566,0.03
8561,0.57,0.57,170.234,0.005304463268207294,0.03
8562,0.68,0.68,45.912,0.010258755880815457,0.03
8563,0.68,0.68,560.087,0.005354525279108425,0.015
8564,0.53,0.53,41.494,0.0004578975273533554,0.03
8565,0.7,0.7,390.218,0.003713308970882942,0.015
8566,0.67,0.67,66.266,0.0038330365496634707,0.03
8567,0.68,0.68,172.523,0.0056977910191684565,0.03
8568,0.75,0.75,91.374,0.01259658108433471,0.015
8569,0.49,0.49,82.07,0.007432679420007316,0.03
8570,1.03,1.03,56.794,0.03628904461738916,0.015
8571,0.43,0.43,57.872,0.003922449543820852,0.015
8572,1.26,1.26,184.163,0.003980169740936016,0.015
8573,0.78,0.78,46.746,0.05348051170153598,0.015
8574,0.61,0.61,47.986,0.05370316342266494,0.03
8575,0.67,0.67,183.433,0.003292755392977268,0.015
8576,0.59,0.59,134.693,0.01256190002450016,0.015
8577,0.37,0.37,23.27,0.0927804039535883,0.03
8578,0.55,0.55,210.774,0.005854612048924449,0.015
8579,0.71,0.71,76.878,0.02706886235333905,0.015
8580,0.73,0.73,87.696,0.020057927385513586,0.015
8581,0.74,0.74,440.541,0.004097234990613813,0.015
8582,0.83,0.83,84.349,0.0021102799084754998,0.015
8583,0.71,0.71,235.129,0.0045081636038089715,0.03
8584,0.67,0.67,242.316,0.005009986959177271,0.03
8585,0.78,0.78,163.409,0.014509604734133374,0.015
8586,0.67,0.67,57.808,0.03736507057846665,0.03
8587,0.72,0.72,42.063,0.0068706464113353705,0.03
8588,0.84,0.84,80.57,0.0007695171900210921,0.03
8589,0.46,0.46,72.625,0.0010740103270223793,0.03
8590,0.51,0.51,57.577,0.03737603556975876,0.03
8591,0.76,0.76,490.98,0.0008757994215650326,0.015
8592,0.67,0.67,139.109,0.017238280772631537,0.03
8593,0.35,0.35,59.599,0.007500125841037603,0.03
8594,0.62,0.62,197.267,0.006321381680666302,0.015
8595,0.72,0.72,140.321,0.004425567092594839,0.015
8596,0.47,0.47,79.309,0.008813627709339418,0.03
8597,0.36,0.36,40.502,0.015431336724112388,0.03
8598,0.54,0.54,63.159,0.034452730410551136,0.015
8599,0.4,0.4,107.673,0.0061296703909057915,0.03
8600,0.47,0.47,20.68,0.01697292069632495,0.03
8601,0.45,0.45,348.896,0.0037661652756122168,0.03
8602,0.99,0.99,128.084,0.0003122950563692579,0.015
8603,1.09,1.09,153.67,0.01959393505563871,0.03
8604,0.59,0.59,85.336,0.004663916752601477,0.03
8605,0.86,0.86,95.878,0.008458666221656683,0.03
8606,0.33,0.33,85.975,0.00041872637394590973,0.03
8607,0.39,0.39,31.932,0.046692972566704266,0.03
8608,1.2,1.2,713.069,0.004270273984705548,0.015
8609,0.68,0.68,159.573,0.0032774968196374052,0.015
8610,0.71,0.71,128.789,0.006351474116578277,0.015
8611,0.65,0.65,82.882,0.01043652421514925,0.015
8612,0.65,0.65,143.32,0.005037677923527767,0.015
8613,0.68,0.68,182.052,0.003614351943400789,0.015
8614,0.43,0.43,63.99,0.07471479918737302,0.03
8615,0.42,0.42,197.106,0.01365255243371587,0.03
8616,0.4,0.4,74.111,0.0011064484354549296,0.015
8617,0.57,0.57,65.347,0.019067439974291087,0.03
8618,0.61,0.61,81.729,0.00425797452556621,0.03
8619,0.7,0.7,158.634,0.004343331190034924,0.015
8620,0.4,0.4,38.183,0.011444883848833258,0.03
8621,0.71,0.71,117.989,0.005542889591402587,0.03
8622,0.52,0.52,79.205,0.0030427372009342916,0.03
8623,0.65,0.65,62.272,0.029098150051387467,0.03
8624,0.56,0.56,16.01,0.013678950655840117,0.03
8625,0.84,0.84,247.396,0.00510517550809229,0.015
8626,0.96,0.96,242.995,0.0013333607687400987,0.015
8627,1.01,1.01,197.379,0.0013273955182668876,0.015
8628,0.84,0.84,253.618,0.0016757485667421076,0.015
8629,0.68,0.68,72.217,0.016422725950953378,0.03
8630,0.87,0.87,703.252,0.0015001734797768093,0.015
8631,0.94,0.94,132.685,0.006391076610016202,0.015
8632,0.73,0.73,172.767,0.0038085977067379762,0.015
8633,1.0,1.0,355.699,0.001959521955361134,0.015
8634,0.92,0.92,197.581,0.004924562584459032,0.015
8635,0.83,0.83,82.27,0.0035735991248328682,0.015
8636,0.74,0.74,130.466,0.002912636242392653,0.015
8637,1.24,1.24,336.46,0.004434405278487784,0.015
8638,1.23,1.23,1013.152,0.001022551403935441,0.015
8639,0.73,0.73,283.293,0.004952469704510876,0.015
8640,0.71,0.71,165.984,0.0004337767495662236,0.03
8641,1.33,1.33,131.642,0.0020130353534586237,0.03
8642,0.47,0.47,180.701,0.005473129645104341,0.03
8643,0.93,0.93,128.852,0.005774066370719897,0.03
8644,0.56,0.56,94.263,0.0017185958435441257,0.03
8645,0.65,0.65,100.667,0.0021258207754279,0.015
8646,0.75,0.75,95.569,0.004928376356349863,0.015
8647,0.86,0.86,84.524,0.00804505229283991,0.03
8648,0.55,0.55,120.411,0.013304432319306374,0.03
8649,0.6,0.6,42.801,0.02612088502605079,0.03
8650,1.23,1.23,60.787,0.009179594321154191,0.015
8651,1.03,1.03,202.249,0.001651429673323478,0.015
8652,1.05,1.05,134.265,0.004424086694224109,0.015
8653,1.21,1.21,136.072,0.003681874301840201,0.015
8654,1.64,1.64,159.332,0.0057490020836994445,0.015
8655,1.27,1.27,176.206,0.00644132435898891,0.015
8656,0.84,0.84,50.501,0.053583097364408624,0.015
8657,0.71,0.71,26.544,0.005198915009041587,0.015
8658,0.64,0.64,231.697,0.004126078455914405,0.015
8659,0.8,0.8,227.277,0.0046595124011668595,0.015
8660,0.46,0.46,101.343,0.0012235674886277351,0.03
8661,0.37,0.37,15.31,0.004702808621815869,0.03
8662,0.59,0.59,37.286,0.007509520999839064,0.03
8663,0.76,0.76,41.366,0.07295846830730553,0.03
8664,0.51,0.51,51.034,0.008602108398322688,0.03
8665,0.78,0.78,91.154,0.005583956820326046,0.015
8666,0.7,0.7,127.706,0.01730537327925077,0.03
8667,0.84,0.84,82.035,0.0029255805448893794,0.015
8668,0.72,0.72,49.763,0.016618772983943896,0.015
8669,0.62,0.62,69.765,0.009431663441553793,0.015
8670,1.36,1.36,286.55,0.0017832838946082712,0.015
8671,0.8,0.8,148.358,0.0044621793229889855,0.015
8672,0.99,0.99,201.386,0.003907918127377275,0.015
8673,0.95,0.95,178.451,0.004662344284985793,0.015
8674,1.07,1.07,26.622,0.00878972278566599,0.015
8675,1.57,1.57,117.438,0.01839268379911102,0.015
8676,0.52,0.52,49.376,0.00978208036292936,0.03
8677,0.4,0.4,56.52,0.004989384288747347,0.03
8678,0.57,0.57,161.855,0.007191622130919652,0.015
8679,0.65,0.65,63.156,0.005716004813477734,0.03
8680,1.25,0.1,213.85,0.000547112462006079,0.015
8681,1.33,1.3,347.167,0.0019299069323985285,0.03
8682,1.35,0.9,208.736,0.0042685497470489045,0.015
8683,1.24,1.2,742.277,0.0008931975529350894,0.015
8684,1.22,0.9,130.079,0.0037131281759546094,0.03
8685,1.06,0.9,625.752,0.0018825349339674504,0.015
8686,1.29,1.2,282.057,0.01065032954331926,0.015
8687,0.94,0.9,257.624,0.011912709995963104,0.015
8688,1.11,0.9,378.883,0.002235518616565007,0.015
8689,1.52,1.5,902.85,0.0031677465802735782,0.015
8690,1.87,1.9,282.057,0.008863456677196452,0.015
8691,1.16,0.9,814.924,0.0008111185828371721,0.015
8692,1.06,1.1,158.1,0.002549019607843135,0.015
8693,1.09,1.1,60.699,0.004777673437783145,0.015
8694,0.4,0.9,26.579,0.05451672372925993,0.015
8695,1.06,0.9,165.454,0.0018131927907454643,0.015
8696,0.69,0.3,158.13,0.003655220388288118,0.015
8697,0.96,1.5,661.712,0.0009898566143579084,0.015
8698,1.13,0.6,288.084,0.0013468293969814363,0.015
8699,0.91,0.6,446.36,0.0023523613226991667,0.015
8700,0.59,0.6,88.133,0.014784473466238526,0.015
8701,1.53,1.2,203.094,0.0034072892355264065,0.015
8702,0.73,0.6,100.709,0.02084222859923145,0.015
8703,0.75,0.6,216.156,0.003372564259146172,0.015
8704,1.02,0.6,441.976,0.0016720364906691767,0.015
8705,0.81,0.6,195.373,0.007493358857160407,0.015
8706,0.8,0.6,225.62,0.00699849304139704,0.015
8707,2.13,1.2,2146.649,0.002314770602925769,0.03
8708,1.21,1.5,1158.819,0.004441590964594126,0.015
8709,1.03,0.3,206.925,0.006475776247432644,0.015
8710,1.08,0.9,132.892,0.005688830027390665,0.015
8711,1.35,0.9,224.525,0.0006146308874290164,0.015
8712,1.05,0.9,67.8,0.002109144542772858,0.015
8713,0.65,0.6,88.72,0.012297114517583412,0.015
8714,0.99,0.9,157.466,0.016079661641243186,0.015
8715,0.88,0.9,90.161,0.011035813711028046,0.015
8716,0.9,0.9,520.0,0.0048423076923076935,0.015
8717,0.9,0.9,805.0,0.0025962732919254656,0.015
8718,0.9,0.9,315.0,0.0007269841269841273,0.015
8719,0.9,0.9,115.0,0.023678260869565215,0.015
8720,0.9,0.9,260.0,0.003934615384615384,0.015
8721,0.9,0.9,115.0,0.004913043478260873,0.015
8722,0.9,0.9,120.0,0.008841666666666666,0.015
8723,0.9,0.9,140.0,0.0010499999999999954,0.015
8724,0.9,0.9,150.0,0.001466666666666665,0.015
8725,0.9,0.9,350.0,0.0021857142857142874,0.015
8726,0.9,0.9,225.0,0.014315555555555555,0.015
8727,0.9,0.9,260.0,0.00148076923076923,0.015
8728,0.9,0.9,120.0,0.006041666666666664,0.015
8729,1.2,1.2,2500.0,0.0001,0.015
8730,0.6,0.6,200.0,0.012155000000000001,0.015
8731,0.6,0.6,200.0,0.009375,0.015
8732,0.9,0.9,130.0,0.0056846153846153834,0.015
8733,0.9,0.9,60.0,0.009150000000000007,0.015
8734,0.6,0.6,220.0,0.0001,0.015
8735,0.9,0.9,400.0,0.0007825000000000004,0.015
8736,0.9,0.9,400.0,0.0006599999999999995,0.015
8737,0.6,0.6,30.0,0.0047666666666666595,0.015
8738,0.9,0.9,200.0,0.001319999999999999,0.015
8739,0.9,0.9,142.0,0.0019084507042253515,0.015
8740,0.6,0.6,30.0,0.0037666666666666664,0.015
8741,0.6,0.6,30.0,0.013599999999999998,0.015
8742,0.9,0.9,200.0,0.010999999999999996,0.015
8743,0.9,0.9,320.0,0.0007437500000000014,0.015
8744,0.9,0.9,805.0,0.0012944099378881986,0.015
8745,0.9,0.9,150.0,0.024300000000000002,0.015
8746,1.2,1.2,300.0,0.00704,0.015
8747,0.9,0.9,350.0,0.0024799999999999996,0.015
8748,0.9,0.9,250.0,0.0022280000000000017,0.015
8749,0.9,0.9,150.0,0.009766666666666672,0.015
8750,0.9,0.9,180.0,0.00981111111111111,0.015
8751,0.9,0.9,100.0,0.0013900000000000023,0.015
8752,1.2,1.2,300.0,0.0038733333333333332,0.015
8753,1.2,1.2,2500.0,0.00021359999999999993,0.015
8754,0.9,0.9,155.0,0.006774193548387098,0.015
8755,0.6,0.6,85.0,0.015517647058823528,0.015
8756,0.9,0.9,90.0,0.009444444444444446,0.015
8757,0.6,0.6,200.0,0.0007600000000000007,0.015
8758,0.9,0.9,320.0,0.0017031249999999998,0.015
8759,0.9,0.9,320.0,0.0001,0.015
8760,0.6,0.6,200.0,0.010499999999999999,0.015
8761,0.9,0.9,80.0,0.002912500000000001,0.03
8762,0.9,0.9,230.0,0.0005739130434782614,0.03
8763,0.9,0.9,453.0,0.001894039735099337,0.03
8764,0.9,0.9,220.0,0.002545454545454544,0.03
8765,0.9,0.9,240.0,0.013079166666666666,0.03
8766,0.9,0.9,180.0,0.0029888888888888903,0.03
8767,0.9,0.9,120.0,0.007275000000000002,0.03
8768,0.9,0.9,110.0,0.002690909090909093,0.03
8769,0.9,0.9,300.0,0.003099999999999999,0.03
8770,0.9,0.9,300.0,0.00474,0.03
8771,0.9,0.9,350.0,0.00158857142857143,0.03
8772,0.9,0.9,315.0,0.001641269841269841,0.03
8773,0.9,0.9,360.0,0.002966666666666667,0.03
8774,0.9,0.9,122.0,0.0072459016393442615,0.03
8775,0.9,0.9,160.0,0.003225,0.03
8776,0.9,0.9,46.0,0.022739130434782616,0.03
8777,0.9,0.9,310.0,0.0018387096774193543,0.03
8778,0.9,0.9,300.0,0.004493333333333333,0.03
8779,0.6,0.6,90.0,0.0076777777777777756,0.03
8780,0.9,0.9,225.0,0.006462222222222222,0.03
8781,0.9,0.9,60.0,0.0059833333333333405,0.03
8782,0.9,0.9,200.0,0.0016300000000000004,0.03
8783,0.9,0.9,210.0,0.0007190476190476181,0.03
8784,0.9,0.9,210.0,0.0001,0.03
8785,0.9,0.9,102.0,0.000833333333333333,0.03
8786,0.9,0.9,130.0,0.0021692307692307696,0.03
8787,0.9,0.9,225.0,0.0022177777777777764,0.03
8788,1.2,1.2,708.0,0.0032923728813559323,0.03
8789,1.2,1.2,708.0,0.0009901129943502831,0.03
8790,0.9,0.9,500.0,0.00033000000000000005,0.03
8791,0.9,0.9,550.0,0.0025290909090909092,0.03
8792,0.6,0.6,140.0,0.013592857142857143,0.03
8793,0.9,0.9,160.0,0.016243749999999994,0.03
8794,0.9,0.9,160.0,0.005768749999999998,0.03
8795,0.9,0.9,185.0,0.0019172972972972963,0.03
8796,0.9,0.9,185.0,0.0031675675675675668,0.03
8797,0.9,0.9,160.0,0.0026937500000000004,0.03
8798,0.9,0.9,180.0,0.003333333333333334,0.03
8799,0.9,0.9,160.0,0.00047500000000000043,0.03
8800,1.5,1.5,100.0,0.0007400000000000006,0.03
8801,0.9,0.9,102.0,0.01652941176470588,0.03
8802,0.6,0.6,90.0,0.008122222222222222,0.03
8803,0.9,0.9,145.0,0.005317241379310347,0.03
8804,0.9,0.1,453.0,0.0016843267108167768,0.03
8805,0.9,0.9,30.0,0.011900000000000006,0.03
8806,0.9,0.9,115.0,0.0014260869565217366,0.03
8807,0.9,0.9,130.0,0.0026076923076923074,0.03
8808,0.9,0.9,135.0,0.007362962962962964,0.03
8809,0.9,0.9,360.0,0.0009722222222222237,0.03
8810,0.9,0.9,220.0,0.00047727272727272516,0.03
8811,0.9,0.9,399.965,0.003275286587576414,0.03
8812,0.9,0.9,55.136,0.007762623331398726,0.03
8813,1.12,1.12,429.836,0.00011632343498450633,0.03
8814,0.9,0.9,256.196,0.0029274461740230132,0.03
8815,0.91,0.91,366.818,0.0009214378792752812,0.03
8816,1.14,1.14,225.221,0.0010878204075108454,0.03
8817,0.9,0.9,371.058,0.0012855133159775558,0.03
8818,0.9,0.9,161.952,0.002358723572416519,0.03
8819,0.9,0.9,172.683,0.0010018357336854238,0.03
8820,1.13,1.13,132.752,0.0012429191273954443,0.03
8821,1.23,1.23,108.55,0.0019069553201289714,0.03
8822,0.92,0.92,124.218,0.0016664251557745242,0.03
8823,0.9,0.9,62.01,0.000612804386389289,0.03
8824,0.9,0.9,166.386,0.0024160686596228042,0.03
8825,0.93,0.93,178.047,0.0017523462905861939,0.03
8826,0.89,0.89,28.309,0.006746970927973438,0.03
8827,0.83,0.83,189.878,0.0015799618702535328,0.03
8828,0.71,0.71,169.673,0.004567609460550587,0.03
8829,0.9,0.9,298.73,0.0005824657717671488,0.03
8830,0.9,0.9,206.147,0.0018336429829199558,0.03
8831,0.9,0.9,185.126,0.0014854747577325732,0.03
8832,0.9,0.9,258.152,0.0001743159069075598,0.03
8833,0.9,0.9,134.075,0.009934738019765058,0.03
8834,0.94,0.94,205.273,0.001724532695483575,0.03
8835,1.18,1.18,123.443,0.00012151357306611069,0.03
8836,0.9,0.9,325.4,0.003389674247080517,0.03
8837,0.9,0.9,342.47,0.00040003503956550937,0.03
8838,0.9,0.9,381.979,0.00030368161600506806,0.03
8839,0.9,0.9,621.879,0.0008345674962492706,0.03
8840,0.9,0.9,273.859,0.001296287505614203,0.03
8841,0.9,0.9,174.285,0.007556588346673552,0.03
8842,1.31,1.31,203.559,0.0005305587077947922,0.03
8843,0.9,0.9,86.267,0.008891001193967565,0.03
8844,0.76,0.76,172.485,0.00019711859002231966,0.03
8845,0.9,0.9,98.146,0.003943105169849001,0.03
8846,1.2,1.2,66.113,0.00866697926277737,0.03
8847,0.9,0.9,173.064,0.0011556418434798697,0.03
8848,0.9,0.9,98.521,0.008170846824534872,0.03
8849,0.9,0.9,28.116,0.003734528382415706,0.03
8850,0.9,0.9,435.458,0.00043861864978941725,0.03
8851,0.9,0.9,230.58,0.003439153439153439,0.03
8852,0.9,0.9,697.882,0.00010173639669743622,0.03
8853,0.9,0.9,504.572,0.00011693078490284868,0.03
8854,0.9,0.9,154.55,0.0028663862827563898,0.03
8855,0.9,0.9,368.379,0.0017889184779805581,0.03
8856,0.9,0.9,921.242,0.0006588931030065935,0.03
8857,0.9,0.9,355.702,0.0008490253077013906,0.03
8858,0.9,0.9,258.312,0.004382297376815634,0.03
8859,1.19,1.19,378.503,0.0003196804252542252,0.03
8860,1.2,1.2,1055.575,0.0004812542926840821,0.015
8861,0.9,0.9,195.836,0.004662064176147387,0.015
8862,1.23,1.23,191.925,0.0029438582779731685,0.015
8863,1.07,1.07,533.001,0.00042964272112059845,0.015
8864,0.9,0.9,95.108,0.0007360053833536641,0.015
8865,0.9,0.9,493.382,0.0003952312812384721,0.015
8866,1.37,1.37,445.982,0.0014283087658246297,0.015
8867,1.2,1.2,102.078,0.0026842218695507358,0.015
8868,1.08,1.08,166.995,0.004155813048294859,0.015
8869,1.28,1.28,425.722,0.0034975876276067477,0.015
8870,1.18,1.18,55.191,0.032016089579822805,0.015
8871,1.15,1.15,254.729,0.00047108888269494284,0.015
8872,1.35,1.35,163.816,0.0015871465546710931,0.015
8873,1.02,1.02,174.975,0.0171567366766681,0.015
8874,0.78,0.78,181.877,0.0009896798385722204,0.015
8875,0.72,0.72,54.526,0.014158383156659203,0.015
8876,1.48,1.48,42.522,0.003010206481350833,0.015
8877,1.27,1.27,512.403,0.002384841618803949,0.015
8878,1.03,1.03,173.345,0.011854971300008657,0.015
8879,1.04,1.04,102.881,0.01046840524489459,0.015
8880,1.02,1.02,229.128,0.0012176599979051008,0.015
8881,0.89,0.89,183.059,0.00045886845224763645,0.015
8882,1.15,1.15,58.01,0.000775728322702981,0.015
8883,1.04,1.04,409.257,0.00024434524027689114,0.015
8884,1.21,1.21,131.285,0.0011654035114445674,0.015
8885,1.26,1.26,105.587,0.0005777226363093935,0.015
8886,0.93,0.93,58.953,0.0017301918477431151,0.015
8887,1.05,1.05,282.362,0.004055078232906694,0.015
8888,1.45,1.45,352.893,0.00030604177470224713,0.015
8889,1.01,1.01,467.499,0.0020962611684730886,0.015
8890,1.07,1.07,193.796,0.0011094140229932499,0.015
8891,1.06,1.06,112.313,0.006562018644324341,0.015
8892,0.69,0.69,106.917,0.002572088629497647,0.015
8893,1.41,1.41,639.39,0.001793897308372042,0.015
8894,0.93,0.93,506.979,0.003994248282473238,0.015
8895,1.41,1.41,583.013,0.00023327095622224567,0.015
8896,1.24,1.24,89.079,0.004344458289832621,0.015
8897,1.16,1.16,337.492,0.004681592452561836,0.015
8898,1.38,1.38,180.635,0.0010795250089960433,0.015
8899,0.76,0.76,116.35,0.00041254834550923976,0.015
8900,1.09,1.09,53.851,0.007780728305881043,0.015
8901,0.97,0.97,354.762,0.0008005366978424967,0.015
8902,0.85,0.85,447.04,0.003449355762347888,0.015
8903,0.92,0.92,45.126,0.007600939591366396,0.015
8904,0.94,0.94,124.383,0.0007396509169259472,0.015
8905,1.08,1.08,106.241,0.00010353818205777544,0.015
8906,0.88,0.88,125.988,0.004460742292916788,0.015
8907,0.91,0.91,106.559,0.003143798271380174,0.015
8908,0.93,0.93,301.553,0.001661399488647103,0.015
8909,1.23,1.23,90.252,0.00011080086867880808,0.015
8910,0.9,0.9,80.703,0.012403504206782894,0.015
8911,0.93,0.93,109.412,0.0002559134281431655,0.015
8912,0.68,0.68,82.9,0.0013872135102533196,0.015
8913,0.95,0.95,209.986,0.0001,0.015
8914,0.82,0.82,264.034,0.007449798132058751,0.03
8915,1.46,1.46,284.21,0.001970374019211147,0.03
8916,0.86,0.86,99.342,0.022558434499003438,0.015
8917,0.77,0.77,239.93,0.0016213062143125088,0.015
8918,0.87,0.87,233.651,0.008555495161587153,0.015
8919,1.32,1.32,262.068,0.00242303524276142,0.015
8920,1.04,1.04,123.4656,0.006682023170826531,0.015
8921,0.89,0.9,84.139,0.0001,0.015
8922,0.82,0.82,189.129,0.003558417799491353,0.03
8923,0.86,0.86,126.3306,0.004599044095413142,0.03
8924,1.23,1.23,114.444,0.0117874244171822,0.015
8925,1.18,1.18,46.536,0.012807288980574181,0.015
8926,1.21,1.21,361.498,0.0048575649104559354,0.015
8927,0.81,0.81,19.96,0.02029058116232466,0.015
8928,1.1,1.1,79.447,0.013468098229008015,0.015
8929,0.9,0.9,69.971,0.01757871118034614,0.015
8930,0.52,0.52,48.276,0.01106139696743725,0.015
8931,1.43,1.43,696.811,0.0011007288920525076,0.015
8932,1.23,1.23,535.142,0.0023152733293219357,0.015
8933,1.15,1.15,14.114,0.13100467620802034,0.015
8934,1.15,1.15,99.068,0.0011103484475309877,0.015
8935,0.69,0.69,361.789,0.002866311579401253,0.015
8936,0.95,0.95,78.443,0.005864130642632229,0.015
8937,0.99,0.99,141.337,0.005009304003905561,0.015
8938,0.83,0.83,81.5,0.011766871165644172,0.015
8939,0.95,0.95,255.981,0.00331665240779589,0.015
8940,0.63,0.63,85.012,0.019985413823930737,0.015
8941,0.53,0.53,391.562,0.0027658455110557184,0.015
8942,0.66,0.66,91.203,0.003026216242886745,0.015
8943,0.81,0.81,308.687,0.005996365250237295,0.015
8944,0.83,0.83,86.779,0.00487445119210869,0.015
8945,0.66,0.66,241.238,0.0005264510566328678,0.015
8946,0.82,0.82,42.587,0.011153638434263967,0.015
8947,0.41,0.41,62.841,0.0005092216864785733,0.03
8948,0.76,0.76,138.463,0.0020510894607223577,0.015
8949,0.64,0.64,103.763,0.004182608444243133,0.015
8950,0.92,0.92,140.53,0.0014729950900163656,0.015
8951,0.67,0.67,86.73,0.0008532226449901976,0.015
8952,0.6,0.6,76.129,0.004741951161843709,0.015
8953,0.59,0.59,151.899,0.004595158625139069,0.015
8954,0.55,0.55,65.662,0.006487770704517074,0.015
8955,0.37,0.37,69.816,0.0001,0.015
8956,0.63,0.63,52.827,0.0015333068317337634,0.03
8957,0.69,0.69,116.58,0.005961571453079433,0.03
8958,0.88,0.88,742.285,0.0013835656115912343,0.015
8959,0.62,0.62,122.492,0.00622081442053359,0.015
8960,0.33,0.33,202.325,0.008619794884468058,0.015
8961,1.35,1.35,62.229,0.005399411849780654,0.015
8962,0.6,0.6,102.633,0.007219900032153398,0.015
8963,0.83,0.83,137.195,0.002449068843616752,0.03
8964,0.81,0.81,423.202,0.002126644013969689,0.015
8965,0.73,0.73,198.073,0.002352667955753692,0.03
8966,0.39,0.39,24.346,0.013636737040992317,0.03
8967,0.74,0.74,74.779,0.0019123015819949305,0.015
8968,0.68,0.68,347.22,0.0012038477046253074,0.015
8969,1.15,1.15,168.143,0.003437550180501128,0.015
8970,1.24,1.24,563.936,0.0001,0.015
8971,1.01,1.01,65.208,0.005980861244019134,0.015
8972,0.35,0.35,148.98,0.0039804000536984895,0.03
8973,0.85,0.85,125.982,0.015637154514136938,0.015
8974,0.67,0.67,213.428,0.00015461888786851005,0.015
8975,0.54,0.54,135.786,0.006304037235061058,0.015
8976,0.73,0.73,176.314,0.009857413478226345,0.03
8977,0.23,0.23,86.964,0.0016558575962467242,0.03
8978,0.57,0.57,288.357,0.00501114937386642,0.015
8979,0.64,0.64,166.134,0.0010473473220412462,0.015
8980,0.68,0.68,93.278,0.004577713930401591,0.015
8981,0.83,0.83,71.76,0.011817168338907467,0.015
8982,0.55,0.55,40.534,0.0027137711550796724,0.015
8983,0.63,0.63,22.924,0.0027918338858837926,0.015
8984,0.66,0.66,64.753,0.013219464735224621,0.015
8985,0.87,0.87,84.956,0.0013889542822166808,0.015
8986,0.94,0.94,63.097,0.00020603198250312852,0.015
8987,0.75,0.75,66.79,0.026111693367270542,0.015
8988,0.96,0.96,239.758,0.004233435380675517,0.03
8989,0.89,0.89,118.755,0.0008504905056629193,0.015
8990,0.8,0.8,97.098,0.005860058909555294,0.015
8991,0.9,0.78,494.232,0.004327926965473704,0.015
8992,0.75,0.75,81.128,0.0019475396903658405,0.015
8993,0.78,0.78,373.058,0.0015198709047922847,0.015
8994,0.3,0.3,39.991,0.002750618889250089,0.03
8995,0.45,0.45,87.075,0.006695377548090718,0.03
8996,0.9,0.9,132.282,0.003568134742444172,0.015
8997,0.83,0.83,313.16,0.0034966151488057227,0.015
8998,0.82,0.82,523.975,0.0011660861682332175,0.015
8999,0.85,0.85,487.93,0.0002110958539134707,0.015
9000,0.67,0.67,140.089,0.005803453518834456,0.015
9001,0.73,0.73,147.452,0.005249165830236279,0.015
9002,0.97,0.97,533.921,0.0007903791010280545,0.015
9003,0.55,0.55,127.644,0.005241139419009119,0.03
9004,0.5,0.5,69.135,0.004267013813553192,0.03
9005,0.94,0.94,9.302,0.006880240808428278,0.015
9006,0.68,0.68,292.962,0.002314293321318123,0.015
9007,0.63,0.63,120.27,0.00014134863224411661,0.015
9008,0.73,0.73,125.649,0.0025626944902068464,0.015
9009,0.76,0.76,290.712,0.0017095957511213844,0.015
9010,0.75,0.75,119.477,0.0015986340467202878,0.015
9011,0.89,0.89,154.751,0.0013053227442795198,0.03
9012,1.63,1.5,381.996,0.0020209635702991657,0.015
9013,0.77,0.77,117.784,0.0023432724308904457,0.015
9014,0.91,0.91,68.09,0.012586282860919373,0.015
9015,1.02,1.02,292.601,0.004002036903496571,0.015
9016,0.79,0.79,205.488,0.004360351942692517,0.015
9017,0.8,0.8,262.601,0.0042345611783656594,0.03
9018,1.0,1.0,327.648,0.004452949506787772,0.015
9019,0.93,0.93,37.411,0.009355537141482443,0.03
9020,1.09,1.09,343.116,0.004427074225626319,0.015
9021,0.67,0.67,54.186,0.003487985826597277,0.015
9022,0.72,0.72,124.052,0.00021765066262535173,0.015
9023,1.2,1.2,87.922,0.0009098974090671285,0.015
9024,0.56,0.56,217.002,0.002345600501377869,0.03
9025,0.57,0.57,289.413,0.008890409207602977,0.03
9026,0.39,0.39,245.682,0.022655302382754948,0.03
9027,0.21,0.21,51.055,0.025971990990108683,0.03
9028,0.71,0.71,83.174,0.015978550989491903,0.03
9029,0.42,0.42,254.964,0.002914136897758116,0.03
9030,0.5,0.5,101.279,0.027883371676260624,0.03
9031,0.89,0.89,109.804,0.008961422170412734,0.03
9032,0.33,0.33,109.757,0.009648587333837487,0.03
9033,0.83,0.83,129.056,0.007593602777089012,0.03
9034,0.51,0.51,203.044,0.008515395677784126,0.015
9035,0.68,0.68,60.405,0.015362966641834284,0.03
9036,0.84,0.84,90.491,0.0013039970825828018,0.03
9037,0.32,0.32,202.069,0.0033503407251978265,0.03
9038,0.3,0.3,52.89,0.004972584609567024,0.03
9039,0.72,0.72,73.995,0.012487330225015195,0.03
9040,0.59,0.59,47.526,0.024744350460800407,0.03
9041,0.19,0.19,38.941,0.0001,0.03
9042,0.53,0.53,223.808,0.002363633114097798,0.015
9043,0.53,0.53,205.767,0.0012441256372499002,0.03
9044,0.72,0.72,288.249,0.0039861369857310865,0.015
9045,0.97,0.97,46.517,0.0005589354429563343,0.015
9046,0.72,0.72,250.048,0.0005478948041975924,0.015
9047,1.02,1.02,380.233,0.002806174109033146,0.015
9048,0.69,0.69,723.207,0.000636055790389197,0.03
9049,0.82,0.82,166.859,0.009684823713434699,0.03
9050,0.65,0.65,372.446,0.0010390768057651299,0.015
9051,0.74,0.74,715.643,0.0015608341030374083,0.03
9052,0.61,0.61,802.743,0.0019184222098479837,0.03
9053,1.03,1.03,39.742,133.10510291379398,0.03
9054,0.73,0.73,63.878,0.0009392905225586352,0.015
9055,0.68,0.68,129.507,0.002702556618561163,0.015
9056,0.69,0.69,87.867,0.0012632729010891434,0.015
9057,0.62,0.62,46.885,0.0008744801109096616,0.015
9058,0.68,0.68,37.517,0.011248234133859308,0.015
9059,0.59,0.59,118.937,0.004557034396361097,0.015
9060,0.67,0.67,504.888,0.003915719922042117,0.03
9061,0.86,0.86,54.401,0.0006801345563500656,0.015
9062,0.75,0.75,307.661,0.0010823601301432426,0.015
9063,0.96,0.96,70.415,0.0016757793083860017,0.015
9064,0.73,0.73,172.672,0.0028377501853224622,0.015
9065,0.83,0.83,155.32,0.0011073911923770263,0.015
9066,0.63,0.63,50.944,0.012955402010050254,0.015
9067,0.78,0.78,32.413,0.002128775491315212,0.015
9068,0.59,0.59,158.153,0.0001,0.015
9069,0.24,0.24,95.418,0.012806807939801728,0.03
9070,0.47,0.47,99.362,0.0036633723153720816,0.03
9071,0.77,0.77,169.012,0.011573142735427078,0.03
9072,0.43,0.43,31.972,0.0250531715250844,0.03
9073,0.66,0.66,140.056,0.0017850002856000455,0.015
9074,0.44,0.44,123.875,0.006748738647830463,0.03
9075,0.72,0.72,2102.292,0.0005460706695359159,0.03
9076,0.59,0.59,2038.782,0.00012948907730203635,0.03
9077,1.64,1.64,695.931,0.001561936456344091,0.015
9078,1.06,1.06,205.712,0.0005347281636462643,0.015
9079,1.32,1.32,43.008,0.006068638392857146,0.015
9080,1.69,1.69,75.978,0.0021190344573429097,0.015
9081,1.34,1.34,817.266,0.0027371749222407384,0.015
9082,1.54,1.54,227.628,0.0050433162879786305,0.015
9083,0.53,0.53,136.929,0.0036150121595863558,0.03
9084,1.64,1.64,402.927,0.0028491513351053656,0.015
9085,0.49,0.49,270.762,0.003401511290358323,0.03
9086,0.74,0.74,417.156,0.001541389791828474,0.03
9087,0.56,0.56,75.295,0.0017132611727206381,0.03
9088,0.74,0.74,77.977,0.00538620362414558,0.015
9089,0.36,0.36,231.851,0.008319998619803233,0.03
9090,0.88,0.88,422.718,0.0026211327646326857,0.015
9091,1.96,1.96,113.099,0.00516361771545283,0.015
9092,1.09,1.09,67.883,0.010635947144351305,0.03
9093,1.64,1.64,263.491,0.001146149204337152,0.015
9094,0.69,0.69,1703.579,0.0010554250786139064,0.015
9095,0.63,0.63,1014.272,0.0020842535335689047,0.03
9096,0.71,0.71,244.269,0.0013182188488920004,0.015
9097,0.79,0.79,75.479,0.0045575590561613205,0.015
9098,0.8,0.8,244.646,0.0016513656466895022,0.015
9099,0.52,0.52,181.352,0.0013289073183642842,0.03
9100,0.51,0.51,185.645,0.0007595141264240891,0.03
9101,0.9,0.9,434.55,0.003256242089517892,0.015
9102,0.73,0.73,69.611,0.00017238654810302983,0.015
9103,0.81,0.81,62.552,0.0038208210768640545,0.015
9104,0.6,0.6,68.088,0.0004993537774644615,0.03
9105,0.8,0.8,48.558,0.0009473207298488459,0.015
9106,0.57,0.57,135.038,0.0026881322294465258,0.03
9107,0.64,0.64,34.49,0.0035372571759930507,0.03
9108,0.42,0.42,40.615,0.009036070417333496,0.03
9109,0.58,0.58,249.432,0.0014031880432342286,0.03
9110,0.67,0.67,86.503,0.0023467394194421035,0.015
9111,0.83,0.83,240.316,0.002401005342965096,0.015
9112,0.68,0.68,87.841,0.001969467560706277,0.015
9113,0.54,0.54,115.698,0.005220487821742815,0.03
9114,0.36,0.36,31.837,0.005842259006815967,0.03
9115,0.22,0.22,48.039,0.015133537334249252,0.03
9116,0.26,0.26,81.569,0.003763684733170689,0.03
9117,0.17,0.17,68.89,0.006662795761358683,0.03
9118,0.56,0.56,64.826,0.0016197204825224446,0.03
9119,0.76,0.76,145.662,0.00414658593181475,0.015
9120,0.33,0.33,143.546,0.0037966923494907553,0.015
9121,0.54,0.54,94.706,0.004360864147994845,0.03
9122,0.31,0.31,67.126,0.015031433423710631,0.03
9123,1.06,1.06,325.705,0.0006386146973488271,0.015
9124,0.88,0.88,112.623,0.014428669099562256,0.015
9125,0.88,0.88,238.31,0.002408627418068901,0.015
9126,0.68,0.68,45.47,0.004178579283043764,0.015
9127,0.84,0.84,44.463,0.0017317769831095508,0.015
9128,0.88,0.88,168.894,0.0010539154736106666,0.03
9129,0.77,0.77,228.942,0.002878458299481964,0.015
9130,0.7,0.7,40.793,0.00237785894638786,0.015
9131,0.19,0.19,80.679,0.00457368088350128,0.03
9132,0.52,0.52,163.09,0.009835060396100314,0.015
9133,0.18,0.18,51.739,0.00017395001836139742,0.03
9134,0.7,0.7,110.069,0.005923557041492152,0.015
9135,0.71,0.71,88.048,0.0032482282391422864,0.03
9136,0.9,0.9,279.718,0.0002574020978270975,0.015
9137,0.1,0.1,47.665,0.012944508549249974,0.03
9138,0.63,0.63,323.367,0.001895678903536848,0.015
9139,0.14,0.14,45.431,0.04039092249785389,0.03
9140,0.67,0.67,95.341,0.005517038839533886,0.015
9141,0.14,0.14,80.158,0.003143791012749822,0.015
9142,1.24,1.24,171.567,0.0005537195381396226,0.015
9143,1.2,1.2,876.743,0.00027602159355706287,0.015
9144,0.64,0.64,188.312,0.0001,0.015
9145,1.25,1.25,463.763,0.0001,0.015
9146,1.08,1.08,70.789,0.006371046349009034,0.015
9147,0.49,0.49,64.615,0.007026232299001776,0.03
9148,0.52,0.52,103.855,0.004458138751143421,0.03
9149,0.68,0.68,94.074,0.008344494759444685,0.015
9150,0.49,0.49,384.075,0.0017574692442882246,0.03
9151,0.56,0.56,318.286,0.0011404837159033085,0.03
9152,0.56,0.56,210.301,0.0017736482470363877,0.03
9153,0.52,0.52,10.323,0.06800348735832606,0.03
9154,0.75,0.75,162.254,0.0046470348959039565,0.03
9155,0.67,0.67,149.431,0.0009368872590024806,0.03
9156,0.76,0.76,195.212,0.003334835973198368,0.03
9157,0.66,0.66,170.39,0.004542520100944892,0.03
9158,0.44,0.44,91.957,0.009123829616016186,0.03
9159,1.21,1.21,114.668,0.0030522900896501172,0.015
9160,0.65,0.65,512.081,0.00014450838832137853,0.03
9161,0.64,0.64,154.667,0.006316796731041524,0.03
9162,0.57,0.57,36.008,0.00041657409464565005,0.03
9163,0.56,0.56,379.429,0.0001,0.03
9164,0.6,0.6,68.87,0.004733555975025418,0.03
9165,0.57,0.57,72.867,0.0027721739607778546,0.03
9166,0.66,0.66,273.569,0.00255511406628675,0.03
9167,1.12,1.12,212.447,0.0030925360207487043,0.015
9168,0.46,0.46,56.848,0.0057697720236419975,0.03
9169,0.32,0.32,83.285,0.005895419343219063,0.03
9170,1.29,1.29,161.13,0.0001,0.015
9171,0.45,0.45,443.07,0.0007335184056695334,0.03
9172,0.55,0.55,339.404,0.0020270827686179296,0.015
9173,1.28,1.28,69.072,0.0007238823256891333,0.015
9174,0.45,0.45,29.11,0.005530745448299539,0.03
9175,0.47,0.47,73.949,0.015497166966422804,0.03
9176,0.78,0.78,74.797,0.0001,0.03
9177,0.59,0.59,177.356,0.007459572836554726,0.03
9178,0.55,0.55,64.641,0.01562475828034838,0.03
9179,0.33,0.33,360.583,0.000801479825726672,0.03
9180,0.3,0.3,102.496,0.002019591008429596,0.03
9181,0.42,0.42,49.143,0.0007325560100115904,0.03
9182,0.44,0.44,118.392,0.000278735049665521,0.03
9183,0.36,0.36,69.062,0.0011294199415018303,0.03
9184,1.67,1.67,1560.934,0.00020820867506249476,0.015
9185,1.1,1.1,77.754,0.007202201815983738,0.03
9186,0.56,0.56,277.749,0.0008856917576660925,0.03
9187,0.98,0.98,95.607,0.0008367588147311397,0.015
9188,0.62,0.62,339.273,0.0019011238736946366,0.03
9189,0.95,0.95,362.399,0.0008085011272106164,0.03
9190,0.33,0.33,112.088,0.0053707801013489435,0.03
9191,0.46,0.46,56.511,0.003503742634177408,0.03
9192,0.93,0.93,201.468,0.0002581055055889794,0.03
9193,0.69,0.69,36.693,0.0035156569372904794,0.03
9194,0.7,0.7,33.414,0.0034117435805351014,0.03
9195,0.75,0.75,70.749,0.0058940762413603,0.03
9196,0.82,0.82,129.849,0.011590385755762463,0.03
9197,0.7,0.7,173.565,0.0015440901103333034,0.03
9198,0.77,0.77,88.436,0.007632638292098238,0.03
9199,0.94,0.94,203.966,0.00039712501103125226,0.03
9200,0.55,0.55,110.816,0.005549740109731449,0.03
9201,0.77,0.77,76.107,0.007305504092921808,0.03
9202,0.69,0.69,157.688,0.0003234234691289138,0.03
9203,0.86,0.86,176.525,0.0012916017561251983,0.015
9204,0.83,0.83,55.199,0.010036413703146785,0.03
9205,1.02,1.02,317.124,0.002475372409530657,0.03
9206,0.98,0.98,469.606,0.0009071434351349859,0.03
9207,0.83,0.83,398.703,0.0007072933988457575,0.015
9208,1.2,1.2,266.37,0.00042422194691594563,0.015
9209,0.81,0.81,77.056,0.0022970307308970163,0.03
9210,0.78,0.78,59.402,0.006363422106999766,0.03
9211,0.84,0.84,192.807,0.00039417655997966685,0.03
9212,0.67,0.67,213.656,0.0018160032950162873,0.03
9213,0.94,0.94,150.696,0.0027406168710516553,0.03
9214,1.01,1.01,382.075,0.002415756068834653,0.015
9215,0.9,0.9,257.958,0.0008761116150691196,0.015
9216,0.8,0.8,81.494,0.0018283554617517857,0.015
9217,1.35,1.35,266.776,0.0014056736737937444,0.015
9218,1.28,1.28,124.747,0.0015230827194241175,0.015
9219,0.95,0.95,70.034,0.0016135020133078279,0.015
9220,0.72,0.72,195.484,0.0004757422602361317,0.03
9221,0.89,0.89,372.967,0.002592722680558869,0.015
9222,0.92,0.92,112.391,0.006379514373926734,0.03
9223,1.02,1.02,460.25,0.0009255839217816407,0.03
9224,0.89,0.89,166.023,0.0025659095426537296,0.015
9225,0.92,0.92,96.854,0.0033245916534164833,0.03
9226,1.02,1.02,396.44,0.0003909797195035814,0.015
9227,2.06,2.06,695.796,0.0038402060374017667,0.015
9228,1.54,1.54,581.362,0.00480423557095235,0.015
9229,0.68,0.68,434.999,0.005204609665769347,0.015
9230,0.99,0.99,222.243,0.0004049621360402816,0.015
9231,1.17,1.17,357.162,0.0027186542801305854,0.015
9232,1.07,1.07,399.67,0.0017789676483098563,0.015
9233,0.97,0.97,55.719,0.010822161201744463,0.015
9234,1.09,1.09,214.575,0.004068507514854947,0.015
9235,1.02,1.02,394.095,0.0024740227610094015,0.015
9236,1.19,1.19,309.516,0.0016541955827808579,0.015
9237,1.19,1.19,592.645,0.0005703245619215552,0.015
9238,0.78,0.78,101.671,0.00047211102477599136,0.015
9239,1.09,1.09,101.294,0.005113827077615656,0.015
9240,1.22,1.22,209.154,0.001673408110770055,0.015
9241,1.28,1.28,409.839,0.0008588738504632309,0.015
9242,0.95,0.95,211.747,0.00048170694271937775,0.015
9243,1.14,1.14,220.84,0.0035908349936605685,0.015
9244,1.24,1.24,101.571,0.0001,0.015
9245,1.09,1.09,169.148,0.002565800364178116,0.015
9246,0.96,0.96,91.802,0.008681728066926643,0.015
9247,1.11,1.11,132.785,0.00030123884474903066,0.015
9248,1.25,1.25,313.883,0.0013890526087746078,0.015
9249,1.1,1.1,143.501,0.0005853617744824083,0.015
9250,1.06,1.06,204.848,0.00614602046395376,0.015
9251,1.11,1.11,342.585,0.0020666403958141777,0.015
9252,1.43,1.43,592.083,0.0012244904852866914,0.015
9253,0.96,0.96,91.802,0.008681728066926643,0.015
9254,1.1,1.1,357.207,0.0019680465388416234,0.03
9255,1.0,1.0,261.778,0.0008404067568703259,0.015
9256,2.03,2.03,195.794,0.001123629937587463,0.03
9257,0.89,0.89,377.271,0.003175436224888739,0.015
9258,1.21,1.21,181.021,0.005358494318338756,0.015
9259,3.41,3.41,402.416,0.004425768359110969,0.015
9260,0.82,0.82,299.461,0.0001,0.015
9261,2.02,2.02,320.189,0.0007245720496331846,0.015
9262,0.87,0.87,245.652,0.00354566622702034,0.015
9263,1.53,1.53,174.794,0.0012071352563589155,0.015
9264,0.94,0.94,204.743,0.0002637452806689375,0.015
9265,0.65,0.65,798.905,0.0010076291924571755,0.015
9266,1.11,1.11,88.292,0.002389797490146326,0.015
9267,1.13,1.13,185.832,0.0009255671789573362,0.015
9268,1.01,1.01,261.057,0.0001,0.015
9269,1.7,1.7,106.893,0.003835611312246819,0.015
9270,1.08,1.08,166.554,0.000162109586080191,0.015
9271,0.51,0.51,319.743,0.0016137960799767314,0.03
9272,0.69,0.69,51.564,0.000465441005352572,0.03
9273,0.93,0.93,166.76,0.0015591268889421964,0.03
9274,0.7,0.7,149.024,0.007213603178011597,0.03
9275,0.89,0.89,377.271,0.003175436224888739,0.015
9276,1.33,1.33,590.707,0.0004452291914604024,0.015
9277,0.97,0.97,253.683,0.006350445240713805,0.015
9278,1.06,1.06,80.456,0.005195386298100827,0.015
9279,1.06,1.06,201.817,0.0035378585550275765,0.015
9280,0.74,0.74,451.733,0.0022557572725481648,0.015
9281,0.94,0.94,201.292,0.0011426186833058463,0.015
9282,0.66,0.66,248.811,0.0007194215689820798,0.015
9283,0.69,0.69,99.64,0.008329987956643914,0.015
9284,1.04,1.04,375.623,0.0001384366772002769,0.015
9285,1.01,1.01,141.579,0.00096059443844073,0.015
9286,1.3,1.3,373.684,0.002073944830391452,0.015
9287,0.78,0.78,50.627,0.015742587947142832,0.015
9288,0.88,0.88,92.611,0.0031313774821565476,0.015
9289,1.01,1.01,126.726,0.004710951186023389,0.015
9290,1.2,1.2,56.828,0.0262370662349546,0.015
9291,0.77,0.77,86.551,0.0008780949960139116,0.015
9292,1.22,1.22,628.723,0.0018338759676359865,0.015
9293,1.52,1.52,226.275,0.005484476853386365,0.015
9294,1.15,1.15,201.868,0.00420571858838449,0.015
9295,1.54,1.54,296.487,0.00029006330800338654,0.015
9296,0.6,0.6,99.501,0.011427020833961465,0.015
9297,1.39,1.39,154.087,0.0011357220271664714,0.015
9298,1.49,1.49,188.806,0.003363240574981727,0.015
9299,1.33,1.33,962.118,0.0006724746860572196,0.015
9300,1.1,1.1,39.374,0.012292375679382338,0.015
9301,1.07,1.07,162.9,0.0017004297114794334,0.015
9302,1.02,1.02,173.814,0.001553384652559633,0.015
9303,0.83,0.83,85.275,0.004174728818528295,0.015
9304,1.04,1.04,232.34,0.000981320478608936,0.015
9305,0.87,0.87,99.089,0.001412871257152662,0.015
9306,1.33,1.33,457.294,0.00015307438977987917,0.015
9307,1.63,1.63,439.198,0.004369327729179095,0.015
9308,0.8,0.8,107.846,0.010366633903900004,0.015
9309,1.01,1.01,135.387,0.00043578777873798933,0.015
9310,1.56,1.56,192.915,0.006152968924137574,0.015
9311,1.03,1.03,326.23,0.0022683382889372525,0.015
9312,0.99,0.99,60.486,0.018186026518533217,0.015
9313,1.07,1.07,124.988,0.0002240215060645824,0.015
9314,1.03,1.03,514.306,0.001985199472687466,0.015
9315,1.1,1.1,170.411,0.003297909172529941,0.015
9316,0.99,0.99,275.092,0.00019993311328573774,0.015
9317,0.98,0.98,52.995,0.01860552882347391,0.015
9318,1.31,1.31,228.482,0.004704965817876245,0.015
9319,1.14,1.14,248.328,0.0020134660610160757,0.015
9320,0.97,0.97,621.626,0.0010826445483297028,0.015
9321,0.79,0.79,378.178,0.0004336582244339959,0.03
9322,0.98,0.98,241.848,0.0017862459065197973,0.015
9323,0.71,0.71,357.915,0.003593031865107637,0.015
9324,1.08,1.08,263.877,0.00046991590779037076,0.015
9325,1.08,1.08,698.811,0.003669089353201366,0.015
9326,1.03,1.03,353.016,0.0008951435628979984,0.03
9327,0.71,0.71,850.779,0.002869135227832375,0.015
9328,0.82,0.82,89.85,0.004451864218141341,0.015
9329,1.06,1.06,182.288,0.002742912314579127,0.015
9330,1.15,1.15,118.163,0.00016925772026776586,0.015
9331,1.55,1.55,54.895,0.0034611531104836494,0.015
9332,1.15,1.15,233.514,0.004586448778231711,0.015
9333,0.76,0.76,668.429,0.00039944406960200764,0.015
9334,0.71,0.71,51.198,0.008848001875073251,0.03
9335,0.62,0.62,95.341,0.0017830733892029655,0.03
9336,0.97,0.97,621.626,0.0010826445483297028,0.015
9337,1.02,1.02,367.435,0.016484548287452203,0.015
9338,0.78,0.78,216.31,0.0020711016596551245,0.015
9339,1.04,1.04,946.058,0.0003382456466728254,0.015
9340,1.44,1.44,493.618,0.0001661203602785957,0.015
9341,0.94,0.94,376.35,0.0012860369337053274,0.015
9342,0.73,0.73,136.084,0.025969254284118636,0.015
9343,0.83,0.83,57.062,0.0014545581998527911,0.015
9344,0.64,0.64,76.665,0.013813343768342791,0.015
9345,1.1,1.1,579.4,0.0005298584742837418,0.015
9346,1.6,1.6,844.139,0.0007581689745409226,0.015
9347,1.21,1.21,342.226,0.00252464745519043,0.015
9348,1.48,1.48,836.755,0.00041469725307885817,0.015
9349,1.73,1.73,264.274,0.007004094235528277,0.015
9350,0.92,0.92,136.178,0.011308728282101365,0.015
9351,2.05,2.05,305.138,0.0018548984393946342,0.015
9352,1.03,1.03,281.636,0.0036572029144001468,0.015
9353,1.44,1.44,375.422,0.005607023562817309,0.015
9354,1.37,1.37,307.513,0.0013560402324454578,0.015
9355,1.51,1.51,388.357,0.0015938942776877974,0.015
9356,0.65,0.65,131.98,0.00725867555690256,0.015
9357,1.08,1.08,156.924,0.0001,0.015
9358,1.12,1.12,535.765,0.0003564995847059809,0.015
9359,1.2,1.2,79.299,0.03833591848573121,0.015
9360,1.7,1.7,168.101,0.0005889316541840929,0.015
9361,0.99,0.99,139.91,0.008476877992995497,0.015
9362,0.89,0.89,442.963,0.004682106631930883,0.015
9363,1.11,1.11,504.779,0.001422404656295131,0.015
9364,2.62,2.62,397.411,0.005075350204196664,0.015
9365,0.91,0.91,298.485,0.00012730958004589856,0.015
9366,0.95,0.95,159.248,0.0008791319200241128,0.015
9367,1.24,1.24,132.551,0.010403542787304508,0.015
9368,1.3,1.3,257.953,0.0014304931518532439,0.015
9369,1.02,1.02,700.383,0.0008423962317760423,0.015
9370,1.1,1.1,672.799,0.0005187284761124797,0.015
9371,0.85,0.85,887.061,0.0012163763258671051,0.015
9372,1.21,1.21,893.212,0.0020219164095421913,0.015
9373,1.06,1.06,350.678,0.0008697437535288788,0.015
9374,1.12,1.12,663.777,0.002600270874103803,0.015
9375,1.19,1.19,339.17,0.00039213373824335877,0.015
9376,0.67,0.67,158.173,0.00016437697963621984,0.015
9377,0.76,0.76,273.079,0.004159968360804017,0.015
9378,0.86,0.86,308.253,0.0006553058688804326,0.015
9379,0.81,0.81,318.561,0.0008507004937829801,0.015
9380,0.75,0.75,175.226,0.0019631789802883126,0.015
9381,0.87,0.87,408.952,0.002323011013517478,0.015
9382,0.86,0.86,105.027,0.00290401515800699,0.015
9383,0.98,0.98,90.756,0.0018400987262550115,0.015
9384,1.05,1.05,532.104,0.0026291852720520797,0.015
9385,1.3,1.3,1043.716,0.0007923611403868485,0.015
9386,1.02,1.02,259.013,0.0031002304903614895,0.015
9387,1.02,1.02,283.862,0.006707484622809676,0.015
9388,1.12,1.12,318.077,0.0006256346733652539,0.015
9389,1.29,1.29,438.977,0.0009658820393779172,0.015
9390,1.13,1.13,373.042,0.002007816814192504,0.015
9391,1.01,1.01,170.488,0.002445919947444982,0.015
9392,1.35,1.35,464.328,0.0012598852535276796,0.015
9393,1.19,1.19,509.659,0.002670412962392502,0.015
9394,1.2,1.2,579.035,0.0012054539017503259,0.015
9395,0.91,0.91,327.245,0.00048281868324955284,0.015
9396,0.94,0.94,653.886,0.0015889619903163552,0.015
9397,1.26,1.26,269.601,0.0007826380465947822,0.015
9398,1.46,1.46,307.171,0.0008724781961838847,0.015
9399,1.7,1.7,196.055,0.0018668230853587009,0.015
9400,1.05,1.05,106.121,0.0009894365865380083,0.015
9401,2.09,2.09,221.413,0.0007181150158301455,0.015
9402,1.01,1.01,160.761,0.0011632174470176187,0.015
9403,0.59,0.59,841.199,0.0020601546126421933,0.015
9404,0.52,0.52,135.339,0.0008201627025469359,0.015
9405,0.74,0.74,144.555,0.0004012313652243079,0.015
9406,0.85,0.85,31.594,0.003703234791416091,0.015
9407,0.81,0.81,181.036,0.0013367507015179302,0.015
9408,0.97,0.97,219.869,0.0028198609171825044,0.015
9409,0.39,0.39,412.031,0.0007159655462817116,0.015
9410,1.27,1.27,89.501,0.007083719734975027,0.015
9411,0.67,0.67,299.114,0.0026511631016936663,0.015
9412,0.88,0.88,216.499,0.0014549720783929695,0.015
9413,0.75,0.75,86.233,0.003989192072640402,0.015
9414,0.78,0.78,410.665,0.0002483776314027256,0.015
9415,0.87,0.87,337.832,0.0004706481327997316,0.015
9416,0.77,0.77,287.436,0.0005253343352955086,0.015
9417,0.61,0.61,344.466,0.002110513084019904,0.015
9418,0.74,0.74,307.618,0.0038976912924471255,0.015
9419,0.72,0.72,256.561,0.001676014670974933,0.015
9420,0.8,0.8,171.215,0.0052799112227316525,0.015
9421,0.48,0.48,118.255,0.0028666863980381413,0.015
9422,0.67,0.67,1150.667,0.00017120504889772556,0.015
9423,0.62,0.62,588.825,0.00011888082197596956,0.015
9424,0.78,0.78,565.095,0.0007007671276511042,0.015
9425,0.91,0.91,407.749,0.0016480727113984308,0.015
9426,0.93,0.93,253.442,0.00014204433361479692,0.015
9427,0.63,0.63,513.456,0.0007907201396030051,0.015
9428,0.67,0.67,45.678,0.006523928368142214,0.015
9429,0.68,0.68,130.554,0.001256185180078739,0.015
9430,0.71,0.71,181.41,0.0011741359351744671,0.015
9431,0.65,0.65,109.909,0.002101738711115558,0.015
9432,0.86,0.86,218.87,0.0006076666514369301,0.015
9433,0.85,0.85,205.873,0.0046776410699800415,0.015
9434,0.86,0.86,72.562,0.0009922548992585783,0.015
9435,0.78,0.78,111.952,0.007726525653851653,0.015
9436,0.86,0.86,79.635,0.0037797450869592533,0.015
9437,0.74,0.74,94.302,0.00810163093041505,0.015
9438,0.69,0.69,141.991,0.004598883027797539,0.015
9439,0.57,0.57,144.141,0.0030664418867636565,0.015
9440,0.69,0.69,59.848,0.0018714075658334463,0.015
9441,0.6,0.6,178.208,0.003445412102711433,0.015
9442,0.98,0.98,127.1,0.0029661683713611245,0.015
9443,0.81,0.81,162.311,0.005785190159631813,0.015
9444,0.74,0.74,173.707,0.005877713621212731,0.015
9445,1.09,1.09,173.584,0.002546317632961564,0.015
9446,0.53,0.53,88.787,0.003491502134321461,0.015
9447,0.95,0.95,523.262,0.0006344813879089267,0.015
9448,0.68,0.68,276.026,0.0014382703078695462,0.015
9449,0.94,0.94,602.085,0.002175772523813082,0.015
9450,1.14,1.14,268.072,0.0005408994598466101,0.015
9451,0.83,0.83,702.693,0.00041839039239041745,0.015
9452,0.82,0.82,130.658,0.0005969783710143995,0.015
9453,1.02,1.02,128.464,0.0023742060032382593,0.015
9454,0.81,0.81,135.794,0.0036378632340162286,0.015
9455,0.74,0.74,36.967,0.01049584764790218,0.015
9456,0.69,0.69,233.354,0.000505669497844478,0.015
9457,0.66,0.66,40.692,0.0020642878207018924,0.015
9458,0.72,0.72,41.267,0.022366539850243512,0.015
9459,0.81,0.81,70.128,0.005104950946840059,0.015
9460,0.94,0.94,166.951,0.005504609136812601,0.015
9461,0.84,0.84,106.849,0.0009452591975591803,0.015
9462,0.83,0.83,56.741,0.0032780529070689617,0.015
9463,0.63,0.63,183.628,0.0005391334654845678,0.015
9464,1.02,1.02,41.819,0.016236638848370365,0.015
9465,0.87,0.87,123.755,0.003660458163306543,0.015
9466,0.87,0.87,265.123,0.00030929040483096805,0.015
9467,0.72,0.72,83.267,0.0027381795909544077,0.015
9468,1.04,1.04,108.656,0.0011964364600206144,0.015
9469,0.78,0.78,96.764,0.004939853664586019,0.015
9470,0.8,0.8,220.89,0.0022816786635882096,0.015
9471,0.77,0.77,46.177,0.0007362972908590623,0.015
9472,1.1,1.1,192.785,0.0018621780740202816,0.015
9473,0.88,0.88,91.864,0.0001523991988156334,0.015
9474,0.9,0.9,216.146,0.002081926105502759,0.015
9475,0.98,0.98,160.9,0.0003045369794903635,0.015
9476,0.78,0.78,146.247,0.0001914569187743993,0.015
9477,0.8,0.8,267.903,0.00801036195936589,0.015
9478,1.11,1.11,693.553,0.001477897147009674,0.015
9479,1.06,1.06,496.272,0.0002941935067866007,0.015
9480,0.64,0.64,70.893,0.006869507567742938,0.015
9481,1.02,1.02,73.782,0.0025887072727765557,0.015
9482,1.31,1.31,132.155,0.0008626234346033058,0.015
9483,1.01,1.01,73.716,0.001342992023441306,0.015
9484,1.03,1.03,75.208,0.0012631634932453962,0.015
9485,0.96,0.96,84.137,0.005907032577819507,0.015
9486,0.81,0.81,660.348,0.001299314906685566,0.015
9487,0.68,0.68,44.991,0.0013780533884554652,0.015
9488,1.25,1.25,454.61,0.0010602494445788701,0.015
9489,0.91,0.91,160.042,0.008216593144299619,0.015
9490,0.86,0.86,157.539,0.0032182507188696116,0.015
9491,0.88,0.88,427.031,0.001032711910844882,0.015
9492,0.96,0.96,349.276,0.0005296670827654909,0.015
9493,0.73,0.73,88.826,0.0023529146871411485,0.015
9494,1.14,1.14,300.317,0.0018680261190675185,0.015
9495,0.74,0.74,362.907,0.0010167894253899753,0.015
9496,1.04,1.04,92.831,0.004438172593207009,0.015
9497,0.98,0.98,120.255,0.0016797638351835754,0.015
9498,0.83,0.83,102.685,0.004693966986414766,0.015
9499,0.83,0.83,179.265,0.004546342007642315,0.015
9500,0.97,0.97,342.9,0.0013735783027121614,0.015
9501,1.07,1.07,26.623,0.007399616872628932,0.015
9502,1.18,1.18,300.224,0.0019885152419526738,0.015
9503,0.81,0.81,228.832,0.000668612781429169,0.015
9504,0.82,0.82,62.593,0.0001,0.015
9505,0.86,0.86,555.688,0.0004912828781618457,0.03
9506,1.15,1.15,242.173,0.006516003022632582,0.03
9507,1.06,1.06,200.774,0.0081733690617311,0.03
9508,1.05,1.05,190.257,0.0020078104879189735,0.03
9509,1.33,1.33,164.912,0.002704472688464149,0.03
9510,0.88,0.88,292.903,0.0058415243271663295,0.03
9511,1.11,1.11,300.222,0.0010125840211576776,0.03
9512,0.94,0.94,32.304,0.0051696384348687546,0.03
9513,1.33,1.33,210.985,0.001365025949712066,0.03
9514,1.13,1.13,160.604,0.0019364399392294085,0.03
9515,0.72,0.72,256.956,0.0012103239465122448,0.03
9516,0.94,0.94,217.711,0.005980405216089219,0.03
9517,0.87,0.87,204.496,0.002821571082074956,0.03
9518,1.21,1.21,278.724,0.0018512937529599175,0.03
9519,2.82,2.82,539.649,0.00478644452227281,0.03
9520,1.07,1.07,313.138,0.0007472743646571161,0.03
9521,0.91,0.91,293.065,0.0001979083138552875,0.03
9522,1.08,1.08,376.621,0.000533693022959421,0.03
9523,0.8,0.8,58.725,0.006777352064708388,0.03
9524,1.19,1.19,226.388,0.008132056469424173,0.03
9525,1.13,1.13,39.77,0.031707317073170725,0.03
9526,0.98,0.98,126.472,0.0009171990638244011,0.03
9527,0.93,0.93,138.78,0.007097564490560599,0.03
9528,1.12,1.12,195.189,0.003934647956595914,0.03
9529,1.34,1.34,177.394,0.00047915938532306593,0.03
9530,1.07,1.07,181.239,0.0005296873189545301,0.03
9531,1.05,1.05,231.919,0.006002095559225418,0.03
9532,0.89,0.89,277.548,0.0005224321558793435,0.03
9533,1.2,1.2,656.193,0.0003931770073743548,0.03
9534,0.89,0.89,685.551,0.0013930400509954766,0.03
9535,1.42,1.42,333.4,0.0017426514697060575,0.015
9536,0.84,0.84,206.1,0.003745754488112568,0.015
9537,0.95,0.95,216.9,0.0004933148916551374,0.015
9538,0.65,0.65,86.4,0.0020601851851851944,0.015
9539,0.67,0.67,219.3,0.0012995896032831744,0.015
9540,0.61,0.61,194.9,0.0007183170856849604,0.015
9541,1.32,1.32,46.1,0.010065075921908903,0.015
9542,1.24,1.24,45.6,0.010350877192982446,0.015
9543,0.7,0.7,206.5,0.0011089588377723933,0.015
9544,1.29,1.29,172.2,0.009059233449477356,0.015
9545,1.36,1.36,59.7,0.001105527638190967,0.015
9546,0.71,0.71,222.4,0.002041366906474823,0.015
9547,0.43,0.43,223.2,0.0009229390681003563,0.015
9548,0.97,0.97,369.3,0.001895477931221232,0.015
9549,1.29,1.29,204.6,0.0012805474095796698,0.015
9550,1.06,1.06,146.0,0.0007054794520547929,0.015
9551,0.59,0.59,149.3,0.001138647019423978,0.015
9552,1.1,1.1,145.8,0.0001,0.015
9553,2.1,2.1,255.9,0.002614302461899181,0.015
9554,0.95,0.95,180.9,0.0001,0.015
9555,0.97,0.97,321.7,0.0006527820951196794,0.015
9556,1.28,1.28,329.1,0.0017380735338802823,0.015
9557,1.42,1.42,207.5,0.0017493975903614435,0.015
9558,1.02,1.02,99.9,0.010810810810810811,0.015
9559,0.82,0.82,251.1,0.00047789725209079737,0.015
9560,0.41,0.41,72.0,0.0016805555555555617,0.015
9561,1.2,1.2,117.0,0.010957264957264958,0.015
9562,1.36,1.36,123.2,0.000738636363636358,0.015
9563,1.12,1.12,41.8,0.0028947368421052737,0.015
9564,1.6,1.6,312.5,0.004156799999999999,0.015
9565,0.4,0.4,334.6,0.0006335923490735252,0.015
9566,1.18,1.18,224.1,0.0019321731369924134,0.015
9567,1.31,1.31,197.6,0.002039473684210529,0.015
9568,0.55,0.55,121.3,0.0001978565539983587,0.015
9569,0.97,0.97,198.9,0.0031925590749120147,0.015
9570,0.98,0.98,220.1,0.0073012267151294835,0.015
9571,0.74,0.74,345.3,0.0004401969302056161,0.015
9572,0.9,0.9,328.7,0.0003833282628536643,0.015
9573,0.59,0.59,327.9,0.0005946935041171098,0.015
9574,1.13,1.13,243.0,0.0030699588477366272,0.015
9575,1.31,1.31,319.6,0.0008948685857321694,0.015
9576,0.42,0.42,30.604,0.025584890863939395,0.03
9577,0.98,0.98,294.958,0.0002712250557706523,0.03
9578,0.98,0.98,294.958,0.00035259257250184496,0.03
9579,2.55,2.55,579.4,0.0006489471867449076,0.03
9580,0.1,0.1,531.9,0.0003083286332017291,0.03
9581,0.85,0.85,295.313,0.0016016904098363398,0.03
9582,1.41,1.41,103.5,0.001391304347826071,0.03
9583,1.12,1.12,211.158,0.0037554816772274757,0.03
9584,0.83,0.83,125.186,0.0010704072340357574,0.03
9585,1.04,1.04,122.23,0.0012271946330688075,0.03
9586,1.1,1.1,84.654,0.0017010418881564975,0.03
9587,0.67,0.67,82.997,0.0014819812764316701,0.03
9588,1.67,1.67,256.3,0.0009285992976980083,0.03
9589,1.41,1.41,89.7,0.0030100334448160686,0.03
9590,1.14,1.14,553.646,0.00020048912120741212,0.03
9591,0.44,0.44,59.331,0.001483204395678498,0.03
9592,0.68,0.68,58.219,0.006028959617994141,0.03
9593,0.59,0.59,189.491,0.001899826376978323,0.03
9594,0.5,0.5,220.664,0.0008293151578871036,0.03
9595,0.89,0.89,220.314,0.0017384278802073366,0.03
9596,0.84,0.84,226.869,0.0007052528110936273,0.03
9597,1.23,1.23,174.652,0.011502874287153885,0.03
9598,1.33,1.33,129.582,0.00041672454507570705,0.03
9599,1.23,1.23,174.652,0.0009962668621029218,0.03
9600,0.39,0.39,70.084,0.004194966040751105,0.03
9601,1.04,1.04,920.12,0.00017062991783680392,0.03
9602,0.55,0.55,85.5,0.007321637426900578,0.03
9603,1.72,1.72,671.0,0.00046646795827123524,0.03
9604,0.73,0.73,592.702,0.0022439607087541462,0.03
9605,1.09,1.09,48.0,0.002666666666666669,0.03
9606,0.48,0.48,134.642,0.0010769299327104437,0.03
9607,1.35,1.35,76.2,0.001246719160104972,0.03
9608,1.3,1.3,48.3,0.006501035196687372,0.03
9609,0.54,0.54,165.373,0.0001,0.03
9610,0.69,0.69,164.53,0.0001,0.03
9611,0.79,0.79,163.725,0.004947320201557493,0.03
9612,0.87,0.87,126.556,0.0010272132494705962,0.03
9613,0.58,0.58,126.148,0.0011098075276659207,0.03
9614,1.18,1.18,668.294,0.0001,0.03
9615,1.42,1.42,336.787,0.00032067746082835904,0.03
9616,0.69,0.69,63.681,0.0012091518663337568,0.03
9617,0.83,0.83,44.3,0.0005191873589164716,0.03
9618,0.7,0.7,76.8,0.004544270833333336,0.03
9619,0.82,0.82,112.698,0.0010559193597046955,0.03
9620,0.62,0.62,82.058,0.021021716346974084,0.03
9621,0.5,0.5,246.372,0.00048706833568750097,0.03
9622,0.67,0.67,278.303,0.0007437936349949542,0.03
9623,0.53,0.53,62.843,0.026876501758350144,0.03
9624,1.02,1.02,53.8,0.0025650557620817828,0.03
9625,1.15,1.15,57.7,0.0025996533795493992,0.03
9626,0.6,0.6,33.9,0.0033628318584071025,0.03
9627,1.13,1.13,246.34,0.01064788503694081,0.03
9628,1.24,1.24,61.6,0.016006493506493517,0.03
9629,1.78,1.78,355.728,0.0017935051500022486,0.03
9630,0.67,0.67,78.268,0.00703991414115603,0.03
9631,0.67,0.67,78.268,0.0008688097306689786,0.03
9632,1.5,1.5,191.171,0.0006538648644407363,0.03
9633,0.81,0.81,221.7,0.0011998195760036085,0.03
9634,1.1,1.14,238.001,0.0014411704152503559,0.03
9635,0.4,0.4,117.891,0.005055517384702819,0.03
9636,1.4,1.4,165.331,0.003532307915635904,0.03
9637,1.4,1.4,165.331,0.000447586961912768,0.03
9638,0.38,0.38,79.583,0.005277509015744568,0.03
9639,1.65,1.65,35.1,0.028034188034188032,0.03
9640,1.72,1.72,38.9,0.009845758354755808,0.03
9641,0.9,0.9,690.369,0.0012167406126288981,0.03
9642,0.42,0.42,30.604,0.002842765651548809,0.03
9643,0.42,0.42,30.604,0.007776761207685255,0.03
9644,0.79,0.79,122.46,0.008811040339702765,0.03
9645,1.12,1.12,313.1,0.002216544235068665,0.03
9646,0.96,0.96,1049.83,0.000552470399969519,0.03
9647,1.09,1.09,83.8,0.00399761336515512,0.03
9648,0.42,0.42,246.366,0.0013516475487689054,0.03
9649,1.44,1.44,153.6,0.007890624999999998,0.03
9650,0.5,0.5,237.747,0.007503775021346216,0.03
9651,0.53,0.53,219.54,0.006654823722328507,0.03
9652,0.87,0.87,50.9,0.010255402750491164,0.03
9653,1.21,1.21,237.19,0.000252961760613856,0.03
9654,1.38,1.38,108.4,0.0018450184501844953,0.03
9655,1.02,1.02,72.5,0.0027586206896551627,0.03
9656,1.23,1.23,586.001,0.0024470948001795237,0.03
9657,1.15,1.15,331.994,0.0037591040801942233,0.03
9658,0.38,0.38,79.583,0.0028146714750637725,0.03
9659,1.38,1.38,480.548,0.0005348060963733064,0.03
9660,1.33,1.33,138.0,0.0008550724637681054,0.03
9661,0.9,0.9,157.004,0.007490255025349674,0.03
9662,0.9,0.9,157.004,0.0013757611271050375,0.03
9663,0.95,0.95,257.838,0.0007834376624081785,0.03
9664,0.73,0.73,592.702,0.0001,0.03
9665,1.52,1.52,46.4,0.011875000000000004,0.03
9666,0.4,0.4,148.905,0.0017930895537423153,0.03
9667,0.67,0.67,84.672,0.0004133597883597691,0.03
9668,1.18,1.18,668.294,0.0017986095939810922,0.03
9669,1.21,1.21,2159.143,0.00028437208651766035,0.03
9670,0.69,0.69,175.475,0.005772902122809517,0.03
9671,0.52,0.52,256.3,0.003698790479906361,0.03
9672,0.62,0.62,81.1,0.013699136868064128,0.03
9673,0.23,0.23,84.392,0.006102474168167606,0.03
9674,1.0,1.0,84.793,0.00016510796881817301,0.03
9675,0.55,0.55,647.052,0.0003013668144136797,0.03
9676,1.04,1.04,920.12,0.0010129113593879044,0.03
9677,0.58,0.58,127.57,0.004452457474327831,0.03
9678,0.76,0.76,247.594,0.0005977527726843126,0.03
9679,0.45,0.45,172.436,0.0006205200770140766,0.03
9680,0.34,0.34,153.589,0.003815377403329656,0.03
9681,0.45,0.45,119.027,0.0007309265964865093,0.03
9682,0.36,0.36,209.7,0.0005388650453028114,0.03
9683,0.53,0.53,71.107,0.0006469123996230944,0.03
9684,0.44,0.44,107.215,0.005904024623420222,0.03
9685,0.45,0.45,145.066,0.006727972095459991,0.03
9686,0.53,0.53,102.516,0.0020679698778727196,0.03
9687,1.62,1.62,347.492,0.001695003050429934,0.03
9688,1.2,1.2,1619.614,0.0017331290048122568,0.03
9689,1.2,1.2,282.104,0.005186030683719483,0.03
9690,1.04,1.04,197.285,0.0012722710799097814,0.03
9691,1.07,1.07,315.242,0.0014972624206165462,0.03
9692,1.16,1.16,243.866,0.003280490105221723,0.03
9693,0.96,0.96,330.573,0.003512083563993434,0.03
9694,0.98,0.98,229.145,0.0005585982674725616,0.03
9695,1.35,1.35,204.397,0.00031800858133924535,0.03
9696,1.59,1.59,223.361,0.0008775032346739044,0.03
9697,1.01,1.01,168.604,0.00224193969300847,0.03
9698,1.14,1.14,159.699,0.003180984226576263,0.03
9699,0.92,0.92,339.418,0.0017029149897766157,0.03
9700,0.8,0.8,78.821,0.04238718108118392,0.03
9701,0.98,0.98,1398.787,0.000633405943864219,0.03
9702,0.97,0.97,1413.05,0.0009900569689678337,0.03
9703,1.15,1.15,150.818,0.00454189818191464,0.03
9704,1.09,1.09,190.521,0.0010812456369639018,0.03
9705,1.46,1.46,154.733,0.003955200248169416,0.03
9706,1.0,1.0,501.985,0.00021713796228971336,0.03
9707,0.94,0.94,549.967,0.0037838633954400958,0.03
9708,1.26,1.26,496.834,0.0005635685158423158,0.03
9709,0.21,0.21,72.612,0.009185809508070315,0.03
9710,0.35,0.35,72.381,0.007847363258313617,0.03
9711,0.52,0.52,190.667,0.0017569899353322854,0.03
9712,0.67,0.67,88.141,0.003993601161774846,0.03
9713,0.45,0.45,187.817,0.0015760021723273151,0.03
9714,0.68,0.68,84.151,0.0008199546054116893,0.03
9715,0.38,0.38,69.75,0.0006594982078853466,0.03
9716,0.45,0.45,55.87,0.005709683193126885,0.03
9717,0.38,0.38,80.17,0.006536110764625183,0.03
9718,0.63,0.63,79.306,0.010415353188913835,0.03
9719,0.33,0.33,53.519,0.014779797828808467,0.03
9720,0.35,0.35,53.804,0.021057913909746536,0.03
9721,0.32,0.32,58.826,0.004419814367796579,0.03
9722,0.41,0.41,58.276,0.0027627153545198334,0.03
9723,0.63,0.63,52.744,0.019717882602760556,0.03
9724,0.59,0.59,51.594,0.009342171570337622,0.03
9725,0.56,0.56,51.894,0.007226268932824604,0.03
9726,0.5,0.5,77.923,0.004055285345790061,0.03
9727,0.49,0.49,98.164,0.004074813577278861,0.03
9728,0.24,0.24,96.767,0.0077092397201525545,0.03
9729,0.33,0.33,81.852,0.000549772760592266,0.03
9730,0.36,0.36,52.622,0.003268594884268948,0.03
9731,0.38,0.38,52.626,0.0008170866111807712,0.03
9732,0.88,0.88,357.029,0.00033610715095972875,0.03
9733,0.88,0.88,136.501,0.004688610339850994,0.03
9734,1.74,1.74,308.012,0.0031816942197057272,0.03
9735,1.18,1.18,830.694,0.0011544563942920013,0.03
9736,1.28,1.28,246.511,0.028688374960955085,0.03
9737,2.88,2.88,1142.223,0.0001,0.03
9738,1.25,1.25,1425.796,0.0007904356583971332,0.03
9739,1.48,1.48,1158.695,0.0022223277048748816,0.03
9740,2.6,2.6,1709.424,0.0017309924278587406,0.03
9741,2.6,2.6,1709.424,0.00011699847433989419,0.03
9742,1.41,1.41,1427.337,0.0001,0.03
9743,1.07,1.07,147.839,0.0011296072078409729,0.03
9744,0.92,0.92,260.726,0.0018256713944907715,0.03
9745,1.61,1.61,260.891,0.002510627043477932,0.03
9746,0.89,0.89,293.265,0.0012309685779073557,0.03
9747,1.97,1.97,1015.59,0.0001,0.03
9748,1.17,1.17,151.346,0.0010703949889656749,0.03
9749,0.5,0.5,1068.174,0.0006721751325158635,0.03
9750,1.25,1.25,1425.796,0.0002644137029420763,0.03
9751,0.66,0.66,882.455,0.0016318112538316395,0.03
9752,1.48,1.48,1158.695,0.00013290814234979864,0.03
9753,2.37,2.37,881.701,0.0009447647218274678,0.03
9754,1.41,1.41,1427.337,0.0006620720964985834,0.03
9755,0.86,0.86,324.695,0.0014444324673924798,0.03
9756,1.48,1.48,321.515,0.00010885961774722842,0.03
9757,0.67,0.67,321.61,0.004940766767202508,0.03
9758,1.69,1.69,326.548,0.0007962076019451958,0.03
9759,1.3,1.3,232.886,0.0068187868742646505,0.03
9760,0.8,0.8,58.2,0.0031786941580755792,0.03
9761,1.15,1.15,272.143,0.0006246715880989102,0.03
9762,1.42,1.42,49.432,0.0003843664023305127,0.03
9763,1.28,1.28,216.375,0.0030826112073945606,0.03
9764,1.14,1.14,290.417,0.001246483504753504,0.03
9765,1.31,1.31,366.268,0.0007917699607937432,0.03
9766,1.36,1.36,40.206,0.0068895189772671,0.03
9767,1.21,1.21,332.957,0.0021594380055082224,0.03
9768,1.66,1.66,188.657,0.0018075131057951601,0.03
9769,1.22,1.22,92.642,0.0071457870080525124,0.03
9770,2.16,2.16,434.233,0.001059339110569673,0.03
9771,1.52,1.52,999.678,0.0003511130584048054,0.03
9772,1.28,1.28,636.594,0.0012268415976273712,0.03
9773,0.95,0.95,412.0,0.0018470873786407792,0.03
9774,1.97,1.97,253.883,0.004435113812267861,0.03
9775,1.17,1.17,234.466,0.0018040995282898162,0.03
9776,1.08,1.08,680.449,0.006169455756419657,0.03
9777,1.35,1.35,166.029,0.0028007155376470368,0.03
9778,0.57,0.57,46.662,0.0034503450345034796,0.03
9779,1.16,1.16,145.561,0.0020403816956465026,0.03
9780,1.08,1.08,101.152,0.0064754033533691805,0.03
9781,0.65,0.65,33.214,0.005028000240862282,0.03
9782,1.67,1.67,235.234,0.0005994031475041873,0.03
9783,1.03,1.03,57.806,0.00041518181503651715,0.03
9784,1.22,1.22,18.982,0.007428089769255085,0.03
9785,0.77,0.77,89.784,0.00104695714158424,0.03
9786,0.42,0.42,22.131,0.0023496452939316516,0.03
9787,1.64,1.64,34.352,0.00483232417326498,0.03
9788,0.94,0.94,154.776,0.0001,0.03
9789,1.33,1.33,109.42,0.0011789435203801986,0.03
9790,0.91,0.91,299.197,0.003292145308943604,0.03
9791,1.6,1.6,1743.033,0.0001,0.03
9792,1.37,1.37,446.281,0.0008044259110291537,0.03
9793,1.16,1.16,517.631,0.0014295898043200663,0.03
9794,1.09,1.09,190.521,0.0009972653933162292,0.03
9795,1.2,1.2,1619.614,0.0015732143584829472,0.03
9796,1.01,1.01,1241.915,0.0014976870397732558,0.03
9797,1.06,1.06,852.955,0.003778628415332578,0.03
9798,1.29,1.29,685.246,0.0001,0.03
9799,1.26,1.26,496.834,0.0031942258380062553,0.03
9800,1.26,1.26,496.834,0.00042267638688173686,0.03
9801,1.45,1.45,654.298,0.001503901891798541,0.03
9802,1.58,1.58,558.871,0.00129010093563631,0.03
9803,1.62,1.62,347.492,0.0013611824157102868,0.03
9804,0.49,0.49,171.87,0.000430557979868494,0.03
9805,1.52,1.52,291.821,0.006147604182015689,0.03
9806,1.09,1.09,323.368,0.005897305855867,0.03
9807,1.09,1.09,323.368,0.0007452809183345281,0.03
9808,1.09,1.09,680.231,0.0011025666281013389,0.03
9809,1.08,1.08,675.093,0.0006576871631019713,0.03
9810,1.71,1.71,295.809,0.0005172256422218407,0.03
9811,1.08,1.08,135.054,0.0004146489552327155,0.03
9812,1.65,1.65,658.706,0.0006558312813303665,0.03
9813,1.65,1.65,342.907,0.0012889792276039864,0.03
9814,0.94,0.94,648.667,0.0006382319433546021,0.03
9815,1.33,1.33,343.132,0.00034097665038527704,0.03
9816,2.29,2.29,651.092,0.0015727424081389435,0.03
9817,2.29,2.29,651.092,0.002216276655219231,0.03
9818,0.82,0.82,260.231,0.0023363857495840253,0.03
9819,0.95,0.95,412.4,0.0020950533462657634,0.03
9820,1.71,1.71,40.071,0.017893239499887668,0.03
9821,2.6,2.6,1709.424,0.0006926309680921756,0.03
9822,0.61,0.61,108.272,0.011988325698241466,0.015
9823,0.61,0.61,117.924,0.0015518469522743446,0.015
9824,0.5,0.5,116.209,0.0005851526129645844,0.015
9825,0.68,0.68,120.368,0.0006313970490495708,0.015
9826,0.51,0.51,122.605,0.000334407242771505,0.015
9827,0.37,0.37,117.099,0.0007941997796736092,0.015
9828,0.45,0.45,124.397,0.0017283375001004835,0.015
9829,0.41,0.41,111.065,0.001260523117093599,0.015
9830,0.36,0.36,129.583,0.0016591682550951888,0.015
9831,0.55,0.55,132.101,0.001059795156736138,0.015
9832,0.5,0.5,127.892,0.007866011947580773,0.015
9833,0.91,0.91,118.317,0.003938571802868559,0.015
9834,0.95,0.95,106.504,0.001737023961541355,0.015
9835,0.68,0.68,77.495,0.008490870378734127,0.015
9836,0.55,0.55,122.455,0.0003593156669797108,0.015
9837,1.26,1.26,245.493,0.0032424549783496856,0.015
9838,0.77,0.77,140.44,0.0038806607804044426,0.015
9839,0.86,0.86,242.971,0.0007037876948277825,0.015
9840,1.08,1.08,172.084,0.002748657632319094,0.015
9841,0.36,0.36,72.3,0.0026002766251728994,0.015
9842,0.76,0.76,64.84,0.012785317705120305,0.015
9843,0.4,0.4,159.343,0.01537124316725555,0.015
9844,0.65,0.65,54.61,0.003314411279985368,0.015
9845,0.58,0.58,559.311,0.0036509205075530423,0.015
9846,0.29,0.29,329.505,0.0017814600688912203,0.015
9847,0.48,0.48,94.905,0.00695432274379643,0.015
9848,0.31,0.31,81.733,0.006802637857413785,0.015
9849,0.43,0.43,84.099,0.006123735121701789,0.015
9850,0.46,0.46,153.781,0.0013005507832567046,0.015
9851,0.75,0.75,85.59,0.005094053043579856,0.015
9852,0.5,0.5,332.431,0.0032608270588483012,0.015
9853,0.4,0.4,95.485,0.013614703880190614,0.015
9854,1.12,1.12,62.023,0.0008706447608145123,0.015
9855,0.59,0.59,180.888,56.33328357878908,0.015
9856,1.12,1.12,62.023,0.004546700417587025,0.015
9857,0.89,0.89,362.724,0.0006340909341537931,0.015
9858,0.9,0.9,150.194,0.0007656763918665208,0.015
9859,1.13,1.13,135.24,0.002329192546583847,0.015
9860,1.32,1.32,77.28,0.006482919254658378,0.015
9861,0.62,0.62,132.995,0.003970074062934687,0.015
9862,0.58,0.58,133.922,0.002105703319842894,0.015
9863,1.26,1.26,142.96,0.0032106883044208142,0.015
9864,0.49,0.49,143.621,0.007436238433098221,0.015
9865,0.95,0.95,55.55,0.006678667866786655,0.015
9866,0.89,0.89,362.724,0.0028561661207970788,0.015
9867,1.31,1.31,493.534,212.44720931080738,0.015
9868,1.32,1.32,721.447,0.00013722421744078247,0.015
9869,1.32,1.32,721.447,0.0006112715140543945,0.015
9870,1.35,1.35,75.24,0.0019271664008506059,0.015
9871,1.16,1.16,408.597,0.002202659344048044,0.015
9872,1.36,1.36,252.275,0.0014587255970666944,0.015
9873,0.86,0.86,143.784,0.0030531908974572976,0.015
9874,0.93,0.93,141.252,0.0008637045847138439,0.015
9875,1.65,1.65,210.38,0.0001,0.015
9876,1.26,1.26,153.752,0.004494250481294556,0.015
9877,0.99,0.99,148.458,0.012535531934958028,0.015
9878,1.45,1.45,99.05,0.004209994952044421,0.015
9879,1.23,1.23,157.74,0.006479016102447055,0.015
9880,1.03,1.03,232.699,0.00048560586852543214,0.015
9881,0.73,0.73,244.319,0.0032989656964869667,0.015
9882,1.68,1.68,189.751,0.004521715300578129,0.015
9883,1.62,1.62,69.84,0.0008447880870561433,0.015
9884,1.13,1.13,182.638,0.02062549962220348,0.015
9885,1.32,1.32,202.755,0.0019925525880989366,0.015
9886,1.42,1.42,35.26,0.002779353374929069,0.015
9887,0.58,0.58,20.82,0.006147934678194049,0.015
9888,0.9,0.9,122.946,0.001024840173734806,0.015
9889,1.04,1.04,166.69,0.005915171875937372,0.015
9890,1.2,1.2,49.137,0.014205181431507834,0.015
9891,1.18,1.18,333.397,0.002690486117151625,0.015
9892,0.96,0.96,226.731,0.0036122100639083277,0.015
9893,0.73,0.73,81.88,0.001099169516365411,0.015
9894,0.73,0.73,228.447,0.00034581325208910094,0.015
9895,0.87,0.87,155.327,0.0009013243029222258,0.015
9896,0.79,0.79,81.749,0.0021651640998666603,0.015
9897,1.28,0.9,932.172,0.00014375029500993415,0.03
9898,0.32,0.2,287.819,0.00039608226003148074,0.03
9899,0.88,0.9,226.863,0.0005245456508994405,0.03
9900,0.88,0.9,226.863,0.00022921322560311554,0.03
9901,1.3,0.9,299.318,0.000982232942890172,0.03
9902,1.48,1.2,695.334,0.0007348986242582716,0.03
9903,0.32,0.2,287.819,0.003849641615042789,0.03
9904,1.15,0.9,224.207,0.000548600177514526,0.03
9905,0.86,0.9,212.196,0.0011216045542800032,0.03
9906,0.64,0.4,232.321,0.0009986182910714026,0.03
9907,0.46,0.4,225.601,0.007792518650183284,0.03
9908,0.63,0.4,218.365,0.0001,0.03
9909,0.62,0.4,214.445,0.0002238336170113551,0.03
9910,0.75,0.4,161.666,0.008622715969962764,0.03
9911,1.42,1.2,695.334,0.0007953012509096335,0.03
9912,1.81,0.9,425.332,0.0026849613948633057,0.03
9913,1.56,0.9,420.047,0.0007284899070818287,0.03
9914,0.83,0.9,448.874,0.005643008951286997,0.03
9915,0.68,0.9,401.267,0.00195630340895214,0.03
9916,1.01,0.9,451.912,0.002389845810688807,0.03
9917,0.75,0.9,420.047,0.00011665361257192526,0.03
9918,1.28,0.9,204.516,0.0004302841831445911,0.03
9919,1.01,0.9,161.278,0.0020089534840461803,0.03
9920,1.81,0.9,95.134,0.0005150629638194493,0.03
9921,1.28,0.9,204.516,0.01150032271313736,0.03
9922,1.73,1.2,175.317,0.0017853374173639784,0.03
9923,1.43,0.9,460.228,0.006159990265694397,0.03
9924,1.19,0.9,411.858,0.006832451961598415,0.03
9925,0.98,0.9,223.014,0.0005111786703973696,0.03
9926,1.09,0.9,134.454,0.0001,0.03
9927,0.93,0.9,407.542,0.006458230071992579,0.03
9928,0.32,0.2,287.819,0.0002883756805492347,0.03
9929,0.32,0.2,287.819,0.002532841820727613,0.03
9930,0.79,1.2,210.155,0.004672741547905118,0.03
9931,0.77,1.2,91.786,0.02216024230274769,0.03
9932,0.87,1.2,136.989,0.00011679769908532812,0.03
9933,1.28,1.2,110.787,0.00031592154314134455,0.03
9934,1.41,1.2,229.614,0.0056616756817964055,0.03
9935,1.45,1.2,122.164,0.001547100618840248,0.03
9936,0.82,1.2,95.9,0.003920750782064645,0.03
9937,0.7,1.2,117.951,0.0007799849089876274,0.03
9938,0.9,2.2,168.196,0.003091631192180554,0.03
9939,1.02,0.9,143.2,0.0028910614525139646,0.03
9940,0.84,1.2,176.868,0.0017187959382138106,0.03
9941,1.17,0.9,388.656,0.003540405911654521,0.03
9942,1.32,1.9,352.872,0.0007226416377610008,0.03
9943,0.96,2.9,164.556,0.012743382192080504,0.03
9944,1.02,1.2,196.512,0.0049208190848396005,0.03
9945,1.41,1.2,191.016,0.0004606943920928048,0.03
9946,1.07,0.9,570.289,0.0005891749621683047,0.03
9947,1.01,1.9,154.527,518.962265494056,0.03
9948,0.87,0.9,535.584,0.0003491515803310054,0.03
9949,0.94,0.9,763.607,0.000699312604520389,0.03
9950,1.26,1.2,203.654,0.0005794141043141815,0.03
9951,0.86,1.2,196.883,0.0004926783927510223,0.03
9952,1.81,0.9,46.591,0.07945740593676891,0.03
9953,0.92,0.9,399.082,0.005502628532482045,0.03
9954,1.3,1.2,262.143,0.0037841941230549775,0.03
9955,1.18,0.9,278.096,0.0010392094816178575,0.03
9956,1.14,0.9,160.554,0.00295227773833103,0.03
9957,0.95,1.2,414.157,0.0015477222405995794,0.03
9958,1.21,0.9,290.468,0.0010465868873679725,0.03
9959,0.85,0.9,105.993,0.0018020057928353661,0.03
9960,0.91,0.9,905.72,0.0004714481296647966,0.03
9961,1.07,1.9,571.487,0.0022135236672050263,0.03
9962,0.85,0.9,382.556,0.0010455985528916038,0.03
9963,1.18,0.9,432.002,0.0003680538516025364,0.03
9964,1.39,0.9,471.201,0.00097622882803729,0.03
9965,1.0,0.9,336.982,0.0008487100201197677,0.03
9966,1.07,0.6,570.289,0.0032474762795705343,0.03
9967,0.44,0.9,311.119,0.005528431243350611,0.03
9968,1.08,0.9,180.799,0.007206898268242628,0.03
9969,0.77,1.2,343.547,0.0010333375054941548,0.03
9970,1.0,2.0,353.0,0.0023626062322946164,0.03
9971,1.0,1.0,106.0,0.002047169811320751,0.03
9972,1.0,1.0,399.0,0.0024536340852130308,0.03
9973,1.47,1.47,751.12,0.003488124400894665,0.015
9974,1.47,1.47,751.12,0.0011848972201512415,0.015
9975,0.55,0.55,447.658,0.0010298040021623656,0.015
9976,1.0,1.0,132.564,0.00010560936604205777,0.015
9977,1.29,1.29,465.177,0.0003117093063500589,0.015
9978,2.11,2.11,294.033,0.0006801957603398294,0.015
9979,0.67,0.67,176.018,0.00038064288879546506,0.015
9980,0.99,0.99,446.005,0.0010986423919014366,0.015
9981,1.09,1.09,621.47,0.0004070992968284875,0.015
9982,1.07,1.07,60.725,0.008069164265129686,0.015
9983,1.03,1.03,821.753,0.0014663773664349263,0.015
9984,1.04,1.04,486.572,0.00560245965653593,0.015
9985,1.15,1.15,216.345,0.00017102313434560093,0.015
9986,0.68,0.68,207.846,0.000553294265946904,0.015
9987,0.97,0.97,81.672,0.0023263786854736176,0.015
9988,1.09,1.09,362.268,0.00046374507270860536,0.015
9989,0.96,0.96,174.283,0.0039533402569384285,0.015
9990,0.67,0.67,176.018,0.0004374552602574734,0.015
9991,1.22,1.22,412.464,0.0001,0.015
9992,1.11,1.11,133.135,0.001382055808014416,0.015
9993,0.88,0.88,132.706,0.0022531008394496067,0.015
9994,1.13,1.13,134.628,0.004070475681136169,0.015
9995,0.96,0.96,140.385,0.0010471204188481694,0.015
9996,1.19,1.19,421.416,0.00033933215634906816,0.015
9997,1.27,1.27,421.434,0.0003796561264634518,0.015
9998,1.47,1.47,315.033,0.0006888167271365182,0.015
9999,1.19,1.19,214.582,0.010480841822706474,0.015
10000,0.99,0.99,409.34,0.0011213172423901925,0.015
10001,0.77,0.77,93.821,0.002238304857121549,0.015
10002,0.73,0.73,279.039,0.001161128014363583,0.015
10003,1.41,1.41,218.528,0.000915214526284958,0.015
10004,1.15,1.15,208.671,0.001547891177978734,0.015
10005,0.85,0.85,66.274,0.0016899538280471995,0.015
10006,1.05,1.05,209.268,0.00020547814285986994,0.015
10007,0.54,0.54,427.394,0.004267724862772992,0.015
10008,0.92,0.92,160.364,0.0009790227233044825,0.015
10009,0.7,0.7,456.463,0.0003680473554263966,0.015
10010,1.64,1.64,692.345,0.0028844001184380615,0.015
10011,0.99,0.99,239.309,0.003744113259426101,0.015
10012,1.08,1.08,407.01,0.000786221468759982,0.015
10013,0.6,0.6,219.882,0.002073839604878978,0.015
10014,0.6,0.6,219.882,0.038657097897963455,0.015
10015,0.99,0.99,295.691,0.003682898701685207,0.015
10016,0.63,0.63,286.749,0.0007393225434090432,0.015
10017,0.69,0.69,286.334,0.0010267729295158818,0.015
10018,0.78,0.78,95.096,0.003428114747202832,0.015
10019,0.66,0.66,278.091,0.002017325264032277,0.015
10020,0.68,0.68,105.609,0.00461134941150849,0.015
10021,0.78,0.78,121.43,0.014881001399983525,0.015
10022,0.96,0.96,242.751,0.002162709937343205,0.015
10023,0.71,0.71,225.652,0.004799425664297237,0.015
10024,0.94,0.94,286.415,0.004235113384424696,0.015
10025,0.98,0.98,158.606,0.0001,0.015
10026,0.89,0.89,102.081,0.0030466002488220133,0.015
10027,0.81,0.81,164.167,0.013431444809249118,0.015
10028,0.97,0.97,43.38,0.0008068234209312671,0.015
10029,1.03,1.03,165.944,0.007713445499686638,0.015
10030,0.62,0.62,60.219,0.010744117305169469,0.015
10031,0.36,0.36,101.141,0.006723287291998314,0.015
10032,0.27,0.27,157.763,0.005267394763030619,0.015
10033,0.62,0.62,380.493,0.009287950106835079,0.015
10034,0.62,0.62,71.26969016,0.01685148339081822,0.015
10035,0.29,0.29,304.197,0.013754244782164186,0.015
10036,0.61,0.61,237.213,0.014484872245618913,0.015
10037,0.37,0.37,242.778,0.015199070755999307,0.015
10038,0.35,0.35,165.748,0.002045273547795451,0.015
10039,0.94,0.94,302.384,0.0002513360495264258,0.015
10040,1.05,1.05,254.12,0.0001692113961907731,0.015
10041,0.57,0.57,157.429,0.00682847505859784,0.015
10042,0.29,0.29,78.197,0.0006138342903180434,0.015
10043,0.33,0.33,54.948,0.006387857610832043,0.015
10044,0.3,0.3,53.134,0.0026348477434410883,0.015
10045,0.81,0.81,194.077,0.00024217192145385903,0.015
10046,1.02,1.02,277.368,0.0020442156268927927,0.015
10047,0.65,0.65,256.181,0.006729616950515457,0.015
10048,0.38,0.38,282.722,0.014049136607692362,0.015
10049,0.35,0.35,293.858,0.010437013795778913,0.015
10050,1.6,1.6,919.352,0.0005590894456095156,0.015
10051,0.98,0.98,410.001,0.00034634061868141653,0.015
10052,0.97,0.97,347.236,0.0008639657178403182,0.015
10053,1.18,1.18,729.829,0.0001,0.015
10054,0.91,0.91,389.965,0.0006333901760414394,0.015
10055,1.62,1.62,630.223,0.003068755027982159,0.015
10056,1.02,1.02,274.244,0.0031395399717040256,0.015
10057,1.08,1.08,179.92,0.0012616718541574052,0.015
10058,0.63,0.63,320.555,0.0011417697431018068,0.015
10059,0.93,0.93,428.799,0.0027355474243176874,0.015
10060,1.04,1.04,427.649,0.00012393341268189344,0.015
10061,0.93,0.93,319.011,0.0004169135233581259,0.015
10062,1.05,1.05,1059.072,0.0013757327169446466,0.015
10063,0.59,0.59,311.644,0.001556262915377801,0.015
10064,1.14,1.14,461.75,0.0012084461288576066,0.015
10065,0.64,0.64,245.977,0.008240607861710651,0.015
10066,0.87,0.87,94.91,0.0010009482667790606,0.015
10067,0.58,0.58,352.306,0.00015327584542982597,0.015
10068,0.62,0.62,171.584,0.0001,0.015
10069,0.75,0.75,122.998,0.003211434332265576,0.015
10070,0.68,0.68,103.927,0.006543054259239673,0.015
10071,1.03,1.03,288.057,0.0007880384784955735,0.015
10072,0.86,0.86,151.721,0.0005668299048912051,0.015
10073,1.37,1.37,341.044,0.0003049459893738028,0.015
10074,1.09,1.09,267.168,0.0011827763804048415,0.015
10075,1.28,1.28,187.192,0.003739476045984867,0.015
10076,0.86,0.86,158.308,0.002255097657730507,0.015
10077,0.93,0.93,214.543,0.013507781656824038,0.015
10078,0.96,0.96,231.055,0.0036268420938737494,0.015
10079,0.9,0.9,282.599,0.0011677323698951522,0.015
10080,0.96,0.96,150.048,0.0006997760716570608,0.015
10081,0.83,0.83,33.509,0.0030439583395505247,0.015
10082,1.0,1.0,138.069,0.0006083914564456876,0.015
10083,0.58,0.58,396.628,0.0007967163185655091,0.015
10084,0.59,0.59,320.121,0.0001,0.015
10085,0.75,0.75,158.984,0.00035852664419061276,0.015
10086,0.84,0.84,40.771,0.0020602879497682086,0.015
10087,0.73,0.73,95.05,0.0009258285113098284,0.015
10088,0.87,0.87,157.439,0.001422773264565949,0.015
10089,0.47,0.47,157.998,0.00025316776161723027,0.015
10090,0.81,0.81,137.427,0.0005530208765380931,0.015
10091,1.4,1.4,652.432,0.003978958726733208,0.015
10092,1.1,1.1,542.738,0.008081247305329645,0.015
10093,0.75,0.75,533.644,0.0006464984146734539,0.015
10094,1.38,1.38,265.296,0.00022616247512212293,0.015
10095,1.3,1.3,242.968,0.00022225148990813717,0.015
10096,0.93,0.93,128.872,0.0011406667080514016,0.015
10097,0.55,0.55,61.609,0.001850379003067746,0.015
10098,1.05,1.05,347.492,0.01169235550746492,0.015
10099,1.18,1.18,536.733,0.013714453927744338,0.015
10100,1.15,1.15,499.972,0.0004080228492795609,0.015
10101,1.21,1.21,196.802,0.02644282070304163,0.015
10102,1.2,1.2,205.98,0.003005146130692299,0.015
10103,0.73,0.73,179.794,0.0005506301656340044,0.015
10104,0.66,0.66,59.34,0.004078193461408815,0.015
10105,0.75,0.75,172.406,0.0017980812732735444,0.015
10106,0.89,0.89,283.521,0.0015660215645401957,0.015
10107,0.75,0.75,281.284,0.0022468394931812676,0.015
10108,0.84,0.84,328.38,0.0011206529021255873,0.015
10109,1.23,1.23,66.141,0.003507657882402735,0.03
10110,0.75,0.75,140.682,0.0001,0.015
10111,1.08,1.08,391.46,0.0005287896592244438,0.015
10112,0.9,0.9,164.383,0.00045625155885948844,0.015
10113,1.06,1.06,160.711,0.00016800343473688325,0.015
10114,0.49,0.49,180.58,0.014398050725440245,0.015
10115,1.05,1.05,115.935,0.0032259455729503495,0.015
10116,0.69,0.69,112.524,0.0011019871316341452,0.015
10117,0.69,0.69,43.611,0.001352869688839955,0.015
10118,0.98,0.98,173.013,0.003976579794581913,0.015
10119,0.96,0.96,315.797,0.0033882525799801776,0.015
10120,1.35,1.35,372.399,0.000878090435258956,0.015
10121,0.75,0.75,219.849,0.0001,0.015
10122,0.97,0.97,426.813,0.00014291973299782328,0.015
10123,0.74,0.74,171.234,0.0010044734106544296,0.015
10124,1.02,1.02,82.976,0.004266293868106452,0.015
10125,0.97,0.97,46.571,0.006398831891091024,0.015
10126,0.82,0.82,173.014,0.005236570450946159,0.015
10127,1.04,1.04,162.164,0.001005155274906886,0.015
10128,0.88,0.88,83.962,0.004442485886472465,0.015
10129,1.21,1.21,173.054,0.021467287667433287,0.015
10130,0.91,0.91,179.258,0.013985428823260326,0.015
10131,1.17,1.17,89.697,0.00013378373858657987,0.015
10132,1.08,1.08,441.3,0.000382959438024017,0.015
10133,1.24,1.24,251.457,0.0001,0.015
10134,0.79,0.79,150.217,0.013806692984149594,0.015
10135,0.92,0.92,149.581,0.0025471149410687143,0.015
10136,0.69,0.69,76.64,0.007959290187891432,0.015
10137,0.72,0.72,78.325,0.0019150973507820026,0.015
10138,0.89,0.89,155.513,0.0001,0.015
10139,0.65,0.65,56.703,0.01042272895613989,0.015
10140,0.66,0.66,76.499,0.0031372959123648703,0.015
10141,0.98,0.98,705.617,0.0023086178479260005,0.015
10142,1.08,1.08,842.934,0.0010961712304877957,0.015
10143,0.76,0.76,135.111,0.0034194107067522243,0.015
10144,0.99,0.99,76.362,0.007713260522249281,0.015
10145,0.82,0.82,99.76,0.013001202886928626,0.015
10146,1.32,1.32,1202.767,0.00117146546255426,0.015
10147,0.86,0.86,65.106,0.00043006788928823123,0.015
10148,1.27,1.27,211.959,0.0014767006826792003,0.015
10149,0.95,0.95,133.427,0.0013040838810735487,0.015
10150,0.81,0.81,481.648,0.00044846028635019803,0.015
10151,1.01,1.01,138.229,0.007067981393195345,0.015
10152,0.97,0.97,146.597,0.0028240687053623236,0.015
10153,1.31,1.31,145.952,0.0016032668274501205,0.015
10154,0.7,0.7,158.583,0.00373936676692962,0.015
10155,0.97,0.97,203.493,0.006555508051874023,0.015
10156,0.82,0.82,204.766,0.0004639442094879064,0.015
10157,0.62,0.62,140.452,0.001787087403525762,0.015
10158,1.23,1.23,151.485,0.004172030234016567,0.015
10159,1.13,1.13,197.58,0.0007288187063467968,0.015
10160,0.76,0.76,214.741,0.0032038595331119798,0.015
10161,1.06,1.06,148.39,0.0010041107891367346,0.015
10162,0.88,0.88,217.89,0.0001,0.015
10163,1.1,1.1,157.705,0.002682223138137662,0.015
10164,0.86,0.86,200.908,0.0026529555816592687,0.015
10165,0.88,0.88,200.197,0.002032997497464997,0.015
10166,0.87,0.87,54.658,0.005269128032492961,0.015
10167,0.99,0.99,64.968,0.0027244181751015957,0.015
10168,0.8,0.8,158.73,0.007024507024507021,0.015
10169,0.64,0.64,100.052,0.0001,0.015
10170,0.77,0.77,226.295,0.015515146158775056,0.015
10171,1.01,1.01,267.728,0.00016808103747086568,0.015
10172,1.04,1.04,403.961,0.0016115417082342102,0.015
10173,0.85,0.85,175.874,0.00242218861230199,0.015
10174,0.88,0.88,281.022,0.0029214794571243525,0.015
10175,0.82,0.82,127.181,0.030798625580865064,0.015
10176,1.0,1.0,133.454,0.0059945749097067205,0.015
10177,0.89,0.89,392.837,0.0025964967658341745,0.015
10178,0.98,0.98,512.772,0.00273220846692097,0.015
10179,0.98,0.98,247.468,0.006513973523849549,0.015
10180,0.88,0.88,108.497,0.018065015622551767,0.015
10181,0.95,0.95,215.954,0.00029172879409504156,0.015
10182,0.65,0.65,164.827,0.007128686440935045,0.015
10183,1.29,1.29,231.804,0.003248434021846043,0.015
10184,0.99,0.99,168.095,0.0035218180195722686,0.015
10185,0.91,0.91,131.112,0.0038287876014399956,0.015
10186,0.97,0.97,50.815,0.017278362688182627,0.015
10187,0.98,0.98,113.749,0.005389058365348263,0.015
10188,0.94,0.94,822.944,0.0010948497103083572,0.015
10189,0.79,0.79,800.535,0.0019412018212820181,0.015
10190,0.89,0.89,283.208,0.00037781418603993993,0.015
10191,1.01,1.01,839.713,0.001067031235672188,0.015
10192,0.79,0.79,157.591,0.001002595325875211,0.015
10193,0.97,0.97,90.902,0.002992233394204741,0.015
10194,0.83,0.83,147.736,0.0013402285157307597,0.015
10195,0.59,0.59,45.668,0.0023429972847507953,0.015
10196,0.98,0.98,207.387,0.0010463529536566883,0.015
10197,0.99,0.99,392.994,0.001221392693018215,0.015
10198,0.93,0.93,199.584,0.0008868446368446349,0.015
10199,0.88,0.88,38.389,0.013962332959962477,0.015
10200,0.98,0.98,187.641,0.00010125718792801215,0.015
10201,0.91,0.91,128.012,0.004976095991000847,0.015
10202,0.62,0.62,48.897,0.04384727079370923,0.015
10203,0.66,0.66,119.153,0.0021317130076456284,0.015
10204,0.77,0.77,165.623,0.0032724923470773977,0.015
10205,1.15,1.15,316.286,0.0005374882226845321,0.015
10206,0.66,0.66,287.326,0.004253008777486199,0.015
10207,1.39,1.39,279.074,0.00736005503916524,0.015
10208,1.49,1.49,389.404,0.0005238775153824812,0.015
10209,4.47,4.47,295.046,0.01709225002203046,0.015
10210,2.0,2.0,215.395,0.00032962696441421447,0.015
10211,1.22,1.22,857.18215406,0.001202778190279302,0.03
10212,1.42,1.42,1475.77015005,0.0011106065534287092,0.03
10213,0.71,0.71,201.24476162,0.005818784998792355,0.03
10214,1.28,1.28,292.2704654,0.0008314216753561865,0.03
10215,1.17,1.17,472.40504003,0.003954233849582497,0.03
10216,1.29,1.29,314.03804909,0.0007737915857780631,0.03
10217,1.02,1.02,299.82824274,0.0016776271488079366,0.03
10218,1.0,1.0,130.31017104,0.0010666857305968297,0.03
10219,0.48,0.48,137.29942949,0.0007283351458301798,0.03
10220,1.49,1.49,715.94963197,0.001385572330375283,0.03
10221,0.88,0.88,245.98764488,0.0010325721851758376,0.03
10222,1.02,1.02,1090.6359774,0.0013945991435437117,0.03
10223,0.44,0.44,140.10282623,0.01978546810647019,0.03
10224,1.12,1.12,69.41208624,0.07543354887642979,0.03
10225,0.64,0.64,133.92955989,0.0181438660889786,0.03
10226,0.87,0.87,259.5886299,0.00043145187076624,0.03
10227,1.33,1.33,14.91381799,0.0015421939583426937,0.03
10228,1.27,1.27,660.26127889,0.0021733820320532105,0.03
10229,1.21,1.21,773.38677524,0.0013705949389567164,0.03
10230,0.72,0.72,193.23886518,0.00839893154251445,0.03
10231,1.21,1.21,63.33122022,0.00462647015140679,0.03
10232,0.79,0.79,140.22089236,0.0012765572732231633,0.03
10233,1.13,1.13,976.29735284,0.0013766297697011785,0.03
10234,1.16,1.16,111.0595917,0.00288133600260661,0.03
10235,0.87,0.87,58.87111777,0.004807111037124096,0.03
10236,1.09,1.09,537.05632798,0.00041150245977220875,0.03
10237,1.07,1.07,62.62105049,0.0013573710331412226,0.03
10238,0.83,0.83,1041.91770172,0.0014722851886167874,0.03
10239,1.07,1.07,243.98008627,0.0013361746238552948,0.03
10240,0.88,0.88,273.96136839,0.00045626870947021697,0.03
10241,0.78,0.78,565.28694807,0.00128784151568603,0.03
10242,0.69,0.69,104.57359943,0.013215572644844159,0.03
10243,0.88,0.88,262.77731369,0.003927279663180729,0.03
10244,0.81,0.81,103.15680435,0.0013474632223812216,0.03
10245,0.9,0.9,203.93731189,0.0020104217134192027,0.03
10246,1.25,1.25,385.02170794,0.004888036080015735,0.03
10247,0.73,0.73,66.31202084,0.0001,0.03
10248,1.26,1.26,160.66867796,0.0030373063760535317,0.03
10249,0.78,0.78,251.53570941,0.0013437455890172015,0.03
10250,0.56,0.56,57.08729598,0.014171279022979573,0.03
10251,0.9,0.9,63.53504139,0.00250255601509729,0.03
10252,0.92,0.92,55.99154437,0.006626000482293903,0.03
10253,1.09,1.09,90.74765615,0.005575901587624644,0.03
10254,1.06,1.06,515.25225721,0.0004599688728843484,0.03
10255,1.08,1.08,291.75417232,0.0011208065934403908,0.03
10256,0.6,0.6,55.84120325,0.0017370685865369727,0.03
10257,0.64,0.64,299.04298529,0.007102657826734267,0.03
